#
# TABLE STRUCTURE FOR: communities
#

DROP DATABASE IF EXISTS vk;
CREATE DATABASE vk;
USE vk;

DROP TABLE IF EXISTS `communities`;

CREATE TABLE `communities` (
  `id` bigint(20) unsigned NOT NULL AUTO_INCREMENT,
  `name` varchar(150) COLLATE utf8_unicode_ci DEFAULT NULL,
  PRIMARY KEY (`id`),
  KEY `communities_name_idx` (`name`)
) ENGINE=InnoDB AUTO_INCREMENT=111 DEFAULT CHARSET=utf8 COLLATE=utf8_unicode_ci;

INSERT INTO `communities` (`id`, `name`) VALUES ('22', 'ad');
INSERT INTO `communities` (`id`, `name`) VALUES ('53', 'aliquid');
INSERT INTO `communities` (`id`, `name`) VALUES ('47', 'amet');
INSERT INTO `communities` (`id`, `name`) VALUES ('6', 'architecto');
INSERT INTO `communities` (`id`, `name`) VALUES ('9', 'asperiores');
INSERT INTO `communities` (`id`, `name`) VALUES ('67', 'atque');
INSERT INTO `communities` (`id`, `name`) VALUES ('1', 'aut');
INSERT INTO `communities` (`id`, `name`) VALUES ('5', 'aut');
INSERT INTO `communities` (`id`, `name`) VALUES ('15', 'aut');
INSERT INTO `communities` (`id`, `name`) VALUES ('59', 'autem');
INSERT INTO `communities` (`id`, `name`) VALUES ('4', 'consectetur');
INSERT INTO `communities` (`id`, `name`) VALUES ('51', 'consequatur');
INSERT INTO `communities` (`id`, `name`) VALUES ('69', 'consequatur');
INSERT INTO `communities` (`id`, `name`) VALUES ('109', 'consequatur');
INSERT INTO `communities` (`id`, `name`) VALUES ('80', 'corporis');
INSERT INTO `communities` (`id`, `name`) VALUES ('71', 'corrupti');
INSERT INTO `communities` (`id`, `name`) VALUES ('30', 'cum');
INSERT INTO `communities` (`id`, `name`) VALUES ('28', 'cumque');
INSERT INTO `communities` (`id`, `name`) VALUES ('46', 'cupiditate');
INSERT INTO `communities` (`id`, `name`) VALUES ('91', 'cupiditate');
INSERT INTO `communities` (`id`, `name`) VALUES ('32', 'deserunt');
INSERT INTO `communities` (`id`, `name`) VALUES ('102', 'dolore');
INSERT INTO `communities` (`id`, `name`) VALUES ('77', 'dolorem');
INSERT INTO `communities` (`id`, `name`) VALUES ('84', 'dolorem');
INSERT INTO `communities` (`id`, `name`) VALUES ('90', 'dolorem');
INSERT INTO `communities` (`id`, `name`) VALUES ('85', 'ducimus');
INSERT INTO `communities` (`id`, `name`) VALUES ('99', 'eaque');
INSERT INTO `communities` (`id`, `name`) VALUES ('37', 'earum');
INSERT INTO `communities` (`id`, `name`) VALUES ('24', 'eligendi');
INSERT INTO `communities` (`id`, `name`) VALUES ('79', 'eligendi');
INSERT INTO `communities` (`id`, `name`) VALUES ('10', 'enim');
INSERT INTO `communities` (`id`, `name`) VALUES ('39', 'enim');
INSERT INTO `communities` (`id`, `name`) VALUES ('62', 'enim');
INSERT INTO `communities` (`id`, `name`) VALUES ('75', 'eos');
INSERT INTO `communities` (`id`, `name`) VALUES ('41', 'est');
INSERT INTO `communities` (`id`, `name`) VALUES ('55', 'et');
INSERT INTO `communities` (`id`, `name`) VALUES ('103', 'eum');
INSERT INTO `communities` (`id`, `name`) VALUES ('92', 'ex');
INSERT INTO `communities` (`id`, `name`) VALUES ('63', 'excepturi');
INSERT INTO `communities` (`id`, `name`) VALUES ('16', 'expedita');
INSERT INTO `communities` (`id`, `name`) VALUES ('60', 'facere');
INSERT INTO `communities` (`id`, `name`) VALUES ('21', 'facilis');
INSERT INTO `communities` (`id`, `name`) VALUES ('74', 'hic');
INSERT INTO `communities` (`id`, `name`) VALUES ('14', 'in');
INSERT INTO `communities` (`id`, `name`) VALUES ('73', 'inventore');
INSERT INTO `communities` (`id`, `name`) VALUES ('2', 'ipsum');
INSERT INTO `communities` (`id`, `name`) VALUES ('38', 'ipsum');
INSERT INTO `communities` (`id`, `name`) VALUES ('58', 'iusto');
INSERT INTO `communities` (`id`, `name`) VALUES ('76', 'labore');
INSERT INTO `communities` (`id`, `name`) VALUES ('89', 'laudantium');
INSERT INTO `communities` (`id`, `name`) VALUES ('48', 'magnam');
INSERT INTO `communities` (`id`, `name`) VALUES ('100', 'magni');
INSERT INTO `communities` (`id`, `name`) VALUES ('44', 'minima');
INSERT INTO `communities` (`id`, `name`) VALUES ('105', 'minima');
INSERT INTO `communities` (`id`, `name`) VALUES ('72', 'minus');
INSERT INTO `communities` (`id`, `name`) VALUES ('98', 'molestiae');
INSERT INTO `communities` (`id`, `name`) VALUES ('88', 'mollitia');
INSERT INTO `communities` (`id`, `name`) VALUES ('57', 'necessitatibus');
INSERT INTO `communities` (`id`, `name`) VALUES ('66', 'neque');
INSERT INTO `communities` (`id`, `name`) VALUES ('81', 'numquam');
INSERT INTO `communities` (`id`, `name`) VALUES ('101', 'numquam');
INSERT INTO `communities` (`id`, `name`) VALUES ('13', 'officia');
INSERT INTO `communities` (`id`, `name`) VALUES ('35', 'officia');
INSERT INTO `communities` (`id`, `name`) VALUES ('106', 'omnis');
INSERT INTO `communities` (`id`, `name`) VALUES ('49', 'optio');
INSERT INTO `communities` (`id`, `name`) VALUES ('7', 'perferendis');
INSERT INTO `communities` (`id`, `name`) VALUES ('36', 'perferendis');
INSERT INTO `communities` (`id`, `name`) VALUES ('86', 'quas');
INSERT INTO `communities` (`id`, `name`) VALUES ('31', 'qui');
INSERT INTO `communities` (`id`, `name`) VALUES ('64', 'qui');
INSERT INTO `communities` (`id`, `name`) VALUES ('97', 'qui');
INSERT INTO `communities` (`id`, `name`) VALUES ('29', 'quia');
INSERT INTO `communities` (`id`, `name`) VALUES ('96', 'quia');
INSERT INTO `communities` (`id`, `name`) VALUES ('108', 'quia');
INSERT INTO `communities` (`id`, `name`) VALUES ('50', 'quibusdam');
INSERT INTO `communities` (`id`, `name`) VALUES ('3', 'quidem');
INSERT INTO `communities` (`id`, `name`) VALUES ('78', 'quis');
INSERT INTO `communities` (`id`, `name`) VALUES ('52', 'quos');
INSERT INTO `communities` (`id`, `name`) VALUES ('40', 'reiciendis');
INSERT INTO `communities` (`id`, `name`) VALUES ('18', 'repellendus');
INSERT INTO `communities` (`id`, `name`) VALUES ('54', 'rerum');
INSERT INTO `communities` (`id`, `name`) VALUES ('95', 'rerum');
INSERT INTO `communities` (`id`, `name`) VALUES ('104', 'rerum');
INSERT INTO `communities` (`id`, `name`) VALUES ('23', 'saepe');
INSERT INTO `communities` (`id`, `name`) VALUES ('20', 'sed');
INSERT INTO `communities` (`id`, `name`) VALUES ('107', 'sed');
INSERT INTO `communities` (`id`, `name`) VALUES ('45', 'similique');
INSERT INTO `communities` (`id`, `name`) VALUES ('19', 'sint');
INSERT INTO `communities` (`id`, `name`) VALUES ('42', 'sit');
INSERT INTO `communities` (`id`, `name`) VALUES ('94', 'soluta');
INSERT INTO `communities` (`id`, `name`) VALUES ('83', 'sunt');
INSERT INTO `communities` (`id`, `name`) VALUES ('65', 'suscipit');
INSERT INTO `communities` (`id`, `name`) VALUES ('33', 'temporibus');
INSERT INTO `communities` (`id`, `name`) VALUES ('11', 'totam');
INSERT INTO `communities` (`id`, `name`) VALUES ('26', 'unde');
INSERT INTO `communities` (`id`, `name`) VALUES ('8', 'ut');
INSERT INTO `communities` (`id`, `name`) VALUES ('34', 'ut');
INSERT INTO `communities` (`id`, `name`) VALUES ('68', 'ut');
INSERT INTO `communities` (`id`, `name`) VALUES ('87', 'ut');
INSERT INTO `communities` (`id`, `name`) VALUES ('43', 'vel');
INSERT INTO `communities` (`id`, `name`) VALUES ('61', 'vel');
INSERT INTO `communities` (`id`, `name`) VALUES ('12', 'velit');
INSERT INTO `communities` (`id`, `name`) VALUES ('56', 'vero');
INSERT INTO `communities` (`id`, `name`) VALUES ('70', 'vero');
INSERT INTO `communities` (`id`, `name`) VALUES ('17', 'voluptas');
INSERT INTO `communities` (`id`, `name`) VALUES ('27', 'voluptatem');
INSERT INTO `communities` (`id`, `name`) VALUES ('82', 'voluptatem');
INSERT INTO `communities` (`id`, `name`) VALUES ('93', 'voluptatem');
INSERT INTO `communities` (`id`, `name`) VALUES ('25', 'voluptates');
INSERT INTO `communities` (`id`, `name`) VALUES ('110', 'voluptates');


#
# TABLE STRUCTURE FOR: friend_requests
#

DROP TABLE IF EXISTS `friend_requests`;

CREATE TABLE `friend_requests` (
  `initiator_user_id` bigint(20) unsigned NOT NULL,
  `target_user_id` bigint(20) unsigned NOT NULL,
  `status` enum('requested','approved','unfriended','declined') COLLATE utf8_unicode_ci DEFAULT NULL,
  `requested_at` datetime DEFAULT current_timestamp(),
  `confirmed_at` datetime DEFAULT NULL,
  PRIMARY KEY (`initiator_user_id`,`target_user_id`),
  KEY `initiator_user_id` (`initiator_user_id`),
  KEY `target_user_id` (`target_user_id`),
  CONSTRAINT `friend_requests_ibfk_1` FOREIGN KEY (`initiator_user_id`) REFERENCES `users` (`id`),
  CONSTRAINT `friend_requests_ibfk_2` FOREIGN KEY (`target_user_id`) REFERENCES `users` (`id`)
) ENGINE=InnoDB DEFAULT CHARSET=utf8 COLLATE=utf8_unicode_ci;

INSERT INTO `friend_requests` (`initiator_user_id`, `target_user_id`, `status`, `requested_at`, `confirmed_at`) VALUES ('1', '1', 'requested', '2013-08-27 02:53:24', '2016-11-07 07:35:42');
INSERT INTO `friend_requests` (`initiator_user_id`, `target_user_id`, `status`, `requested_at`, `confirmed_at`) VALUES ('2', '2', 'declined', '1980-08-06 15:49:43', '2015-12-20 21:29:25');
INSERT INTO `friend_requests` (`initiator_user_id`, `target_user_id`, `status`, `requested_at`, `confirmed_at`) VALUES ('3', '3', 'declined', '1999-05-12 01:53:16', '2005-11-15 13:57:09');
INSERT INTO `friend_requests` (`initiator_user_id`, `target_user_id`, `status`, `requested_at`, `confirmed_at`) VALUES ('4', '4', 'approved', '1980-07-16 03:21:10', '2018-07-27 13:14:03');
INSERT INTO `friend_requests` (`initiator_user_id`, `target_user_id`, `status`, `requested_at`, `confirmed_at`) VALUES ('5', '5', 'unfriended', '2003-01-19 20:23:11', '1987-07-07 08:16:12');
INSERT INTO `friend_requests` (`initiator_user_id`, `target_user_id`, `status`, `requested_at`, `confirmed_at`) VALUES ('6', '6', 'requested', '1974-05-03 03:00:41', '2011-09-23 10:14:13');
INSERT INTO `friend_requests` (`initiator_user_id`, `target_user_id`, `status`, `requested_at`, `confirmed_at`) VALUES ('7', '7', 'approved', '2010-11-21 23:50:28', '2011-06-21 18:18:46');
INSERT INTO `friend_requests` (`initiator_user_id`, `target_user_id`, `status`, `requested_at`, `confirmed_at`) VALUES ('8', '8', 'declined', '2007-10-31 13:43:35', '1972-06-24 12:51:26');
INSERT INTO `friend_requests` (`initiator_user_id`, `target_user_id`, `status`, `requested_at`, `confirmed_at`) VALUES ('9', '9', 'requested', '1977-05-09 22:50:34', '1995-06-02 22:41:46');
INSERT INTO `friend_requests` (`initiator_user_id`, `target_user_id`, `status`, `requested_at`, `confirmed_at`) VALUES ('10', '10', 'declined', '2019-11-27 03:13:42', '1990-12-30 07:40:33');
INSERT INTO `friend_requests` (`initiator_user_id`, `target_user_id`, `status`, `requested_at`, `confirmed_at`) VALUES ('11', '11', 'approved', '1994-09-17 11:57:20', '1992-08-19 11:45:29');
INSERT INTO `friend_requests` (`initiator_user_id`, `target_user_id`, `status`, `requested_at`, `confirmed_at`) VALUES ('12', '12', 'requested', '2008-06-08 10:04:38', '2000-10-19 04:23:12');
INSERT INTO `friend_requests` (`initiator_user_id`, `target_user_id`, `status`, `requested_at`, `confirmed_at`) VALUES ('13', '13', 'approved', '1970-07-29 22:32:18', '1978-03-10 17:23:21');
INSERT INTO `friend_requests` (`initiator_user_id`, `target_user_id`, `status`, `requested_at`, `confirmed_at`) VALUES ('14', '14', 'declined', '1985-09-03 11:54:40', '1972-04-18 19:08:22');
INSERT INTO `friend_requests` (`initiator_user_id`, `target_user_id`, `status`, `requested_at`, `confirmed_at`) VALUES ('15', '15', 'declined', '1988-04-07 14:39:58', '1998-07-27 21:59:09');
INSERT INTO `friend_requests` (`initiator_user_id`, `target_user_id`, `status`, `requested_at`, `confirmed_at`) VALUES ('16', '16', 'approved', '1990-07-08 08:42:04', '2002-05-20 06:53:38');
INSERT INTO `friend_requests` (`initiator_user_id`, `target_user_id`, `status`, `requested_at`, `confirmed_at`) VALUES ('17', '17', 'requested', '2016-06-30 09:38:43', '1972-02-16 15:16:27');
INSERT INTO `friend_requests` (`initiator_user_id`, `target_user_id`, `status`, `requested_at`, `confirmed_at`) VALUES ('18', '18', 'unfriended', '2004-05-11 02:06:17', '1978-02-12 09:47:04');
INSERT INTO `friend_requests` (`initiator_user_id`, `target_user_id`, `status`, `requested_at`, `confirmed_at`) VALUES ('19', '19', 'requested', '1972-09-17 05:16:55', '2005-03-04 16:27:40');
INSERT INTO `friend_requests` (`initiator_user_id`, `target_user_id`, `status`, `requested_at`, `confirmed_at`) VALUES ('20', '20', 'requested', '2009-02-13 21:19:33', '2011-02-10 23:17:20');
INSERT INTO `friend_requests` (`initiator_user_id`, `target_user_id`, `status`, `requested_at`, `confirmed_at`) VALUES ('21', '21', 'declined', '2014-08-05 10:05:29', '1994-04-23 02:08:52');
INSERT INTO `friend_requests` (`initiator_user_id`, `target_user_id`, `status`, `requested_at`, `confirmed_at`) VALUES ('22', '22', 'requested', '2011-04-15 09:15:06', '1988-04-27 20:55:16');
INSERT INTO `friend_requests` (`initiator_user_id`, `target_user_id`, `status`, `requested_at`, `confirmed_at`) VALUES ('23', '23', 'approved', '2017-10-21 22:08:09', '2005-10-09 05:58:16');
INSERT INTO `friend_requests` (`initiator_user_id`, `target_user_id`, `status`, `requested_at`, `confirmed_at`) VALUES ('24', '24', 'unfriended', '1979-03-13 18:58:24', '2019-04-16 10:15:45');
INSERT INTO `friend_requests` (`initiator_user_id`, `target_user_id`, `status`, `requested_at`, `confirmed_at`) VALUES ('25', '25', 'approved', '2010-04-26 13:26:20', '1975-01-11 23:21:19');
INSERT INTO `friend_requests` (`initiator_user_id`, `target_user_id`, `status`, `requested_at`, `confirmed_at`) VALUES ('26', '26', 'approved', '2018-03-17 06:55:08', '2001-09-30 05:40:37');
INSERT INTO `friend_requests` (`initiator_user_id`, `target_user_id`, `status`, `requested_at`, `confirmed_at`) VALUES ('27', '27', 'requested', '2017-10-25 00:23:04', '1987-04-01 15:11:24');
INSERT INTO `friend_requests` (`initiator_user_id`, `target_user_id`, `status`, `requested_at`, `confirmed_at`) VALUES ('28', '28', 'requested', '2003-02-01 17:26:31', '2000-09-29 02:07:50');
INSERT INTO `friend_requests` (`initiator_user_id`, `target_user_id`, `status`, `requested_at`, `confirmed_at`) VALUES ('29', '29', 'approved', '1973-07-07 09:06:01', '1986-11-04 20:13:03');
INSERT INTO `friend_requests` (`initiator_user_id`, `target_user_id`, `status`, `requested_at`, `confirmed_at`) VALUES ('30', '30', 'declined', '2006-07-18 16:46:59', '2007-12-24 16:33:16');
INSERT INTO `friend_requests` (`initiator_user_id`, `target_user_id`, `status`, `requested_at`, `confirmed_at`) VALUES ('31', '31', 'declined', '2017-04-13 18:35:04', '1971-03-26 13:34:47');
INSERT INTO `friend_requests` (`initiator_user_id`, `target_user_id`, `status`, `requested_at`, `confirmed_at`) VALUES ('32', '32', 'declined', '1981-08-28 13:16:17', '1980-03-25 06:01:31');
INSERT INTO `friend_requests` (`initiator_user_id`, `target_user_id`, `status`, `requested_at`, `confirmed_at`) VALUES ('33', '33', 'requested', '1981-04-06 10:29:10', '2014-01-11 09:25:16');
INSERT INTO `friend_requests` (`initiator_user_id`, `target_user_id`, `status`, `requested_at`, `confirmed_at`) VALUES ('34', '34', 'declined', '1990-04-04 03:00:28', '2000-01-27 16:46:08');
INSERT INTO `friend_requests` (`initiator_user_id`, `target_user_id`, `status`, `requested_at`, `confirmed_at`) VALUES ('35', '35', 'unfriended', '1991-10-12 04:18:50', '1978-09-03 08:11:14');
INSERT INTO `friend_requests` (`initiator_user_id`, `target_user_id`, `status`, `requested_at`, `confirmed_at`) VALUES ('36', '36', 'requested', '1996-06-01 17:26:24', '1998-09-26 15:55:38');
INSERT INTO `friend_requests` (`initiator_user_id`, `target_user_id`, `status`, `requested_at`, `confirmed_at`) VALUES ('37', '37', 'approved', '2014-02-27 16:20:09', '1992-02-17 04:39:08');
INSERT INTO `friend_requests` (`initiator_user_id`, `target_user_id`, `status`, `requested_at`, `confirmed_at`) VALUES ('38', '38', 'requested', '1989-05-16 02:29:32', '1989-06-15 18:58:54');
INSERT INTO `friend_requests` (`initiator_user_id`, `target_user_id`, `status`, `requested_at`, `confirmed_at`) VALUES ('39', '39', 'requested', '1992-11-04 21:02:34', '1995-08-23 22:54:20');
INSERT INTO `friend_requests` (`initiator_user_id`, `target_user_id`, `status`, `requested_at`, `confirmed_at`) VALUES ('40', '40', 'unfriended', '1988-05-09 06:09:16', '2008-08-01 09:41:33');
INSERT INTO `friend_requests` (`initiator_user_id`, `target_user_id`, `status`, `requested_at`, `confirmed_at`) VALUES ('41', '41', 'declined', '1976-04-02 17:56:55', '2009-05-25 01:13:34');
INSERT INTO `friend_requests` (`initiator_user_id`, `target_user_id`, `status`, `requested_at`, `confirmed_at`) VALUES ('42', '42', 'requested', '2000-12-23 00:34:30', '2005-04-05 09:28:10');
INSERT INTO `friend_requests` (`initiator_user_id`, `target_user_id`, `status`, `requested_at`, `confirmed_at`) VALUES ('43', '43', 'approved', '1986-05-10 17:20:07', '1986-08-16 07:07:21');
INSERT INTO `friend_requests` (`initiator_user_id`, `target_user_id`, `status`, `requested_at`, `confirmed_at`) VALUES ('44', '44', 'declined', '1984-09-22 05:37:02', '2020-04-21 22:51:48');
INSERT INTO `friend_requests` (`initiator_user_id`, `target_user_id`, `status`, `requested_at`, `confirmed_at`) VALUES ('45', '45', 'declined', '2003-07-11 20:37:13', '2007-05-18 17:03:55');
INSERT INTO `friend_requests` (`initiator_user_id`, `target_user_id`, `status`, `requested_at`, `confirmed_at`) VALUES ('46', '46', 'approved', '2005-04-03 22:46:40', '1998-07-28 03:22:03');
INSERT INTO `friend_requests` (`initiator_user_id`, `target_user_id`, `status`, `requested_at`, `confirmed_at`) VALUES ('47', '47', 'requested', '2008-06-06 00:29:30', '1989-07-13 16:23:03');
INSERT INTO `friend_requests` (`initiator_user_id`, `target_user_id`, `status`, `requested_at`, `confirmed_at`) VALUES ('48', '48', 'unfriended', '2004-01-31 12:53:26', '2005-05-15 16:15:10');
INSERT INTO `friend_requests` (`initiator_user_id`, `target_user_id`, `status`, `requested_at`, `confirmed_at`) VALUES ('49', '49', 'approved', '1988-11-22 04:17:51', '1994-10-19 04:40:46');
INSERT INTO `friend_requests` (`initiator_user_id`, `target_user_id`, `status`, `requested_at`, `confirmed_at`) VALUES ('50', '50', 'requested', '1989-03-26 19:21:53', '1990-01-22 17:56:49');
INSERT INTO `friend_requests` (`initiator_user_id`, `target_user_id`, `status`, `requested_at`, `confirmed_at`) VALUES ('51', '51', 'approved', '1996-02-01 17:29:14', '1997-10-25 02:25:31');
INSERT INTO `friend_requests` (`initiator_user_id`, `target_user_id`, `status`, `requested_at`, `confirmed_at`) VALUES ('52', '52', 'approved', '1976-09-03 19:21:19', '1987-12-19 12:15:35');
INSERT INTO `friend_requests` (`initiator_user_id`, `target_user_id`, `status`, `requested_at`, `confirmed_at`) VALUES ('53', '53', 'requested', '2003-09-28 06:01:38', '1978-01-18 01:12:34');
INSERT INTO `friend_requests` (`initiator_user_id`, `target_user_id`, `status`, `requested_at`, `confirmed_at`) VALUES ('54', '54', 'requested', '1997-03-17 16:41:36', '2003-02-23 02:33:55');
INSERT INTO `friend_requests` (`initiator_user_id`, `target_user_id`, `status`, `requested_at`, `confirmed_at`) VALUES ('55', '55', 'requested', '1988-07-15 03:38:33', '2014-11-24 15:07:56');
INSERT INTO `friend_requests` (`initiator_user_id`, `target_user_id`, `status`, `requested_at`, `confirmed_at`) VALUES ('56', '56', 'declined', '2011-05-20 01:04:58', '2008-10-25 02:55:51');
INSERT INTO `friend_requests` (`initiator_user_id`, `target_user_id`, `status`, `requested_at`, `confirmed_at`) VALUES ('57', '57', 'requested', '1991-09-21 21:44:09', '1993-02-08 05:54:29');
INSERT INTO `friend_requests` (`initiator_user_id`, `target_user_id`, `status`, `requested_at`, `confirmed_at`) VALUES ('58', '58', 'requested', '2003-11-24 22:02:19', '1984-05-11 22:21:28');
INSERT INTO `friend_requests` (`initiator_user_id`, `target_user_id`, `status`, `requested_at`, `confirmed_at`) VALUES ('59', '59', 'approved', '1995-07-18 20:04:22', '1996-05-18 05:09:49');
INSERT INTO `friend_requests` (`initiator_user_id`, `target_user_id`, `status`, `requested_at`, `confirmed_at`) VALUES ('60', '60', 'declined', '2018-12-30 05:20:20', '1991-10-27 15:07:23');
INSERT INTO `friend_requests` (`initiator_user_id`, `target_user_id`, `status`, `requested_at`, `confirmed_at`) VALUES ('61', '61', 'requested', '1970-11-14 15:05:20', '2008-09-13 21:58:41');
INSERT INTO `friend_requests` (`initiator_user_id`, `target_user_id`, `status`, `requested_at`, `confirmed_at`) VALUES ('62', '62', 'requested', '1971-10-16 00:10:16', '1977-09-30 05:25:44');
INSERT INTO `friend_requests` (`initiator_user_id`, `target_user_id`, `status`, `requested_at`, `confirmed_at`) VALUES ('63', '63', 'declined', '1976-02-19 17:42:32', '1991-06-09 13:02:23');
INSERT INTO `friend_requests` (`initiator_user_id`, `target_user_id`, `status`, `requested_at`, `confirmed_at`) VALUES ('64', '64', 'approved', '1995-07-27 05:31:59', '1987-01-25 01:51:12');
INSERT INTO `friend_requests` (`initiator_user_id`, `target_user_id`, `status`, `requested_at`, `confirmed_at`) VALUES ('65', '65', 'unfriended', '1990-01-23 09:45:23', '1983-05-12 07:38:47');
INSERT INTO `friend_requests` (`initiator_user_id`, `target_user_id`, `status`, `requested_at`, `confirmed_at`) VALUES ('66', '66', 'approved', '1987-03-27 23:42:18', '1978-09-22 15:09:04');
INSERT INTO `friend_requests` (`initiator_user_id`, `target_user_id`, `status`, `requested_at`, `confirmed_at`) VALUES ('67', '67', 'declined', '1979-07-14 22:06:39', '1976-11-08 08:44:59');
INSERT INTO `friend_requests` (`initiator_user_id`, `target_user_id`, `status`, `requested_at`, `confirmed_at`) VALUES ('68', '68', 'unfriended', '1974-05-27 04:28:17', '2012-05-01 10:32:45');
INSERT INTO `friend_requests` (`initiator_user_id`, `target_user_id`, `status`, `requested_at`, `confirmed_at`) VALUES ('69', '69', 'unfriended', '2000-01-25 19:21:09', '1990-03-23 00:14:28');
INSERT INTO `friend_requests` (`initiator_user_id`, `target_user_id`, `status`, `requested_at`, `confirmed_at`) VALUES ('70', '70', 'approved', '1990-12-30 07:49:42', '1984-10-29 21:00:07');
INSERT INTO `friend_requests` (`initiator_user_id`, `target_user_id`, `status`, `requested_at`, `confirmed_at`) VALUES ('71', '71', 'requested', '1972-11-16 11:55:06', '2013-12-28 16:58:31');
INSERT INTO `friend_requests` (`initiator_user_id`, `target_user_id`, `status`, `requested_at`, `confirmed_at`) VALUES ('72', '72', 'requested', '1998-08-16 09:02:06', '1977-09-18 07:03:42');
INSERT INTO `friend_requests` (`initiator_user_id`, `target_user_id`, `status`, `requested_at`, `confirmed_at`) VALUES ('73', '73', 'declined', '2006-03-29 05:35:59', '1988-09-27 09:13:47');
INSERT INTO `friend_requests` (`initiator_user_id`, `target_user_id`, `status`, `requested_at`, `confirmed_at`) VALUES ('74', '74', 'declined', '1991-01-18 20:36:08', '1972-08-08 07:15:07');
INSERT INTO `friend_requests` (`initiator_user_id`, `target_user_id`, `status`, `requested_at`, `confirmed_at`) VALUES ('75', '75', 'approved', '1981-03-21 09:49:47', '2004-12-12 02:47:27');
INSERT INTO `friend_requests` (`initiator_user_id`, `target_user_id`, `status`, `requested_at`, `confirmed_at`) VALUES ('76', '76', 'requested', '1996-04-25 13:03:45', '1992-05-22 01:11:21');
INSERT INTO `friend_requests` (`initiator_user_id`, `target_user_id`, `status`, `requested_at`, `confirmed_at`) VALUES ('77', '77', 'unfriended', '1975-02-01 03:18:19', '1980-10-29 20:15:45');
INSERT INTO `friend_requests` (`initiator_user_id`, `target_user_id`, `status`, `requested_at`, `confirmed_at`) VALUES ('78', '78', 'approved', '1987-02-16 22:30:04', '2008-02-07 00:14:24');
INSERT INTO `friend_requests` (`initiator_user_id`, `target_user_id`, `status`, `requested_at`, `confirmed_at`) VALUES ('79', '79', 'declined', '1971-01-19 04:24:16', '1992-01-23 13:44:37');
INSERT INTO `friend_requests` (`initiator_user_id`, `target_user_id`, `status`, `requested_at`, `confirmed_at`) VALUES ('80', '80', 'requested', '2000-09-04 19:09:58', '1973-12-09 05:00:08');
INSERT INTO `friend_requests` (`initiator_user_id`, `target_user_id`, `status`, `requested_at`, `confirmed_at`) VALUES ('81', '81', 'requested', '2008-11-10 05:48:38', '1997-11-27 02:11:20');
INSERT INTO `friend_requests` (`initiator_user_id`, `target_user_id`, `status`, `requested_at`, `confirmed_at`) VALUES ('82', '82', 'unfriended', '1976-09-07 04:31:35', '1993-01-06 05:27:05');
INSERT INTO `friend_requests` (`initiator_user_id`, `target_user_id`, `status`, `requested_at`, `confirmed_at`) VALUES ('83', '83', 'requested', '1996-08-31 10:56:25', '2002-10-16 17:58:30');
INSERT INTO `friend_requests` (`initiator_user_id`, `target_user_id`, `status`, `requested_at`, `confirmed_at`) VALUES ('84', '84', 'requested', '1984-08-10 10:10:01', '1994-04-10 20:46:00');
INSERT INTO `friend_requests` (`initiator_user_id`, `target_user_id`, `status`, `requested_at`, `confirmed_at`) VALUES ('85', '85', 'declined', '2017-11-24 13:33:32', '1981-04-20 00:34:35');
INSERT INTO `friend_requests` (`initiator_user_id`, `target_user_id`, `status`, `requested_at`, `confirmed_at`) VALUES ('86', '86', 'requested', '1992-12-27 17:09:59', '1987-02-27 16:53:40');
INSERT INTO `friend_requests` (`initiator_user_id`, `target_user_id`, `status`, `requested_at`, `confirmed_at`) VALUES ('87', '87', 'approved', '1970-03-06 09:36:12', '1983-02-08 21:54:55');
INSERT INTO `friend_requests` (`initiator_user_id`, `target_user_id`, `status`, `requested_at`, `confirmed_at`) VALUES ('88', '88', 'approved', '1985-04-13 13:20:14', '2017-04-05 09:51:37');
INSERT INTO `friend_requests` (`initiator_user_id`, `target_user_id`, `status`, `requested_at`, `confirmed_at`) VALUES ('89', '89', 'unfriended', '1999-01-04 00:56:33', '1999-01-13 08:51:03');
INSERT INTO `friend_requests` (`initiator_user_id`, `target_user_id`, `status`, `requested_at`, `confirmed_at`) VALUES ('90', '90', 'declined', '2006-07-04 01:59:30', '1984-04-16 05:40:31');
INSERT INTO `friend_requests` (`initiator_user_id`, `target_user_id`, `status`, `requested_at`, `confirmed_at`) VALUES ('91', '91', 'requested', '1994-09-01 14:51:49', '1984-07-16 15:52:12');
INSERT INTO `friend_requests` (`initiator_user_id`, `target_user_id`, `status`, `requested_at`, `confirmed_at`) VALUES ('92', '92', 'approved', '1982-11-03 05:49:57', '1978-05-20 01:26:47');
INSERT INTO `friend_requests` (`initiator_user_id`, `target_user_id`, `status`, `requested_at`, `confirmed_at`) VALUES ('93', '93', 'unfriended', '2015-01-30 05:03:21', '1999-01-21 04:04:35');
INSERT INTO `friend_requests` (`initiator_user_id`, `target_user_id`, `status`, `requested_at`, `confirmed_at`) VALUES ('94', '94', 'declined', '2007-11-23 18:58:33', '2008-09-15 01:48:15');
INSERT INTO `friend_requests` (`initiator_user_id`, `target_user_id`, `status`, `requested_at`, `confirmed_at`) VALUES ('95', '95', 'unfriended', '1972-03-20 10:57:00', '1974-05-22 18:00:56');
INSERT INTO `friend_requests` (`initiator_user_id`, `target_user_id`, `status`, `requested_at`, `confirmed_at`) VALUES ('96', '96', 'requested', '2018-03-28 06:54:13', '1996-07-17 00:10:15');
INSERT INTO `friend_requests` (`initiator_user_id`, `target_user_id`, `status`, `requested_at`, `confirmed_at`) VALUES ('97', '97', 'approved', '1988-03-19 11:45:17', '1984-07-24 05:04:48');
INSERT INTO `friend_requests` (`initiator_user_id`, `target_user_id`, `status`, `requested_at`, `confirmed_at`) VALUES ('98', '98', 'declined', '1990-07-28 05:03:03', '1990-11-13 16:56:34');
INSERT INTO `friend_requests` (`initiator_user_id`, `target_user_id`, `status`, `requested_at`, `confirmed_at`) VALUES ('99', '99', 'approved', '1983-12-20 13:41:16', '1998-10-31 16:58:01');
INSERT INTO `friend_requests` (`initiator_user_id`, `target_user_id`, `status`, `requested_at`, `confirmed_at`) VALUES ('100', '100', 'approved', '1978-10-28 04:44:27', '1999-04-20 13:18:57');


#
# TABLE STRUCTURE FOR: likes
#

DROP TABLE IF EXISTS `likes`;

CREATE TABLE `likes` (
  `id` bigint(20) unsigned NOT NULL AUTO_INCREMENT,
  `user_id` bigint(20) unsigned NOT NULL,
  `media_id` bigint(20) unsigned NOT NULL,
  `created_at` datetime DEFAULT current_timestamp(),
  PRIMARY KEY (`id`),
  KEY `user_id` (`user_id`),
  KEY `media_id` (`media_id`),
  CONSTRAINT `likes_ibfk_1` FOREIGN KEY (`user_id`) REFERENCES `users` (`id`),
  CONSTRAINT `likes_ibfk_2` FOREIGN KEY (`media_id`) REFERENCES `media` (`id`)
) ENGINE=InnoDB AUTO_INCREMENT=131 DEFAULT CHARSET=utf8 COLLATE=utf8_unicode_ci;

INSERT INTO `likes` (`id`, `user_id`, `media_id`, `created_at`) VALUES ('1', '1', '1', '1981-06-10 12:45:19');
INSERT INTO `likes` (`id`, `user_id`, `media_id`, `created_at`) VALUES ('2', '2', '2', '1976-06-06 04:36:26');
INSERT INTO `likes` (`id`, `user_id`, `media_id`, `created_at`) VALUES ('3', '3', '3', '1994-11-25 05:36:53');
INSERT INTO `likes` (`id`, `user_id`, `media_id`, `created_at`) VALUES ('4', '4', '4', '1996-12-18 03:57:12');
INSERT INTO `likes` (`id`, `user_id`, `media_id`, `created_at`) VALUES ('5', '5', '5', '2011-11-06 10:16:46');
INSERT INTO `likes` (`id`, `user_id`, `media_id`, `created_at`) VALUES ('6', '6', '6', '1994-01-16 14:30:32');
INSERT INTO `likes` (`id`, `user_id`, `media_id`, `created_at`) VALUES ('7', '7', '7', '1990-02-23 14:03:30');
INSERT INTO `likes` (`id`, `user_id`, `media_id`, `created_at`) VALUES ('8', '8', '8', '1984-01-08 21:54:53');
INSERT INTO `likes` (`id`, `user_id`, `media_id`, `created_at`) VALUES ('9', '9', '9', '2013-09-27 13:54:03');
INSERT INTO `likes` (`id`, `user_id`, `media_id`, `created_at`) VALUES ('10', '10', '10', '2002-12-12 13:07:31');
INSERT INTO `likes` (`id`, `user_id`, `media_id`, `created_at`) VALUES ('11', '11', '11', '2017-06-19 03:04:59');
INSERT INTO `likes` (`id`, `user_id`, `media_id`, `created_at`) VALUES ('12', '12', '12', '1990-05-22 07:58:46');
INSERT INTO `likes` (`id`, `user_id`, `media_id`, `created_at`) VALUES ('13', '13', '13', '1994-01-04 02:35:29');
INSERT INTO `likes` (`id`, `user_id`, `media_id`, `created_at`) VALUES ('14', '14', '14', '2017-01-06 17:50:53');
INSERT INTO `likes` (`id`, `user_id`, `media_id`, `created_at`) VALUES ('15', '15', '15', '2004-04-23 05:34:51');
INSERT INTO `likes` (`id`, `user_id`, `media_id`, `created_at`) VALUES ('16', '16', '16', '1977-05-09 02:40:04');
INSERT INTO `likes` (`id`, `user_id`, `media_id`, `created_at`) VALUES ('17', '17', '17', '2017-05-01 08:25:51');
INSERT INTO `likes` (`id`, `user_id`, `media_id`, `created_at`) VALUES ('18', '18', '18', '1994-09-01 02:17:41');
INSERT INTO `likes` (`id`, `user_id`, `media_id`, `created_at`) VALUES ('19', '19', '19', '1971-02-12 20:36:43');
INSERT INTO `likes` (`id`, `user_id`, `media_id`, `created_at`) VALUES ('20', '20', '20', '1978-02-25 22:22:48');
INSERT INTO `likes` (`id`, `user_id`, `media_id`, `created_at`) VALUES ('21', '21', '21', '2007-08-09 15:44:12');
INSERT INTO `likes` (`id`, `user_id`, `media_id`, `created_at`) VALUES ('22', '22', '22', '2002-11-20 17:30:15');
INSERT INTO `likes` (`id`, `user_id`, `media_id`, `created_at`) VALUES ('23', '23', '23', '2011-06-03 01:18:25');
INSERT INTO `likes` (`id`, `user_id`, `media_id`, `created_at`) VALUES ('24', '24', '24', '1992-08-27 05:24:15');
INSERT INTO `likes` (`id`, `user_id`, `media_id`, `created_at`) VALUES ('25', '25', '25', '2015-01-20 20:20:12');
INSERT INTO `likes` (`id`, `user_id`, `media_id`, `created_at`) VALUES ('26', '26', '26', '2015-04-23 01:08:15');
INSERT INTO `likes` (`id`, `user_id`, `media_id`, `created_at`) VALUES ('27', '27', '27', '1974-10-23 21:28:42');
INSERT INTO `likes` (`id`, `user_id`, `media_id`, `created_at`) VALUES ('28', '28', '28', '2013-01-09 21:52:58');
INSERT INTO `likes` (`id`, `user_id`, `media_id`, `created_at`) VALUES ('29', '29', '29', '1971-03-03 07:05:47');
INSERT INTO `likes` (`id`, `user_id`, `media_id`, `created_at`) VALUES ('30', '30', '30', '1988-02-22 00:09:42');
INSERT INTO `likes` (`id`, `user_id`, `media_id`, `created_at`) VALUES ('31', '31', '31', '2001-09-15 01:14:49');
INSERT INTO `likes` (`id`, `user_id`, `media_id`, `created_at`) VALUES ('32', '32', '32', '2019-08-17 07:40:17');
INSERT INTO `likes` (`id`, `user_id`, `media_id`, `created_at`) VALUES ('33', '33', '33', '1973-12-17 12:09:36');
INSERT INTO `likes` (`id`, `user_id`, `media_id`, `created_at`) VALUES ('34', '34', '34', '1980-12-15 00:16:09');
INSERT INTO `likes` (`id`, `user_id`, `media_id`, `created_at`) VALUES ('35', '35', '35', '1977-10-26 08:31:10');
INSERT INTO `likes` (`id`, `user_id`, `media_id`, `created_at`) VALUES ('36', '36', '36', '1972-02-16 09:49:10');
INSERT INTO `likes` (`id`, `user_id`, `media_id`, `created_at`) VALUES ('37', '37', '37', '2015-05-02 02:31:36');
INSERT INTO `likes` (`id`, `user_id`, `media_id`, `created_at`) VALUES ('38', '38', '38', '2001-07-12 21:30:47');
INSERT INTO `likes` (`id`, `user_id`, `media_id`, `created_at`) VALUES ('39', '39', '39', '2018-03-16 10:42:29');
INSERT INTO `likes` (`id`, `user_id`, `media_id`, `created_at`) VALUES ('40', '40', '40', '2002-12-02 08:08:29');
INSERT INTO `likes` (`id`, `user_id`, `media_id`, `created_at`) VALUES ('41', '41', '41', '2014-07-26 21:06:14');
INSERT INTO `likes` (`id`, `user_id`, `media_id`, `created_at`) VALUES ('42', '42', '42', '1980-11-29 21:19:23');
INSERT INTO `likes` (`id`, `user_id`, `media_id`, `created_at`) VALUES ('43', '43', '43', '1980-12-16 02:26:15');
INSERT INTO `likes` (`id`, `user_id`, `media_id`, `created_at`) VALUES ('44', '44', '44', '2006-06-19 00:08:18');
INSERT INTO `likes` (`id`, `user_id`, `media_id`, `created_at`) VALUES ('45', '45', '45', '1994-09-06 05:34:09');
INSERT INTO `likes` (`id`, `user_id`, `media_id`, `created_at`) VALUES ('46', '46', '46', '2004-12-01 15:18:56');
INSERT INTO `likes` (`id`, `user_id`, `media_id`, `created_at`) VALUES ('47', '47', '47', '1987-06-28 01:27:11');
INSERT INTO `likes` (`id`, `user_id`, `media_id`, `created_at`) VALUES ('48', '48', '48', '2007-03-08 14:23:51');
INSERT INTO `likes` (`id`, `user_id`, `media_id`, `created_at`) VALUES ('49', '49', '49', '1985-02-12 12:19:30');
INSERT INTO `likes` (`id`, `user_id`, `media_id`, `created_at`) VALUES ('50', '50', '50', '1985-04-03 21:40:59');
INSERT INTO `likes` (`id`, `user_id`, `media_id`, `created_at`) VALUES ('51', '51', '51', '1999-02-10 01:25:12');
INSERT INTO `likes` (`id`, `user_id`, `media_id`, `created_at`) VALUES ('52', '52', '52', '1984-07-15 00:25:04');
INSERT INTO `likes` (`id`, `user_id`, `media_id`, `created_at`) VALUES ('53', '53', '53', '1987-11-04 14:58:11');
INSERT INTO `likes` (`id`, `user_id`, `media_id`, `created_at`) VALUES ('54', '54', '54', '1984-03-15 12:48:30');
INSERT INTO `likes` (`id`, `user_id`, `media_id`, `created_at`) VALUES ('55', '55', '55', '1987-09-30 02:34:54');
INSERT INTO `likes` (`id`, `user_id`, `media_id`, `created_at`) VALUES ('56', '56', '56', '1993-04-16 16:57:55');
INSERT INTO `likes` (`id`, `user_id`, `media_id`, `created_at`) VALUES ('57', '57', '57', '2012-12-23 06:03:58');
INSERT INTO `likes` (`id`, `user_id`, `media_id`, `created_at`) VALUES ('58', '58', '58', '1993-01-26 11:47:37');
INSERT INTO `likes` (`id`, `user_id`, `media_id`, `created_at`) VALUES ('59', '59', '59', '1981-01-29 16:41:34');
INSERT INTO `likes` (`id`, `user_id`, `media_id`, `created_at`) VALUES ('60', '60', '60', '1976-04-10 18:51:38');
INSERT INTO `likes` (`id`, `user_id`, `media_id`, `created_at`) VALUES ('61', '61', '61', '1987-08-27 02:41:01');
INSERT INTO `likes` (`id`, `user_id`, `media_id`, `created_at`) VALUES ('62', '62', '62', '2009-08-14 00:46:26');
INSERT INTO `likes` (`id`, `user_id`, `media_id`, `created_at`) VALUES ('63', '63', '63', '2012-09-13 10:28:45');
INSERT INTO `likes` (`id`, `user_id`, `media_id`, `created_at`) VALUES ('64', '64', '64', '2015-03-14 14:35:01');
INSERT INTO `likes` (`id`, `user_id`, `media_id`, `created_at`) VALUES ('65', '65', '65', '1970-09-16 22:10:59');
INSERT INTO `likes` (`id`, `user_id`, `media_id`, `created_at`) VALUES ('66', '66', '66', '1975-04-29 05:43:22');
INSERT INTO `likes` (`id`, `user_id`, `media_id`, `created_at`) VALUES ('67', '67', '67', '1983-01-24 04:48:25');
INSERT INTO `likes` (`id`, `user_id`, `media_id`, `created_at`) VALUES ('68', '68', '68', '1995-07-09 22:15:46');
INSERT INTO `likes` (`id`, `user_id`, `media_id`, `created_at`) VALUES ('69', '69', '69', '1986-07-01 13:51:49');
INSERT INTO `likes` (`id`, `user_id`, `media_id`, `created_at`) VALUES ('70', '70', '70', '1991-12-25 19:04:51');
INSERT INTO `likes` (`id`, `user_id`, `media_id`, `created_at`) VALUES ('71', '71', '71', '1992-05-31 03:09:36');
INSERT INTO `likes` (`id`, `user_id`, `media_id`, `created_at`) VALUES ('72', '72', '72', '1993-03-01 02:16:25');
INSERT INTO `likes` (`id`, `user_id`, `media_id`, `created_at`) VALUES ('73', '73', '73', '1993-12-14 06:28:27');
INSERT INTO `likes` (`id`, `user_id`, `media_id`, `created_at`) VALUES ('74', '74', '74', '1976-12-18 05:54:55');
INSERT INTO `likes` (`id`, `user_id`, `media_id`, `created_at`) VALUES ('75', '75', '75', '1991-06-19 19:10:06');
INSERT INTO `likes` (`id`, `user_id`, `media_id`, `created_at`) VALUES ('76', '76', '76', '2009-11-05 22:35:14');
INSERT INTO `likes` (`id`, `user_id`, `media_id`, `created_at`) VALUES ('77', '77', '77', '1986-08-20 11:32:24');
INSERT INTO `likes` (`id`, `user_id`, `media_id`, `created_at`) VALUES ('78', '78', '78', '1971-01-24 02:58:10');
INSERT INTO `likes` (`id`, `user_id`, `media_id`, `created_at`) VALUES ('79', '79', '79', '1990-06-01 05:30:10');
INSERT INTO `likes` (`id`, `user_id`, `media_id`, `created_at`) VALUES ('80', '80', '80', '1975-04-12 05:39:39');
INSERT INTO `likes` (`id`, `user_id`, `media_id`, `created_at`) VALUES ('81', '81', '81', '1980-04-12 00:50:33');
INSERT INTO `likes` (`id`, `user_id`, `media_id`, `created_at`) VALUES ('82', '82', '82', '1993-08-08 12:04:00');
INSERT INTO `likes` (`id`, `user_id`, `media_id`, `created_at`) VALUES ('83', '83', '83', '1998-09-25 04:43:23');
INSERT INTO `likes` (`id`, `user_id`, `media_id`, `created_at`) VALUES ('84', '84', '84', '1976-07-19 22:47:14');
INSERT INTO `likes` (`id`, `user_id`, `media_id`, `created_at`) VALUES ('85', '85', '85', '2017-09-02 09:47:35');
INSERT INTO `likes` (`id`, `user_id`, `media_id`, `created_at`) VALUES ('86', '86', '86', '2019-11-06 13:30:08');
INSERT INTO `likes` (`id`, `user_id`, `media_id`, `created_at`) VALUES ('87', '87', '87', '1970-08-22 17:04:23');
INSERT INTO `likes` (`id`, `user_id`, `media_id`, `created_at`) VALUES ('88', '88', '88', '2005-09-10 17:45:59');
INSERT INTO `likes` (`id`, `user_id`, `media_id`, `created_at`) VALUES ('89', '89', '89', '2010-05-08 21:07:35');
INSERT INTO `likes` (`id`, `user_id`, `media_id`, `created_at`) VALUES ('90', '90', '90', '1976-10-17 18:33:40');
INSERT INTO `likes` (`id`, `user_id`, `media_id`, `created_at`) VALUES ('91', '91', '91', '2006-03-23 18:48:13');
INSERT INTO `likes` (`id`, `user_id`, `media_id`, `created_at`) VALUES ('92', '92', '92', '2019-12-17 22:15:28');
INSERT INTO `likes` (`id`, `user_id`, `media_id`, `created_at`) VALUES ('93', '93', '93', '2015-09-18 21:01:37');
INSERT INTO `likes` (`id`, `user_id`, `media_id`, `created_at`) VALUES ('94', '94', '94', '2017-10-26 16:50:00');
INSERT INTO `likes` (`id`, `user_id`, `media_id`, `created_at`) VALUES ('95', '95', '95', '1975-07-09 14:57:06');
INSERT INTO `likes` (`id`, `user_id`, `media_id`, `created_at`) VALUES ('96', '96', '96', '2009-12-23 22:17:56');
INSERT INTO `likes` (`id`, `user_id`, `media_id`, `created_at`) VALUES ('97', '97', '97', '2018-09-19 01:49:42');
INSERT INTO `likes` (`id`, `user_id`, `media_id`, `created_at`) VALUES ('98', '98', '98', '2003-03-08 06:19:44');
INSERT INTO `likes` (`id`, `user_id`, `media_id`, `created_at`) VALUES ('99', '99', '99', '1973-05-05 02:35:11');
INSERT INTO `likes` (`id`, `user_id`, `media_id`, `created_at`) VALUES ('100', '100', '100', '1999-12-11 03:34:21');
INSERT INTO `likes` (`id`, `user_id`, `media_id`, `created_at`) VALUES ('101', '101', '101', '2020-03-18 01:30:50');
INSERT INTO `likes` (`id`, `user_id`, `media_id`, `created_at`) VALUES ('102', '102', '102', '1972-10-12 15:27:38');
INSERT INTO `likes` (`id`, `user_id`, `media_id`, `created_at`) VALUES ('103', '103', '103', '1994-04-19 03:36:08');
INSERT INTO `likes` (`id`, `user_id`, `media_id`, `created_at`) VALUES ('104', '104', '104', '2014-03-18 00:07:42');
INSERT INTO `likes` (`id`, `user_id`, `media_id`, `created_at`) VALUES ('105', '105', '105', '1997-08-18 19:22:01');
INSERT INTO `likes` (`id`, `user_id`, `media_id`, `created_at`) VALUES ('106', '106', '106', '1976-03-01 18:02:42');
INSERT INTO `likes` (`id`, `user_id`, `media_id`, `created_at`) VALUES ('107', '107', '107', '2008-12-24 09:52:45');
INSERT INTO `likes` (`id`, `user_id`, `media_id`, `created_at`) VALUES ('108', '108', '108', '2019-12-09 14:52:37');
INSERT INTO `likes` (`id`, `user_id`, `media_id`, `created_at`) VALUES ('109', '109', '109', '2004-06-24 07:37:29');
INSERT INTO `likes` (`id`, `user_id`, `media_id`, `created_at`) VALUES ('110', '110', '110', '1999-01-19 15:18:53');
INSERT INTO `likes` (`id`, `user_id`, `media_id`, `created_at`) VALUES ('111', '111', '111', '1973-01-24 10:52:50');
INSERT INTO `likes` (`id`, `user_id`, `media_id`, `created_at`) VALUES ('112', '112', '112', '2003-08-17 15:00:15');
INSERT INTO `likes` (`id`, `user_id`, `media_id`, `created_at`) VALUES ('113', '113', '113', '1970-12-03 11:14:41');
INSERT INTO `likes` (`id`, `user_id`, `media_id`, `created_at`) VALUES ('114', '114', '114', '1992-10-29 04:56:12');
INSERT INTO `likes` (`id`, `user_id`, `media_id`, `created_at`) VALUES ('115', '115', '115', '1997-06-16 22:15:58');
INSERT INTO `likes` (`id`, `user_id`, `media_id`, `created_at`) VALUES ('116', '116', '116', '2008-01-17 09:26:54');
INSERT INTO `likes` (`id`, `user_id`, `media_id`, `created_at`) VALUES ('117', '117', '117', '1986-07-27 01:40:45');
INSERT INTO `likes` (`id`, `user_id`, `media_id`, `created_at`) VALUES ('118', '118', '118', '2011-03-19 20:46:40');
INSERT INTO `likes` (`id`, `user_id`, `media_id`, `created_at`) VALUES ('119', '119', '119', '1992-03-25 16:44:23');
INSERT INTO `likes` (`id`, `user_id`, `media_id`, `created_at`) VALUES ('120', '120', '120', '2019-03-28 02:05:04');
INSERT INTO `likes` (`id`, `user_id`, `media_id`, `created_at`) VALUES ('121', '1', '121', '2017-05-29 06:12:06');
INSERT INTO `likes` (`id`, `user_id`, `media_id`, `created_at`) VALUES ('122', '2', '122', '1995-07-19 01:32:30');
INSERT INTO `likes` (`id`, `user_id`, `media_id`, `created_at`) VALUES ('123', '3', '123', '2011-12-15 15:01:56');
INSERT INTO `likes` (`id`, `user_id`, `media_id`, `created_at`) VALUES ('124', '4', '124', '1979-04-12 18:40:31');
INSERT INTO `likes` (`id`, `user_id`, `media_id`, `created_at`) VALUES ('125', '5', '125', '1994-12-23 13:35:08');
INSERT INTO `likes` (`id`, `user_id`, `media_id`, `created_at`) VALUES ('126', '6', '126', '2010-02-26 10:40:57');
INSERT INTO `likes` (`id`, `user_id`, `media_id`, `created_at`) VALUES ('127', '7', '127', '2013-02-04 13:18:57');
INSERT INTO `likes` (`id`, `user_id`, `media_id`, `created_at`) VALUES ('128', '8', '128', '2020-02-26 11:11:02');
INSERT INTO `likes` (`id`, `user_id`, `media_id`, `created_at`) VALUES ('129', '9', '129', '1983-03-31 03:07:37');
INSERT INTO `likes` (`id`, `user_id`, `media_id`, `created_at`) VALUES ('130', '10', '130', '1981-02-23 21:15:17');


#
# TABLE STRUCTURE FOR: media
#

DROP TABLE IF EXISTS `media`;

CREATE TABLE `media` (
  `id` bigint(20) unsigned NOT NULL AUTO_INCREMENT,
  `media_type_id` bigint(20) unsigned NOT NULL,
  `user_id` bigint(20) unsigned NOT NULL,
  `body` text COLLATE utf8_unicode_ci DEFAULT NULL,
  `filename` varchar(255) COLLATE utf8_unicode_ci DEFAULT NULL,
  `size` int(11) DEFAULT NULL,
  `metadata` longtext CHARACTER SET utf8mb4 COLLATE utf8mb4_bin DEFAULT NULL CHECK (json_valid(`metadata`)),
  `created_at` datetime DEFAULT current_timestamp(),
  `updated_at` datetime DEFAULT current_timestamp() ON UPDATE current_timestamp(),
  PRIMARY KEY (`id`),
  KEY `user_id` (`user_id`),
  KEY `media_type_id` (`media_type_id`),
  CONSTRAINT `media_ibfk_1` FOREIGN KEY (`user_id`) REFERENCES `users` (`id`),
  CONSTRAINT `media_ibfk_2` FOREIGN KEY (`media_type_id`) REFERENCES `media_types` (`id`)
) ENGINE=InnoDB AUTO_INCREMENT=301 DEFAULT CHARSET=utf8 COLLATE=utf8_unicode_ci;

INSERT INTO `media` (`id`, `media_type_id`, `user_id`, `body`, `filename`, `size`, `metadata`, `created_at`, `updated_at`) VALUES ('1', '1', '1', 'Eos sit rerum adipisci voluptatem amet fugit sit. Voluptatem illo ut voluptatibus suscipit quam voluptatem. Fugiat repudiandae voluptatum adipisci neque veniam deleniti non.', 'labore', 839009229, NULL, '2017-04-09 10:33:33', '2020-03-29 21:19:05');
INSERT INTO `media` (`id`, `media_type_id`, `user_id`, `body`, `filename`, `size`, `metadata`, `created_at`, `updated_at`) VALUES ('2', '2', '2', 'Sed recusandae harum quaerat natus tempora quia. Et consequuntur tempore consequatur quia. Fugit eos temporibus consequuntur quia natus sunt. Amet sed cupiditate vel quia soluta voluptatum eligendi vero.', 'laudantium', 397, NULL, '2015-09-13 18:08:59', '2012-01-28 11:54:58');
INSERT INTO `media` (`id`, `media_type_id`, `user_id`, `body`, `filename`, `size`, `metadata`, `created_at`, `updated_at`) VALUES ('3', '3', '3', 'Voluptatum est dolorem eaque qui cum ut. Maiores cum tempora cupiditate. Error nihil laboriosam vel optio.', 'soluta', 52, NULL, '1990-04-05 19:04:44', '1971-04-08 23:26:56');
INSERT INTO `media` (`id`, `media_type_id`, `user_id`, `body`, `filename`, `size`, `metadata`, `created_at`, `updated_at`) VALUES ('4', '4', '4', 'Et veniam et dolorem iure minus suscipit quia. Fuga quia nobis eligendi voluptatem ut fuga. Autem alias nulla eius non.', 'est', 101597, NULL, '1989-03-14 00:11:25', '2004-11-26 17:59:23');
INSERT INTO `media` (`id`, `media_type_id`, `user_id`, `body`, `filename`, `size`, `metadata`, `created_at`, `updated_at`) VALUES ('5', '5', '5', 'Corrupti ad dolorem doloribus deleniti. Consequatur quas omnis provident delectus et nemo dolorem. Ipsam illo et aspernatur fugit deserunt corrupti repudiandae. Quisquam et saepe necessitatibus non veritatis dolores.', 'earum', 9919357, NULL, '1970-07-13 17:11:11', '1977-11-13 02:15:58');
INSERT INTO `media` (`id`, `media_type_id`, `user_id`, `body`, `filename`, `size`, `metadata`, `created_at`, `updated_at`) VALUES ('6', '6', '6', 'Esse cumque officiis dolorum sed eveniet est. Non doloribus dolorem quibusdam beatae aliquam. Vero eum vel culpa. Sunt eos neque quia harum.', 'aut', 31617193, NULL, '2007-12-12 06:34:52', '1987-09-10 23:11:20');
INSERT INTO `media` (`id`, `media_type_id`, `user_id`, `body`, `filename`, `size`, `metadata`, `created_at`, `updated_at`) VALUES ('7', '7', '7', 'Voluptas fuga voluptatem numquam distinctio adipisci nisi. Iusto aut aut aliquid voluptatem est dolorem repellat consequatur. Eos accusantium esse occaecati in saepe. Laboriosam optio nobis dolorem ut necessitatibus soluta.', 'explicabo', 672, NULL, '2005-06-08 17:57:19', '2016-11-09 22:31:12');
INSERT INTO `media` (`id`, `media_type_id`, `user_id`, `body`, `filename`, `size`, `metadata`, `created_at`, `updated_at`) VALUES ('8', '8', '8', 'Quisquam numquam accusantium ut velit quia est. Qui temporibus ducimus quae nobis et quam. Velit et vel consequatur quibusdam quia aperiam rerum.', 'at', 90, NULL, '2012-06-05 21:10:27', '1984-02-16 03:01:26');
INSERT INTO `media` (`id`, `media_type_id`, `user_id`, `body`, `filename`, `size`, `metadata`, `created_at`, `updated_at`) VALUES ('9', '9', '9', 'Quia aspernatur facilis accusamus dolorem non delectus. Veniam cum eos et voluptatem sit. Quasi voluptates architecto sint exercitationem et ex velit. Et nam qui atque.', 'magni', 76, NULL, '2005-02-10 06:58:46', '2014-07-31 02:14:18');
INSERT INTO `media` (`id`, `media_type_id`, `user_id`, `body`, `filename`, `size`, `metadata`, `created_at`, `updated_at`) VALUES ('10', '10', '10', 'Non sunt rerum hic et qui vel. Consequatur ad qui eius natus occaecati ut.', 'alias', 89881403, NULL, '1988-04-20 18:09:42', '2017-11-30 18:40:27');
INSERT INTO `media` (`id`, `media_type_id`, `user_id`, `body`, `filename`, `size`, `metadata`, `created_at`, `updated_at`) VALUES ('11', '11', '11', 'Voluptate nam sint et quisquam veniam eaque explicabo. Vel minus iusto aspernatur sed rerum. Vitae cum sequi quod voluptatum.', 'reiciendis', 48, NULL, '2018-10-27 13:25:04', '1993-05-06 06:02:13');
INSERT INTO `media` (`id`, `media_type_id`, `user_id`, `body`, `filename`, `size`, `metadata`, `created_at`, `updated_at`) VALUES ('12', '12', '12', 'Ducimus dolorem voluptatem adipisci assumenda. In qui deleniti voluptatem eum possimus earum tempora. Sunt in eos cupiditate omnis. Possimus ullam magnam consequatur molestiae quam.', 'odit', 980, NULL, '1990-12-25 15:40:29', '2001-11-08 10:27:31');
INSERT INTO `media` (`id`, `media_type_id`, `user_id`, `body`, `filename`, `size`, `metadata`, `created_at`, `updated_at`) VALUES ('13', '13', '13', 'Vel maiores omnis in voluptatem. Dolorum laboriosam est laudantium aliquam natus. Ad impedit laboriosam ad eveniet.', 'sed', 0, NULL, '1988-11-27 14:39:58', '2001-10-07 20:10:41');
INSERT INTO `media` (`id`, `media_type_id`, `user_id`, `body`, `filename`, `size`, `metadata`, `created_at`, `updated_at`) VALUES ('14', '14', '14', 'Consequatur at quia ab autem. Illo doloremque quas et aperiam. Vel quisquam asperiores doloribus iste alias.', 'sit', 42141, NULL, '1981-08-03 04:34:16', '1978-10-01 05:52:16');
INSERT INTO `media` (`id`, `media_type_id`, `user_id`, `body`, `filename`, `size`, `metadata`, `created_at`, `updated_at`) VALUES ('15', '15', '15', 'Impedit et et exercitationem sed amet ab. Aperiam doloremque aut adipisci natus. Libero soluta voluptas et. Est perferendis et soluta vel fuga.', 'et', 94, NULL, '1977-07-01 03:32:11', '1997-06-29 00:18:59');
INSERT INTO `media` (`id`, `media_type_id`, `user_id`, `body`, `filename`, `size`, `metadata`, `created_at`, `updated_at`) VALUES ('16', '1', '16', 'Autem tempora molestiae et quia voluptates omnis. Eos voluptas illum cum sit voluptas hic fuga. Et molestiae eveniet molestiae doloribus.', 'necessitatibus', 0, NULL, '1999-01-10 23:21:07', '2004-10-10 20:03:31');
INSERT INTO `media` (`id`, `media_type_id`, `user_id`, `body`, `filename`, `size`, `metadata`, `created_at`, `updated_at`) VALUES ('17', '2', '17', 'Officia aspernatur rem id laboriosam atque occaecati. Pariatur deserunt eveniet quia et sapiente sunt exercitationem. Eos tempora veniam explicabo quibusdam quidem. Porro quia earum occaecati ratione odio exercitationem totam.', 'sed', 43545, NULL, '2012-12-30 09:43:04', '2004-03-06 19:54:14');
INSERT INTO `media` (`id`, `media_type_id`, `user_id`, `body`, `filename`, `size`, `metadata`, `created_at`, `updated_at`) VALUES ('18', '3', '18', 'Assumenda libero laborum qui iusto. Iste deserunt nostrum dolorem esse molestias vero commodi. Impedit quia ea dolorum omnis magni.', 'deleniti', 54, NULL, '1991-07-25 15:04:46', '1995-10-13 07:16:16');
INSERT INTO `media` (`id`, `media_type_id`, `user_id`, `body`, `filename`, `size`, `metadata`, `created_at`, `updated_at`) VALUES ('19', '4', '19', 'A dolorum ut in aut neque inventore. Labore ut libero consequatur dolor. Quia quia eos ea cupiditate qui cupiditate sed officiis.', 'sunt', 1457, NULL, '1984-10-26 11:20:35', '2020-01-27 09:23:41');
INSERT INTO `media` (`id`, `media_type_id`, `user_id`, `body`, `filename`, `size`, `metadata`, `created_at`, `updated_at`) VALUES ('20', '5', '20', 'Odio quo quaerat iure dicta odio odio. Tenetur aut culpa illo voluptas quidem quibusdam alias quo. Velit qui distinctio quaerat atque labore rerum.', 'vel', 8, NULL, '1973-08-21 05:48:34', '2001-11-09 14:36:29');
INSERT INTO `media` (`id`, `media_type_id`, `user_id`, `body`, `filename`, `size`, `metadata`, `created_at`, `updated_at`) VALUES ('21', '6', '21', 'Numquam dolorem quia quibusdam perspiciatis cum iusto aut. Qui laborum deserunt sapiente sint rerum nemo. Et maxime eveniet voluptatibus quos minima consectetur similique. Alias rerum et sit.', 'delectus', 121875734, NULL, '1996-01-13 22:32:31', '2020-04-22 07:20:11');
INSERT INTO `media` (`id`, `media_type_id`, `user_id`, `body`, `filename`, `size`, `metadata`, `created_at`, `updated_at`) VALUES ('22', '7', '22', 'Praesentium est et beatae tempora. Ea quas aut aut eum. Sit et quia deleniti. Quaerat ut facilis rem praesentium.', 'est', 782, NULL, '2012-02-21 00:06:16', '1997-07-05 10:43:18');
INSERT INTO `media` (`id`, `media_type_id`, `user_id`, `body`, `filename`, `size`, `metadata`, `created_at`, `updated_at`) VALUES ('23', '8', '23', 'Distinctio magni repellat consectetur libero. Vitae adipisci sequi occaecati voluptates.', 'a', 8608, NULL, '2003-08-30 17:49:21', '2008-10-17 00:29:16');
INSERT INTO `media` (`id`, `media_type_id`, `user_id`, `body`, `filename`, `size`, `metadata`, `created_at`, `updated_at`) VALUES ('24', '9', '24', 'Voluptatem explicabo eius asperiores ut ipsa id aspernatur mollitia. Quo hic quidem voluptatem sed quo quasi. Suscipit qui placeat qui quibusdam doloremque sapiente. Sit minus alias consectetur ipsum rem soluta ex cupiditate.', 'sit', 909, NULL, '1989-10-10 22:16:18', '2017-03-22 15:40:35');
INSERT INTO `media` (`id`, `media_type_id`, `user_id`, `body`, `filename`, `size`, `metadata`, `created_at`, `updated_at`) VALUES ('25', '10', '25', 'Sed qui possimus eligendi ratione repudiandae omnis et. Soluta aut nostrum dolor voluptatem corporis. Et iste quis neque earum doloribus et labore.', 'eius', 0, NULL, '1975-11-23 12:37:31', '2014-04-13 11:07:18');
INSERT INTO `media` (`id`, `media_type_id`, `user_id`, `body`, `filename`, `size`, `metadata`, `created_at`, `updated_at`) VALUES ('26', '11', '26', 'Quis sunt dolorem ex mollitia tempora. Vel aut omnis officiis qui. Ut et est pariatur necessitatibus at asperiores.', 'laboriosam', 97378164, NULL, '1999-03-19 22:45:55', '1993-11-04 17:19:24');
INSERT INTO `media` (`id`, `media_type_id`, `user_id`, `body`, `filename`, `size`, `metadata`, `created_at`, `updated_at`) VALUES ('27', '12', '27', 'Voluptas id quia voluptates. Similique eius tenetur repellendus voluptatibus labore repellat quae. Adipisci ratione necessitatibus repellendus quibusdam adipisci quam amet.', 'aspernatur', 96656, NULL, '1984-03-17 05:13:47', '1979-12-01 20:21:38');
INSERT INTO `media` (`id`, `media_type_id`, `user_id`, `body`, `filename`, `size`, `metadata`, `created_at`, `updated_at`) VALUES ('28', '13', '28', 'Odio vel deserunt aut aut ad animi. Quisquam inventore molestiae voluptatem optio. Dolorem omnis voluptas aut modi eos minima praesentium. Vel est consequuntur perspiciatis nulla enim architecto.', 'doloremque', 620431272, NULL, '1998-12-20 07:42:10', '1979-03-19 10:33:07');
INSERT INTO `media` (`id`, `media_type_id`, `user_id`, `body`, `filename`, `size`, `metadata`, `created_at`, `updated_at`) VALUES ('29', '14', '29', 'Rerum qui quidem cumque est. Numquam labore aut dolores sunt inventore. Adipisci nisi vitae eveniet ea dolorum excepturi laboriosam. Et voluptatem enim cumque est aut facilis.', 'officia', 754, NULL, '2017-08-02 05:28:02', '1982-10-30 19:33:20');
INSERT INTO `media` (`id`, `media_type_id`, `user_id`, `body`, `filename`, `size`, `metadata`, `created_at`, `updated_at`) VALUES ('30', '15', '30', 'Qui reprehenderit beatae occaecati nesciunt quia. Praesentium molestias quis ut cum neque. Eos sint maiores repudiandae veritatis illum voluptatum consequatur tempora.', 'similique', 137551058, NULL, '1972-02-27 04:18:55', '1983-08-07 13:28:56');
INSERT INTO `media` (`id`, `media_type_id`, `user_id`, `body`, `filename`, `size`, `metadata`, `created_at`, `updated_at`) VALUES ('31', '1', '31', 'Nesciunt quis quo autem eos. Vel eos aut eaque occaecati.', 'consectetur', 6293966, NULL, '1975-02-04 12:38:54', '1989-03-24 13:08:39');
INSERT INTO `media` (`id`, `media_type_id`, `user_id`, `body`, `filename`, `size`, `metadata`, `created_at`, `updated_at`) VALUES ('32', '2', '32', 'Est et nihil labore ipsam qui maxime. Quo quo nemo ut et a. Rem ab ratione quis sint quibusdam nihil fugit. Dolorem et dolorem in est molestiae.', 'rerum', 0, NULL, '1984-10-10 19:40:57', '1974-07-15 23:32:59');
INSERT INTO `media` (`id`, `media_type_id`, `user_id`, `body`, `filename`, `size`, `metadata`, `created_at`, `updated_at`) VALUES ('33', '3', '33', 'Iste dolorem eum nisi ea minus molestiae. Quis eveniet ratione harum doloremque enim quia officia.', 'eos', 0, NULL, '2000-06-13 08:51:38', '2016-02-12 17:50:48');
INSERT INTO `media` (`id`, `media_type_id`, `user_id`, `body`, `filename`, `size`, `metadata`, `created_at`, `updated_at`) VALUES ('34', '4', '34', 'Nisi qui deserunt ut inventore consectetur consequatur. Doloremque eum quibusdam quod sed et suscipit. Amet minus quibusdam et a. Beatae est eligendi veniam voluptatem ut suscipit et.', 'voluptatem', 0, NULL, '1996-11-30 06:23:15', '2019-05-06 09:48:42');
INSERT INTO `media` (`id`, `media_type_id`, `user_id`, `body`, `filename`, `size`, `metadata`, `created_at`, `updated_at`) VALUES ('35', '5', '35', 'Molestiae laudantium dolorem dignissimos ea et quam fuga. Suscipit dignissimos consectetur et laboriosam cumque qui velit perferendis. Est quibusdam aut minus aut non nesciunt. Sequi sit officiis voluptatibus exercitationem.', 'sunt', 529604, NULL, '2020-02-04 22:21:58', '2008-09-30 10:13:49');
INSERT INTO `media` (`id`, `media_type_id`, `user_id`, `body`, `filename`, `size`, `metadata`, `created_at`, `updated_at`) VALUES ('36', '6', '36', 'Ratione quibusdam iure non et nesciunt aut. Sint est ratione illo. Velit nulla consectetur fugiat consequuntur molestiae quis consectetur. Itaque ab ut praesentium quasi quasi.', 'eum', 1559, NULL, '2002-07-15 19:11:24', '1978-11-27 16:11:53');
INSERT INTO `media` (`id`, `media_type_id`, `user_id`, `body`, `filename`, `size`, `metadata`, `created_at`, `updated_at`) VALUES ('37', '7', '37', 'Deleniti itaque quam fugiat accusamus non ab sit minus. Vero iure dolore omnis reprehenderit ullam veritatis aut est. Numquam autem quia accusamus quidem fugit.', 'iusto', 50172, NULL, '2007-04-16 20:35:43', '2011-05-27 00:02:10');
INSERT INTO `media` (`id`, `media_type_id`, `user_id`, `body`, `filename`, `size`, `metadata`, `created_at`, `updated_at`) VALUES ('38', '8', '38', 'Et odio sit adipisci ad quibusdam veritatis dolores. Vel dolores et et. Ea enim cumque consectetur pariatur rerum eos. Ipsum eum et aut suscipit minus qui sit.', 'maiores', 51, NULL, '1990-04-25 11:18:39', '1973-06-10 07:48:40');
INSERT INTO `media` (`id`, `media_type_id`, `user_id`, `body`, `filename`, `size`, `metadata`, `created_at`, `updated_at`) VALUES ('39', '9', '39', 'Modi quasi voluptas rerum debitis voluptatibus maiores. Voluptatem nobis quia magnam eaque aspernatur similique. Odio rerum quia nihil reiciendis molestiae qui eveniet. Aut id placeat facilis animi eligendi.', 'voluptatem', 49339274, NULL, '1978-11-13 17:37:59', '2016-02-19 16:33:14');
INSERT INTO `media` (`id`, `media_type_id`, `user_id`, `body`, `filename`, `size`, `metadata`, `created_at`, `updated_at`) VALUES ('40', '10', '40', 'Possimus ipsum eius amet reprehenderit aut est. Vel aperiam provident autem qui totam esse nemo. Non qui accusamus eum ut sint reprehenderit iste est.', 'eum', 777, NULL, '2008-01-16 12:30:09', '1996-10-15 03:54:57');
INSERT INTO `media` (`id`, `media_type_id`, `user_id`, `body`, `filename`, `size`, `metadata`, `created_at`, `updated_at`) VALUES ('41', '11', '41', 'Aut ut saepe deserunt quibusdam minus repellat. Dolorem ut et suscipit impedit illum. Officiis facilis omnis et non non assumenda quos.', 'voluptates', 9170409, NULL, '1997-11-26 17:42:29', '2012-09-25 12:30:21');
INSERT INTO `media` (`id`, `media_type_id`, `user_id`, `body`, `filename`, `size`, `metadata`, `created_at`, `updated_at`) VALUES ('42', '12', '42', 'Molestias officiis velit vitae et. Et deleniti sit unde et. Reprehenderit quis eum sed ut.', 'eum', 274817527, NULL, '1999-11-26 21:49:08', '2000-05-05 20:36:50');
INSERT INTO `media` (`id`, `media_type_id`, `user_id`, `body`, `filename`, `size`, `metadata`, `created_at`, `updated_at`) VALUES ('43', '13', '43', 'Esse iusto cum rerum quia odit. Est alias incidunt saepe atque a. Distinctio consequatur distinctio consequatur libero eum. Corporis consectetur a vero non praesentium.', 'et', 487102790, NULL, '2007-06-09 23:20:09', '1989-07-25 04:52:46');
INSERT INTO `media` (`id`, `media_type_id`, `user_id`, `body`, `filename`, `size`, `metadata`, `created_at`, `updated_at`) VALUES ('44', '14', '44', 'Optio hic aliquam ratione quia dolores repellat fuga. Et dignissimos qui optio quasi. Sit blanditiis ab doloribus. Nihil sed aperiam doloremque vel eveniet ut aliquid dicta.', 'delectus', 6, NULL, '2004-01-15 11:29:03', '2013-11-08 16:23:50');
INSERT INTO `media` (`id`, `media_type_id`, `user_id`, `body`, `filename`, `size`, `metadata`, `created_at`, `updated_at`) VALUES ('45', '15', '45', 'Et quam fugit aliquam ab. Assumenda repellat totam qui molestiae nisi. Eveniet quo ullam qui mollitia modi aut voluptas a.', 'aut', 528850, NULL, '2002-12-21 11:02:30', '2015-10-07 15:44:34');
INSERT INTO `media` (`id`, `media_type_id`, `user_id`, `body`, `filename`, `size`, `metadata`, `created_at`, `updated_at`) VALUES ('46', '1', '46', 'Amet maxime eligendi harum harum inventore. Voluptatum voluptas nobis qui nulla vitae qui. Tempore facilis cumque eum eum sit. Aut pariatur optio possimus.', 'omnis', 23650, NULL, '2007-05-19 23:02:10', '1977-12-08 15:42:51');
INSERT INTO `media` (`id`, `media_type_id`, `user_id`, `body`, `filename`, `size`, `metadata`, `created_at`, `updated_at`) VALUES ('47', '2', '47', 'Cumque facere ut reprehenderit vel fugit similique expedita. Non eligendi quisquam et quos nam ipsam nihil. Omnis qui quia totam aut temporibus eaque.', 'repellat', 181983, NULL, '2014-06-03 12:59:14', '2017-11-10 10:14:30');
INSERT INTO `media` (`id`, `media_type_id`, `user_id`, `body`, `filename`, `size`, `metadata`, `created_at`, `updated_at`) VALUES ('48', '3', '48', 'Ipsa nulla aut quisquam vel blanditiis necessitatibus est. Dignissimos nihil voluptatibus beatae earum sed et in. Enim qui sit consectetur earum aut. Suscipit repellendus ea pariatur qui corrupti.', 'illo', 29841425, NULL, '1970-11-25 02:54:38', '2011-05-22 23:09:50');
INSERT INTO `media` (`id`, `media_type_id`, `user_id`, `body`, `filename`, `size`, `metadata`, `created_at`, `updated_at`) VALUES ('49', '4', '49', 'Sunt culpa quam culpa repudiandae. Autem aut consectetur quam in nihil vel aut. Autem rerum explicabo labore ut architecto cupiditate.', 'velit', 157221513, NULL, '2012-02-23 10:40:02', '2006-06-18 23:35:43');
INSERT INTO `media` (`id`, `media_type_id`, `user_id`, `body`, `filename`, `size`, `metadata`, `created_at`, `updated_at`) VALUES ('50', '5', '50', 'Ad esse et minima. Et officiis repellendus delectus aliquam magni similique labore. Est quia rerum dolore voluptate. Id tempora commodi quia tempore repudiandae voluptatem qui voluptate.', 'ipsam', 52546482, NULL, '2008-08-19 14:19:32', '2017-09-29 09:29:34');
INSERT INTO `media` (`id`, `media_type_id`, `user_id`, `body`, `filename`, `size`, `metadata`, `created_at`, `updated_at`) VALUES ('51', '6', '51', 'Dolorum ullam dolorum quidem qui natus a maiores totam. Dolores reiciendis aut voluptas voluptas aut eligendi.', 'nam', 9706362, NULL, '1979-10-07 12:17:14', '1994-03-01 19:10:18');
INSERT INTO `media` (`id`, `media_type_id`, `user_id`, `body`, `filename`, `size`, `metadata`, `created_at`, `updated_at`) VALUES ('52', '7', '52', 'Velit non cum sed qui. Aspernatur quia et voluptates. Nihil sit et culpa. Est ea est et doloremque cumque minima. Reiciendis nihil aliquid doloribus minus.', 'aliquid', 179596, NULL, '1983-01-22 12:11:26', '1984-04-07 22:27:14');
INSERT INTO `media` (`id`, `media_type_id`, `user_id`, `body`, `filename`, `size`, `metadata`, `created_at`, `updated_at`) VALUES ('53', '8', '53', 'Repellat quia fuga esse non reiciendis. Doloremque omnis qui quis aperiam fugiat. Vel voluptatem facere autem voluptas occaecati vitae. Commodi ad nihil sit sequi id ut nam.', 'id', 50945292, NULL, '2013-06-13 19:14:16', '2008-04-13 08:23:28');
INSERT INTO `media` (`id`, `media_type_id`, `user_id`, `body`, `filename`, `size`, `metadata`, `created_at`, `updated_at`) VALUES ('54', '9', '54', 'Quidem consequatur sunt iure magni placeat nemo a. Fuga quia aliquid voluptatibus corrupti non. Veritatis facilis accusantium rerum laborum distinctio exercitationem culpa. Nostrum est qui sequi non.', 'totam', 425, NULL, '1986-04-27 21:20:59', '1989-07-06 17:26:09');
INSERT INTO `media` (`id`, `media_type_id`, `user_id`, `body`, `filename`, `size`, `metadata`, `created_at`, `updated_at`) VALUES ('55', '10', '55', 'Eius et dolores blanditiis nam quia qui necessitatibus iste. Sed et sapiente dolores non fuga totam ut. Molestiae perferendis est ipsum delectus voluptatem assumenda ipsum.', 'nihil', 0, NULL, '2015-04-05 07:08:53', '2004-02-04 00:07:23');
INSERT INTO `media` (`id`, `media_type_id`, `user_id`, `body`, `filename`, `size`, `metadata`, `created_at`, `updated_at`) VALUES ('56', '11', '56', 'Vero omnis ipsa dolorum architecto aut quia. Voluptatem explicabo nulla doloribus reiciendis qui nobis ab ut. Nobis voluptas dolores in nulla vero exercitationem. Ea blanditiis vel accusantium modi.', 'omnis', 6, NULL, '1989-11-10 11:19:38', '2004-03-17 23:03:49');
INSERT INTO `media` (`id`, `media_type_id`, `user_id`, `body`, `filename`, `size`, `metadata`, `created_at`, `updated_at`) VALUES ('57', '12', '57', 'Aperiam illum nisi ipsum. Vitae omnis repellat et qui et.', 'ipsum', 916322486, NULL, '1972-01-16 14:57:56', '1988-01-23 05:54:58');
INSERT INTO `media` (`id`, `media_type_id`, `user_id`, `body`, `filename`, `size`, `metadata`, `created_at`, `updated_at`) VALUES ('58', '13', '58', 'Ad quam dolores ut. Explicabo exercitationem reprehenderit impedit cumque. In reiciendis quisquam quia fugiat rerum nam.', 'tenetur', 70923414, NULL, '1981-02-09 06:08:48', '1989-12-16 13:46:55');
INSERT INTO `media` (`id`, `media_type_id`, `user_id`, `body`, `filename`, `size`, `metadata`, `created_at`, `updated_at`) VALUES ('59', '14', '59', 'Repellat ut et et laborum ea. Recusandae blanditiis odio minus quo velit. Occaecati non eius qui et aut exercitationem.', 'numquam', 8, NULL, '1994-03-10 03:54:14', '1999-05-20 00:50:40');
INSERT INTO `media` (`id`, `media_type_id`, `user_id`, `body`, `filename`, `size`, `metadata`, `created_at`, `updated_at`) VALUES ('60', '15', '60', 'Asperiores sed asperiores culpa dolorem dolores facilis. Eos vitae et sed quaerat sint. Sed odio odit soluta quam voluptas. Repellendus ullam quia perspiciatis enim.', 'enim', 214792, NULL, '2002-03-01 10:28:06', '1992-01-25 04:28:11');
INSERT INTO `media` (`id`, `media_type_id`, `user_id`, `body`, `filename`, `size`, `metadata`, `created_at`, `updated_at`) VALUES ('61', '1', '61', 'Alias magni aliquid rerum saepe amet. Sequi voluptatem ipsa perspiciatis placeat. Impedit necessitatibus est in temporibus consequatur sint.', 'ut', 369360, NULL, '2000-11-25 23:21:14', '1990-09-02 12:44:37');
INSERT INTO `media` (`id`, `media_type_id`, `user_id`, `body`, `filename`, `size`, `metadata`, `created_at`, `updated_at`) VALUES ('62', '2', '62', 'Architecto nihil quae illo ea hic. Ea quae quibusdam inventore deleniti et ex. Magni dolores et non. Quasi nemo aut assumenda sit est et.', 'sint', 8797, NULL, '1976-03-03 03:12:15', '1991-12-07 22:56:23');
INSERT INTO `media` (`id`, `media_type_id`, `user_id`, `body`, `filename`, `size`, `metadata`, `created_at`, `updated_at`) VALUES ('63', '3', '63', 'Aperiam molestiae sint magnam eos debitis reiciendis. Est voluptate dolore blanditiis ullam. Iure facere iure non rerum dolorem qui quo. Quis est voluptas impedit velit quisquam doloribus.', 'delectus', 52, NULL, '2020-02-17 00:52:34', '1992-04-23 07:33:29');
INSERT INTO `media` (`id`, `media_type_id`, `user_id`, `body`, `filename`, `size`, `metadata`, `created_at`, `updated_at`) VALUES ('64', '4', '64', 'Vitae magnam laborum nisi ut. Odit optio quisquam corrupti voluptatem saepe. Sapiente fugit voluptatem ut id nihil qui eveniet.', 'reprehenderit', 114022115, NULL, '1970-03-30 15:55:05', '2012-04-26 17:07:15');
INSERT INTO `media` (`id`, `media_type_id`, `user_id`, `body`, `filename`, `size`, `metadata`, `created_at`, `updated_at`) VALUES ('65', '5', '65', 'Rem reiciendis veritatis sint ex quidem error id. Modi dolorem non aut est. Tempora id sapiente ab quos.', 'omnis', 575440, NULL, '2009-11-25 12:01:22', '1979-04-13 22:53:51');
INSERT INTO `media` (`id`, `media_type_id`, `user_id`, `body`, `filename`, `size`, `metadata`, `created_at`, `updated_at`) VALUES ('66', '6', '66', 'Officiis rerum porro nulla ullam voluptatem voluptatum. Magnam molestiae consectetur aut sequi enim et porro. Eius velit incidunt vel laudantium tenetur. Itaque qui exercitationem quis provident quo atque.', 'aut', 7, NULL, '2012-05-09 22:39:22', '1970-04-23 19:26:54');
INSERT INTO `media` (`id`, `media_type_id`, `user_id`, `body`, `filename`, `size`, `metadata`, `created_at`, `updated_at`) VALUES ('67', '7', '67', 'Nostrum unde quia possimus minus. Tenetur enim quis eveniet consectetur iure illum. Quis consequatur corrupti dicta aut a. Aspernatur ullam sed incidunt rerum. Voluptatem autem cum rerum eum voluptas enim earum.', 'est', 5303257, NULL, '1997-11-04 01:56:13', '1977-06-14 02:25:21');
INSERT INTO `media` (`id`, `media_type_id`, `user_id`, `body`, `filename`, `size`, `metadata`, `created_at`, `updated_at`) VALUES ('68', '8', '68', 'Qui rerum voluptatem odit aut voluptatum beatae labore. Voluptas nisi ut minima tenetur nam a illo. Et quia nostrum vero quia dolorem voluptatem est.', 'animi', 82828066, NULL, '2006-06-06 19:20:22', '1977-09-20 07:51:15');
INSERT INTO `media` (`id`, `media_type_id`, `user_id`, `body`, `filename`, `size`, `metadata`, `created_at`, `updated_at`) VALUES ('69', '9', '69', 'Blanditiis sunt impedit quo consectetur ipsum. Laborum numquam eum consectetur.', 'deleniti', 686, NULL, '1972-10-15 14:36:48', '2010-04-03 13:53:55');
INSERT INTO `media` (`id`, `media_type_id`, `user_id`, `body`, `filename`, `size`, `metadata`, `created_at`, `updated_at`) VALUES ('70', '10', '70', 'Unde aspernatur aut nisi voluptas sint. Incidunt neque est reiciendis quis molestias totam. Inventore suscipit ut eos rerum voluptas dolores recusandae. Architecto officia molestiae at aut est optio error.', 'odit', 9, NULL, '1994-08-21 14:29:08', '1976-05-16 15:59:58');
INSERT INTO `media` (`id`, `media_type_id`, `user_id`, `body`, `filename`, `size`, `metadata`, `created_at`, `updated_at`) VALUES ('71', '11', '71', 'Inventore harum eos inventore aperiam asperiores dolor. Expedita distinctio officiis id ipsam culpa quo. A nihil et distinctio omnis ea non. Ut esse harum commodi iste. Minus et quibusdam expedita non eos illum.', 'laboriosam', 713406505, NULL, '2015-09-24 04:09:54', '1977-05-25 04:28:58');
INSERT INTO `media` (`id`, `media_type_id`, `user_id`, `body`, `filename`, `size`, `metadata`, `created_at`, `updated_at`) VALUES ('72', '12', '72', 'Laudantium consectetur neque sit adipisci quo culpa tempora. Adipisci suscipit et fugiat est. Deserunt aut numquam nulla qui nam. Et velit dolores animi consequatur fuga recusandae.', 'eos', 75137, NULL, '2001-05-08 12:25:18', '1971-03-21 11:57:59');
INSERT INTO `media` (`id`, `media_type_id`, `user_id`, `body`, `filename`, `size`, `metadata`, `created_at`, `updated_at`) VALUES ('73', '13', '73', 'Repudiandae atque nisi minus. Enim rerum aut ut eos omnis voluptas accusamus ipsum. Similique iste perferendis voluptatum excepturi tenetur omnis officiis. Dolores in repellendus ad delectus quam autem accusamus deleniti. Officiis similique sequi vitae autem.', 'sint', 85115270, NULL, '2006-11-29 17:24:09', '2006-09-13 09:57:36');
INSERT INTO `media` (`id`, `media_type_id`, `user_id`, `body`, `filename`, `size`, `metadata`, `created_at`, `updated_at`) VALUES ('74', '14', '74', 'Voluptatum non et qui sit nostrum est. Id unde dolorum optio doloribus repellendus pariatur.', 'aut', 278635152, NULL, '2005-08-27 05:29:26', '2014-11-16 22:27:46');
INSERT INTO `media` (`id`, `media_type_id`, `user_id`, `body`, `filename`, `size`, `metadata`, `created_at`, `updated_at`) VALUES ('75', '15', '75', 'Ducimus omnis ad dolore. Minima iure ullam doloremque totam animi. Id qui architecto necessitatibus laborum deleniti ab architecto vel.', 'et', 68954, NULL, '1994-02-06 20:12:25', '2006-03-21 11:44:26');
INSERT INTO `media` (`id`, `media_type_id`, `user_id`, `body`, `filename`, `size`, `metadata`, `created_at`, `updated_at`) VALUES ('76', '1', '76', 'Voluptatibus hic alias minus corrupti ut delectus reprehenderit itaque. Sed et possimus autem est nihil.', 'totam', 28, NULL, '2007-09-10 03:03:17', '1993-12-12 22:15:32');
INSERT INTO `media` (`id`, `media_type_id`, `user_id`, `body`, `filename`, `size`, `metadata`, `created_at`, `updated_at`) VALUES ('77', '2', '77', 'Debitis repudiandae alias consequatur alias. Id et et sed ratione non blanditiis. Eius et est soluta natus rerum distinctio eum. Dolore et ut beatae voluptatibus mollitia eum adipisci.', 'explicabo', 93499199, NULL, '2004-05-06 22:30:15', '2008-05-23 22:34:44');
INSERT INTO `media` (`id`, `media_type_id`, `user_id`, `body`, `filename`, `size`, `metadata`, `created_at`, `updated_at`) VALUES ('78', '3', '78', 'Distinctio provident non expedita. Vero debitis quisquam est earum facere amet. Occaecati sunt quia officiis et.', 'enim', 2943, NULL, '1979-08-21 14:52:34', '2010-02-16 11:06:47');
INSERT INTO `media` (`id`, `media_type_id`, `user_id`, `body`, `filename`, `size`, `metadata`, `created_at`, `updated_at`) VALUES ('79', '4', '79', 'Aliquid ipsam enim voluptatem est ut rerum iusto. Deleniti sapiente tempore ut asperiores. Eaque velit quae quidem libero reprehenderit nisi.', 'est', 23121200, NULL, '1983-12-31 10:10:35', '2010-01-25 02:31:09');
INSERT INTO `media` (`id`, `media_type_id`, `user_id`, `body`, `filename`, `size`, `metadata`, `created_at`, `updated_at`) VALUES ('80', '5', '80', 'Ut nostrum voluptatem ex nihil qui. Quasi non repellendus possimus libero vel architecto earum. Provident qui quasi atque debitis voluptate itaque veniam voluptatem. Enim qui occaecati soluta eum beatae aperiam labore.', 'ut', 641332, NULL, '2015-01-26 15:06:30', '1972-06-26 01:13:04');
INSERT INTO `media` (`id`, `media_type_id`, `user_id`, `body`, `filename`, `size`, `metadata`, `created_at`, `updated_at`) VALUES ('81', '6', '81', 'Harum totam rerum non et aliquam ea. Nobis natus aut quia atque alias sunt voluptate. Et hic illum voluptates facere quo. Facilis voluptatem quis dicta assumenda.', 'sunt', 58732, NULL, '1993-09-03 17:49:51', '2006-05-01 22:06:13');
INSERT INTO `media` (`id`, `media_type_id`, `user_id`, `body`, `filename`, `size`, `metadata`, `created_at`, `updated_at`) VALUES ('82', '7', '82', 'Est incidunt debitis ut hic neque pariatur. Ad enim odio iusto porro omnis aut. Qui tempore ut sit ut at.', 'ratione', 696, NULL, '2007-08-18 06:37:48', '1993-04-25 20:12:52');
INSERT INTO `media` (`id`, `media_type_id`, `user_id`, `body`, `filename`, `size`, `metadata`, `created_at`, `updated_at`) VALUES ('83', '8', '83', 'Et non pariatur perferendis optio qui voluptatem. Qui esse est qui inventore eum. Quisquam id non atque quos. Dolorem repellat velit in nesciunt omnis voluptatum facilis.', 'quae', 2421583, NULL, '1993-08-27 12:19:21', '2017-05-11 03:07:37');
INSERT INTO `media` (`id`, `media_type_id`, `user_id`, `body`, `filename`, `size`, `metadata`, `created_at`, `updated_at`) VALUES ('84', '9', '84', 'Dolor consequuntur nihil corrupti animi ea qui. Aliquid dolorem possimus officia. Quia provident iste nam consectetur.', 'fuga', 167361830, NULL, '2010-03-24 16:41:54', '2004-04-28 13:53:52');
INSERT INTO `media` (`id`, `media_type_id`, `user_id`, `body`, `filename`, `size`, `metadata`, `created_at`, `updated_at`) VALUES ('85', '10', '85', 'Modi omnis doloremque architecto nostrum. Nulla est aperiam sit error recusandae.', 'illum', 560, NULL, '2011-07-02 03:04:17', '1991-08-09 18:41:17');
INSERT INTO `media` (`id`, `media_type_id`, `user_id`, `body`, `filename`, `size`, `metadata`, `created_at`, `updated_at`) VALUES ('86', '11', '86', 'Voluptas repudiandae quia quasi enim quisquam. Eos laboriosam animi libero adipisci et. Dolore quasi sequi quasi eius harum libero non unde.', 'repellendus', 6587, NULL, '1974-09-15 12:54:15', '1988-11-06 17:50:41');
INSERT INTO `media` (`id`, `media_type_id`, `user_id`, `body`, `filename`, `size`, `metadata`, `created_at`, `updated_at`) VALUES ('87', '12', '87', 'Dolore pariatur esse aut magni tempora consectetur. Alias ut at dignissimos aut qui quaerat qui porro. Libero voluptates dolores inventore autem necessitatibus ea sed.', 'temporibus', 18, NULL, '1976-09-21 09:17:04', '2007-12-09 19:57:29');
INSERT INTO `media` (`id`, `media_type_id`, `user_id`, `body`, `filename`, `size`, `metadata`, `created_at`, `updated_at`) VALUES ('88', '13', '88', 'Est itaque occaecati voluptas esse voluptatem sint quia. Non inventore vel voluptas at. Et quos placeat sunt quod consequatur. Illum fugiat illum maxime dignissimos nisi saepe necessitatibus.', 'ad', 8883838, NULL, '2018-09-12 08:28:58', '1976-06-15 14:22:21');
INSERT INTO `media` (`id`, `media_type_id`, `user_id`, `body`, `filename`, `size`, `metadata`, `created_at`, `updated_at`) VALUES ('89', '14', '89', 'Accusamus quia dicta et. Qui similique rerum iste ut praesentium error aliquam. Accusantium architecto natus molestiae aut temporibus quo inventore. Modi explicabo ab delectus rerum.', 'quisquam', 57331, NULL, '2011-03-07 20:41:46', '1990-12-06 07:09:32');
INSERT INTO `media` (`id`, `media_type_id`, `user_id`, `body`, `filename`, `size`, `metadata`, `created_at`, `updated_at`) VALUES ('90', '15', '90', 'Pariatur eos aliquam consequuntur fuga recusandae in aut. Dicta ut dicta fugit rerum magni. Natus expedita accusamus molestias distinctio. Commodi omnis doloremque vero eaque voluptatem.', 'molestiae', 50490677, NULL, '2013-03-10 06:13:35', '2014-11-01 17:41:29');
INSERT INTO `media` (`id`, `media_type_id`, `user_id`, `body`, `filename`, `size`, `metadata`, `created_at`, `updated_at`) VALUES ('91', '1', '91', 'Iusto tempora nam sapiente esse a quia. Fugiat adipisci suscipit voluptas officiis expedita. Magni delectus dolores voluptate et minus repellendus facilis. Molestiae qui corrupti et eos.', 'beatae', 5, NULL, '1976-12-05 04:36:37', '1971-07-19 02:18:21');
INSERT INTO `media` (`id`, `media_type_id`, `user_id`, `body`, `filename`, `size`, `metadata`, `created_at`, `updated_at`) VALUES ('92', '2', '92', 'Cum corrupti minima veritatis quaerat. Voluptatibus sit voluptas eligendi id illum quod. Reiciendis consequatur quia quis alias esse ipsa. Inventore soluta eum in veniam est.', 'tempora', 54013, NULL, '2012-06-20 09:40:48', '2017-10-20 01:50:15');
INSERT INTO `media` (`id`, `media_type_id`, `user_id`, `body`, `filename`, `size`, `metadata`, `created_at`, `updated_at`) VALUES ('93', '3', '93', 'Sunt est a omnis quae ipsa temporibus exercitationem. Quia enim aliquam in dignissimos. Illum nulla harum neque accusantium. Doloremque velit amet rerum nobis doloremque nobis ipsum eligendi.', 'rerum', 26657859, NULL, '1997-09-12 21:20:56', '1993-01-07 21:18:15');
INSERT INTO `media` (`id`, `media_type_id`, `user_id`, `body`, `filename`, `size`, `metadata`, `created_at`, `updated_at`) VALUES ('94', '4', '94', 'Vel nisi nemo ad eos modi quis. Suscipit et nostrum ut nostrum quod maxime. Autem repudiandae assumenda beatae explicabo amet voluptatem quaerat. Nisi illum minus hic quidem est eveniet veritatis. Illum quod dolores ullam consequatur consequuntur atque facere excepturi.', 'nulla', 6, NULL, '2001-12-14 18:49:35', '1978-04-07 10:01:31');
INSERT INTO `media` (`id`, `media_type_id`, `user_id`, `body`, `filename`, `size`, `metadata`, `created_at`, `updated_at`) VALUES ('95', '5', '95', 'Animi rerum ad laborum nam odit non nostrum. Facere expedita sed aliquid. Rerum officia ut sint autem. Qui qui iusto qui autem.', 'consequatur', 0, NULL, '2000-09-07 03:26:18', '1997-10-21 03:53:56');
INSERT INTO `media` (`id`, `media_type_id`, `user_id`, `body`, `filename`, `size`, `metadata`, `created_at`, `updated_at`) VALUES ('96', '6', '96', 'Est autem placeat modi et qui doloribus laudantium. Rerum blanditiis doloribus quo nemo. Occaecati eveniet suscipit dolores.', 'laborum', 3009191, NULL, '1998-02-19 08:18:25', '2017-10-04 00:49:08');
INSERT INTO `media` (`id`, `media_type_id`, `user_id`, `body`, `filename`, `size`, `metadata`, `created_at`, `updated_at`) VALUES ('97', '7', '97', 'Quo at veritatis corrupti nostrum odio qui modi. Qui quia occaecati omnis sint dolorem voluptatem. Nobis eos qui exercitationem enim dolorem.', 'quia', 36065, NULL, '2006-04-29 16:22:23', '1975-06-06 08:02:26');
INSERT INTO `media` (`id`, `media_type_id`, `user_id`, `body`, `filename`, `size`, `metadata`, `created_at`, `updated_at`) VALUES ('98', '8', '98', 'Nostrum laborum et dolorem ratione. Dolor harum eveniet et dolorem est itaque. Quia aut eaque ipsum ipsum nihil.', 'enim', 574944561, NULL, '1994-08-17 07:16:12', '1986-12-01 04:34:20');
INSERT INTO `media` (`id`, `media_type_id`, `user_id`, `body`, `filename`, `size`, `metadata`, `created_at`, `updated_at`) VALUES ('99', '9', '99', 'Ad eum facilis eum dolore eaque iure. Cupiditate voluptatibus qui magni dolores quod omnis molestias. Recusandae consequuntur modi non nemo et voluptatem cum.', 'adipisci', 357698332, NULL, '1989-07-17 17:56:17', '1994-11-02 20:14:38');
INSERT INTO `media` (`id`, `media_type_id`, `user_id`, `body`, `filename`, `size`, `metadata`, `created_at`, `updated_at`) VALUES ('100', '10', '100', 'Rerum nihil aspernatur inventore animi eius. Quia laudantium commodi earum. Vero consequatur dolore molestiae provident a exercitationem. Quod rem nisi sint quod laboriosam dolore. Sit accusamus maxime fugit laborum.', 'libero', 7543, NULL, '1975-02-08 00:02:47', '1977-03-28 23:26:49');
INSERT INTO `media` (`id`, `media_type_id`, `user_id`, `body`, `filename`, `size`, `metadata`, `created_at`, `updated_at`) VALUES ('101', '11', '101', 'Labore sunt architecto sed. Nemo ullam ut voluptatibus eveniet. Numquam nam soluta illum quae provident minus ducimus eum. Ut neque veniam repellendus qui.', 'aut', 2, NULL, '1993-09-12 10:47:47', '1982-02-05 13:14:50');
INSERT INTO `media` (`id`, `media_type_id`, `user_id`, `body`, `filename`, `size`, `metadata`, `created_at`, `updated_at`) VALUES ('102', '12', '102', 'Nostrum ducimus facere quam sapiente voluptatem. Consequatur eaque ex dicta nisi est ducimus. Dolor ab praesentium veniam velit ut praesentium itaque. Sint illo eveniet ea aut iure in est.', 'fugit', 5, NULL, '1977-04-17 15:21:00', '2000-10-28 00:30:15');
INSERT INTO `media` (`id`, `media_type_id`, `user_id`, `body`, `filename`, `size`, `metadata`, `created_at`, `updated_at`) VALUES ('103', '13', '103', 'Quo voluptas voluptatibus veniam et laboriosam ratione dolorum. Ea et laborum et blanditiis. Vitae quisquam voluptatum qui quis est aliquid molestias. Qui nihil eum rerum id.', 'non', 47732, NULL, '1990-05-23 00:56:13', '2008-09-06 11:25:29');
INSERT INTO `media` (`id`, `media_type_id`, `user_id`, `body`, `filename`, `size`, `metadata`, `created_at`, `updated_at`) VALUES ('104', '14', '104', 'Ex provident aut dolorem earum ipsam necessitatibus ipsam. Impedit dolor at culpa voluptatem est sunt totam. Quia libero aspernatur quo adipisci dicta expedita et. Et qui ad in dolorem doloribus dolore.', 'architecto', 666768, NULL, '1991-07-25 08:06:29', '1997-07-13 22:40:08');
INSERT INTO `media` (`id`, `media_type_id`, `user_id`, `body`, `filename`, `size`, `metadata`, `created_at`, `updated_at`) VALUES ('105', '15', '105', 'Aperiam aut magni saepe qui nemo et. Ea et minima voluptatum magnam. Sed in quidem quaerat enim molestiae. Eveniet non ullam hic debitis soluta quos enim.', 'id', 3972, NULL, '1984-08-02 07:55:16', '2018-11-21 20:24:26');
INSERT INTO `media` (`id`, `media_type_id`, `user_id`, `body`, `filename`, `size`, `metadata`, `created_at`, `updated_at`) VALUES ('106', '1', '106', 'Sed molestiae quae enim repellat. Maxime iusto rem voluptatibus non. Facere voluptates tempora et sunt.', 'quas', 568, NULL, '1973-12-15 19:51:07', '2009-12-23 13:59:41');
INSERT INTO `media` (`id`, `media_type_id`, `user_id`, `body`, `filename`, `size`, `metadata`, `created_at`, `updated_at`) VALUES ('107', '2', '107', 'Cupiditate fugiat doloribus occaecati dolorem sed vel voluptas odit. Molestias qui sint earum officia autem quae ut. Sint molestiae officia sed veritatis animi aut.', 'dicta', 9, NULL, '1988-11-20 09:19:07', '1987-03-09 05:39:09');
INSERT INTO `media` (`id`, `media_type_id`, `user_id`, `body`, `filename`, `size`, `metadata`, `created_at`, `updated_at`) VALUES ('108', '3', '108', 'Eum magnam sed omnis enim alias et sunt blanditiis. Eius sed et culpa cum consequatur numquam dicta. Sapiente et voluptate magni eaque corporis eius ut.', 'veritatis', 8441122, NULL, '1977-04-24 08:25:40', '1977-03-22 10:01:17');
INSERT INTO `media` (`id`, `media_type_id`, `user_id`, `body`, `filename`, `size`, `metadata`, `created_at`, `updated_at`) VALUES ('109', '4', '109', 'Quo et occaecati et quia vero dignissimos rerum. Consequatur veniam molestiae inventore nemo enim. Qui quos cumque esse consequatur rerum sequi eos. Quibusdam cumque eveniet sed sit reiciendis ut. Et explicabo atque eligendi inventore sunt est quia.', 'aut', 6, NULL, '1980-10-11 02:24:51', '1990-12-23 21:05:10');
INSERT INTO `media` (`id`, `media_type_id`, `user_id`, `body`, `filename`, `size`, `metadata`, `created_at`, `updated_at`) VALUES ('110', '5', '110', 'Sed recusandae laborum laborum exercitationem fugiat provident quia. Et dolor ipsam ipsa voluptas iure adipisci. Occaecati magni non quia minus. Fugiat amet delectus omnis et nam.', 'animi', 90, NULL, '1973-02-28 02:26:16', '1995-04-26 14:28:38');
INSERT INTO `media` (`id`, `media_type_id`, `user_id`, `body`, `filename`, `size`, `metadata`, `created_at`, `updated_at`) VALUES ('111', '6', '111', 'Ipsum ea qui voluptatem sit suscipit. Deleniti tempore vero harum. Soluta veritatis cumque expedita odio non ea et. Dolores nihil iusto ipsum illum debitis.', 'impedit', 137836, NULL, '2015-04-26 01:30:33', '2014-12-20 07:56:14');
INSERT INTO `media` (`id`, `media_type_id`, `user_id`, `body`, `filename`, `size`, `metadata`, `created_at`, `updated_at`) VALUES ('112', '7', '112', 'Perferendis eos possimus molestiae harum veniam. Quia ratione ipsum dicta qui voluptatem. Dolor enim quod laborum laboriosam ipsa molestiae. Est est qui qui nihil.', 'iusto', 356, NULL, '1983-05-25 03:41:22', '1986-10-05 14:23:20');
INSERT INTO `media` (`id`, `media_type_id`, `user_id`, `body`, `filename`, `size`, `metadata`, `created_at`, `updated_at`) VALUES ('113', '8', '113', 'Omnis excepturi doloremque error eum ut neque omnis. Adipisci alias voluptates quae culpa. Omnis esse ut est eum.', 'deleniti', 3271696, NULL, '2018-09-08 02:28:39', '1995-07-28 17:15:58');
INSERT INTO `media` (`id`, `media_type_id`, `user_id`, `body`, `filename`, `size`, `metadata`, `created_at`, `updated_at`) VALUES ('114', '9', '114', 'Harum voluptatem amet minima nihil et. Dolor consequatur dolorem error natus repellat ut.', 'velit', 64706810, NULL, '2017-09-03 16:01:23', '1980-11-26 17:08:52');
INSERT INTO `media` (`id`, `media_type_id`, `user_id`, `body`, `filename`, `size`, `metadata`, `created_at`, `updated_at`) VALUES ('115', '10', '115', 'Accusamus accusamus qui quod et. Soluta cumque beatae et. Mollitia id quo sunt sed impedit numquam quis aut.', 'sequi', 3, NULL, '1981-10-31 08:59:50', '2015-09-01 07:02:26');
INSERT INTO `media` (`id`, `media_type_id`, `user_id`, `body`, `filename`, `size`, `metadata`, `created_at`, `updated_at`) VALUES ('116', '11', '116', 'Porro quisquam non quaerat quod porro. Sunt dolorum neque aut doloremque. Voluptas vel suscipit aliquid ipsa quia voluptas non. Ea necessitatibus dolor placeat exercitationem et sapiente amet qui. Ut consectetur ipsam dolor.', 'ea', 4, NULL, '1993-05-11 03:46:14', '2005-10-17 09:26:25');
INSERT INTO `media` (`id`, `media_type_id`, `user_id`, `body`, `filename`, `size`, `metadata`, `created_at`, `updated_at`) VALUES ('117', '12', '117', 'Mollitia exercitationem consequatur optio. Magni maiores deserunt velit aut delectus ad incidunt minima. Nihil et aliquam harum.', 'qui', 91389, NULL, '2015-06-18 08:44:12', '1989-11-10 18:16:47');
INSERT INTO `media` (`id`, `media_type_id`, `user_id`, `body`, `filename`, `size`, `metadata`, `created_at`, `updated_at`) VALUES ('118', '13', '118', 'Explicabo qui sapiente et nesciunt vel libero. Fuga minus saepe rerum sapiente vel. Id nisi eum quis explicabo non vel labore.', 'numquam', 58607, NULL, '2001-12-13 15:53:14', '1999-09-11 13:42:09');
INSERT INTO `media` (`id`, `media_type_id`, `user_id`, `body`, `filename`, `size`, `metadata`, `created_at`, `updated_at`) VALUES ('119', '14', '119', 'Occaecati et maxime quasi illum. Voluptatem dolores possimus soluta ipsa sunt alias. Voluptatum ut dolores omnis ratione.', 'repudiandae', 86, NULL, '1992-12-16 23:23:20', '1972-12-17 07:42:38');
INSERT INTO `media` (`id`, `media_type_id`, `user_id`, `body`, `filename`, `size`, `metadata`, `created_at`, `updated_at`) VALUES ('120', '15', '120', 'Maxime voluptas enim alias nemo. Dolore ea qui laborum vitae. Debitis provident fugiat aut laborum qui ullam.', 'qui', 0, NULL, '1991-05-28 00:58:00', '1994-08-22 17:19:41');
INSERT INTO `media` (`id`, `media_type_id`, `user_id`, `body`, `filename`, `size`, `metadata`, `created_at`, `updated_at`) VALUES ('121', '1', '1', 'Sunt aut sunt repudiandae nam qui delectus assumenda. Sed exercitationem minima quia. Cum aut nemo quo ullam et qui officiis.', 'eum', 957683666, NULL, '2000-02-10 01:35:05', '1979-08-16 23:59:14');
INSERT INTO `media` (`id`, `media_type_id`, `user_id`, `body`, `filename`, `size`, `metadata`, `created_at`, `updated_at`) VALUES ('122', '2', '2', 'Laborum eius eligendi dolores nostrum dolores. Consectetur et commodi commodi ratione porro possimus. Eum eligendi laudantium maiores dolorem nihil est voluptatem non.', 'expedita', 287, NULL, '1998-11-26 03:35:54', '1999-01-25 05:32:45');
INSERT INTO `media` (`id`, `media_type_id`, `user_id`, `body`, `filename`, `size`, `metadata`, `created_at`, `updated_at`) VALUES ('123', '3', '3', 'Ut et autem quo iusto doloribus. In voluptatibus suscipit nesciunt sint optio aut. Deserunt quae accusantium delectus dolores in omnis.', 'et', 22809, NULL, '1973-02-21 15:37:44', '2017-07-01 05:52:06');
INSERT INTO `media` (`id`, `media_type_id`, `user_id`, `body`, `filename`, `size`, `metadata`, `created_at`, `updated_at`) VALUES ('124', '4', '4', 'Qui qui amet laborum id. Error et nulla iusto similique ut dolor. Quia veniam quae accusantium necessitatibus accusantium vitae voluptatem. Magnam porro placeat quidem animi quas.', 'velit', 8, NULL, '1995-06-03 09:56:17', '1970-03-29 21:15:52');
INSERT INTO `media` (`id`, `media_type_id`, `user_id`, `body`, `filename`, `size`, `metadata`, `created_at`, `updated_at`) VALUES ('125', '5', '5', 'Non eos provident nemo ducimus. Omnis perspiciatis ea voluptatem impedit. Aliquam aut aspernatur ex deserunt omnis porro magnam. A et ut totam quaerat soluta iusto quibusdam.', 'ipsam', 943, NULL, '2003-03-17 09:28:12', '2002-10-20 05:17:10');
INSERT INTO `media` (`id`, `media_type_id`, `user_id`, `body`, `filename`, `size`, `metadata`, `created_at`, `updated_at`) VALUES ('126', '6', '6', 'Culpa temporibus voluptates fuga quae nihil est sed. Cum minus error aut. Modi praesentium quo cupiditate.', 'odit', 808781459, NULL, '1979-11-19 11:35:18', '1990-10-08 14:45:50');
INSERT INTO `media` (`id`, `media_type_id`, `user_id`, `body`, `filename`, `size`, `metadata`, `created_at`, `updated_at`) VALUES ('127', '7', '7', 'Blanditiis omnis et consectetur facilis excepturi temporibus ea et. Quam illum nisi iure eaque et. Facere eaque sunt voluptatem animi. Aut sapiente qui debitis delectus iusto aliquam.', 'nemo', 87148, NULL, '1995-02-12 16:21:37', '1976-02-24 08:22:27');
INSERT INTO `media` (`id`, `media_type_id`, `user_id`, `body`, `filename`, `size`, `metadata`, `created_at`, `updated_at`) VALUES ('128', '8', '8', 'Quibusdam omnis sit quod nulla. Iure quae doloribus ad sit. Eius eos cupiditate officiis qui unde quaerat. Voluptate tempora esse fugit facere animi autem at.', 'explicabo', 1746475, NULL, '2001-02-13 10:01:24', '1979-08-22 22:03:01');
INSERT INTO `media` (`id`, `media_type_id`, `user_id`, `body`, `filename`, `size`, `metadata`, `created_at`, `updated_at`) VALUES ('129', '9', '9', 'Aut nesciunt et dolores est dicta quia. Reiciendis deserunt voluptatibus labore neque eius. Mollitia quaerat consectetur aut in quis et.', 'qui', 32569961, NULL, '2011-11-18 21:17:11', '1990-10-07 21:52:51');
INSERT INTO `media` (`id`, `media_type_id`, `user_id`, `body`, `filename`, `size`, `metadata`, `created_at`, `updated_at`) VALUES ('130', '10', '10', 'Enim tempore facilis sit ipsam sit et architecto. Eligendi repudiandae libero omnis doloribus modi non quia. Id porro enim et in.', 'aspernatur', 413022, NULL, '1995-10-02 14:46:02', '1989-04-10 02:56:31');
INSERT INTO `media` (`id`, `media_type_id`, `user_id`, `body`, `filename`, `size`, `metadata`, `created_at`, `updated_at`) VALUES ('131', '11', '11', 'Molestiae velit facere dignissimos suscipit cupiditate et. Similique consectetur id ipsa tenetur corporis nam dolor eveniet. Eum voluptatem repellendus eum culpa sed totam eum quam.', 'aperiam', 167754312, NULL, '2002-04-02 13:31:20', '1999-04-19 16:16:58');
INSERT INTO `media` (`id`, `media_type_id`, `user_id`, `body`, `filename`, `size`, `metadata`, `created_at`, `updated_at`) VALUES ('132', '12', '12', 'Ut consequatur consequatur voluptas iste dolorem explicabo. Nesciunt amet quia voluptatem sapiente iure vitae. Error rerum facere sed quia et inventore.', 'suscipit', 4003068, NULL, '1981-04-05 23:03:31', '2017-05-09 08:56:52');
INSERT INTO `media` (`id`, `media_type_id`, `user_id`, `body`, `filename`, `size`, `metadata`, `created_at`, `updated_at`) VALUES ('133', '13', '13', 'Est sit dignissimos temporibus. Maxime asperiores tempore laudantium recusandae. Vero corporis et id ab voluptatem. Et eius qui cupiditate ex temporibus ea aut.', 'corrupti', 1, NULL, '1991-07-11 02:03:45', '1989-09-13 00:01:07');
INSERT INTO `media` (`id`, `media_type_id`, `user_id`, `body`, `filename`, `size`, `metadata`, `created_at`, `updated_at`) VALUES ('134', '14', '14', 'Ut quam itaque nihil voluptas laborum placeat quae voluptatem. Nihil tempore est soluta ut atque qui sunt. Est qui reprehenderit eaque omnis earum tempore rem.', 'vitae', 172946, NULL, '2012-10-29 18:52:44', '1997-04-04 14:48:35');
INSERT INTO `media` (`id`, `media_type_id`, `user_id`, `body`, `filename`, `size`, `metadata`, `created_at`, `updated_at`) VALUES ('135', '15', '15', 'Cum ipsa omnis deserunt reiciendis. Est minima ipsum voluptas ullam. Qui molestiae libero ut quasi pariatur.', 'cum', 238232, NULL, '1974-09-22 07:41:13', '1999-02-17 00:49:05');
INSERT INTO `media` (`id`, `media_type_id`, `user_id`, `body`, `filename`, `size`, `metadata`, `created_at`, `updated_at`) VALUES ('136', '1', '16', 'Perspiciatis et quis voluptas tempore sed est. Non beatae magni facere. Dicta ut modi ad incidunt alias et sed. Est omnis ab ab a voluptas.', 'voluptas', 43, NULL, '1976-11-11 21:17:48', '1987-06-20 11:35:09');
INSERT INTO `media` (`id`, `media_type_id`, `user_id`, `body`, `filename`, `size`, `metadata`, `created_at`, `updated_at`) VALUES ('137', '2', '17', 'Laboriosam alias harum maiores soluta explicabo. Et voluptatum est porro qui quae saepe. Iusto enim necessitatibus aut blanditiis quae repudiandae. Adipisci sed odit recusandae deserunt.', 'laudantium', 0, NULL, '1991-10-09 21:23:13', '2009-03-10 17:02:29');
INSERT INTO `media` (`id`, `media_type_id`, `user_id`, `body`, `filename`, `size`, `metadata`, `created_at`, `updated_at`) VALUES ('138', '3', '18', 'Voluptas dolores est expedita iste cupiditate quos ut est. Quod dolorum ab minus et officiis. Voluptas commodi maiores qui cumque.', 'ducimus', 6977, NULL, '1983-01-03 02:32:06', '2003-09-12 10:17:04');
INSERT INTO `media` (`id`, `media_type_id`, `user_id`, `body`, `filename`, `size`, `metadata`, `created_at`, `updated_at`) VALUES ('139', '4', '19', 'Ea aliquam molestias perspiciatis repellendus eos. Hic voluptate accusantium et cupiditate sapiente aspernatur. Qui cum saepe in magnam quam. Aliquid quae rerum temporibus quaerat quia.', 'et', 0, NULL, '1996-07-30 07:07:29', '2002-04-06 22:21:21');
INSERT INTO `media` (`id`, `media_type_id`, `user_id`, `body`, `filename`, `size`, `metadata`, `created_at`, `updated_at`) VALUES ('140', '5', '20', 'Provident a sapiente ducimus temporibus tempora laborum. Dolorum qui tempore id est quae animi quisquam voluptatum. Mollitia rerum est adipisci ut dolore.', 'qui', 987, NULL, '1972-08-18 11:17:29', '1996-12-27 13:47:56');
INSERT INTO `media` (`id`, `media_type_id`, `user_id`, `body`, `filename`, `size`, `metadata`, `created_at`, `updated_at`) VALUES ('141', '6', '21', 'Excepturi aperiam id sint mollitia in et sed. Asperiores blanditiis ut accusamus est dolore et. Possimus eveniet sequi id voluptas eum nobis et blanditiis.', 'quas', 49, NULL, '2011-03-25 02:00:45', '1984-02-10 12:24:00');
INSERT INTO `media` (`id`, `media_type_id`, `user_id`, `body`, `filename`, `size`, `metadata`, `created_at`, `updated_at`) VALUES ('142', '7', '22', 'Aut neque praesentium doloremque. Qui quo rerum corrupti expedita voluptas unde est.', 'quia', 0, NULL, '1974-10-29 10:04:52', '2004-01-25 11:24:29');
INSERT INTO `media` (`id`, `media_type_id`, `user_id`, `body`, `filename`, `size`, `metadata`, `created_at`, `updated_at`) VALUES ('143', '8', '23', 'Provident facere et esse totam voluptas sequi fugiat itaque. Deleniti tempora iure et quia id voluptatem. Est et et ex ut. Mollitia qui laudantium magnam maiores.', 'facere', 970820221, NULL, '2003-02-04 14:54:55', '1993-06-07 19:48:14');
INSERT INTO `media` (`id`, `media_type_id`, `user_id`, `body`, `filename`, `size`, `metadata`, `created_at`, `updated_at`) VALUES ('144', '9', '24', 'Alias sed sint est et. Assumenda blanditiis nihil quod nostrum et ducimus. Ut distinctio aut id et iste velit sapiente possimus.', 'beatae', 632, NULL, '1977-07-19 12:31:05', '1993-03-26 05:05:38');
INSERT INTO `media` (`id`, `media_type_id`, `user_id`, `body`, `filename`, `size`, `metadata`, `created_at`, `updated_at`) VALUES ('145', '10', '25', 'Harum laudantium suscipit voluptatem quibusdam. Officia et dolorem odio id similique est veritatis. Consequatur unde consequuntur aperiam voluptatem commodi. At fugit aut odio amet in quo laboriosam ipsam.', 'blanditiis', 855137, NULL, '2010-11-29 07:45:55', '1970-07-15 07:13:54');
INSERT INTO `media` (`id`, `media_type_id`, `user_id`, `body`, `filename`, `size`, `metadata`, `created_at`, `updated_at`) VALUES ('146', '11', '26', 'Maiores modi sit nostrum et ex eius nihil. Corporis ut sint minus et. Aut id et et ut et explicabo est aliquid.', 'consectetur', 434, NULL, '1970-03-06 04:50:10', '1998-09-28 19:50:39');
INSERT INTO `media` (`id`, `media_type_id`, `user_id`, `body`, `filename`, `size`, `metadata`, `created_at`, `updated_at`) VALUES ('147', '12', '27', 'Dolor vel quia quae quos dolores dolorem sapiente ducimus. Est enim harum provident autem. Aut nihil sint in repudiandae suscipit dolorem rerum.', 'impedit', 946073, NULL, '1984-11-04 09:42:49', '1990-05-21 21:20:33');
INSERT INTO `media` (`id`, `media_type_id`, `user_id`, `body`, `filename`, `size`, `metadata`, `created_at`, `updated_at`) VALUES ('148', '13', '28', 'Dolores dolor non nisi natus ut molestiae voluptatibus. Enim quis illum facere sapiente numquam. Accusantium natus deleniti fuga incidunt.', 'animi', 82, NULL, '2000-03-13 15:34:35', '1994-11-15 19:06:31');
INSERT INTO `media` (`id`, `media_type_id`, `user_id`, `body`, `filename`, `size`, `metadata`, `created_at`, `updated_at`) VALUES ('149', '14', '29', 'Eos voluptatem est esse enim vitae non mollitia. Consequuntur consequatur consequatur magnam quo ea. Neque molestias enim ducimus dolorem ut omnis et.', 'eos', 3, NULL, '1980-12-10 19:33:07', '1973-10-27 09:03:41');
INSERT INTO `media` (`id`, `media_type_id`, `user_id`, `body`, `filename`, `size`, `metadata`, `created_at`, `updated_at`) VALUES ('150', '15', '30', 'Ipsum sit nisi quia et eum quidem nam. Et vel quia est possimus doloremque omnis.', 'debitis', 6685, NULL, '1997-03-16 04:39:22', '1987-08-30 22:48:44');
INSERT INTO `media` (`id`, `media_type_id`, `user_id`, `body`, `filename`, `size`, `metadata`, `created_at`, `updated_at`) VALUES ('151', '1', '31', 'Repellat et a est. Nam voluptas ut omnis in aperiam pariatur. Est repellat ipsa excepturi dolores eligendi ut.', 'dolorum', 32, NULL, '2008-11-16 08:15:02', '1991-01-27 23:08:51');
INSERT INTO `media` (`id`, `media_type_id`, `user_id`, `body`, `filename`, `size`, `metadata`, `created_at`, `updated_at`) VALUES ('152', '2', '32', 'Pariatur soluta minima voluptas aut. Quasi in quia nihil id nobis officiis. Quo dicta dolor sunt hic dicta. Temporibus distinctio architecto qui ab qui.', 'et', 748650, NULL, '1984-04-23 10:10:44', '2003-05-30 03:15:48');
INSERT INTO `media` (`id`, `media_type_id`, `user_id`, `body`, `filename`, `size`, `metadata`, `created_at`, `updated_at`) VALUES ('153', '3', '33', 'Maxime itaque odio modi iusto optio odit nesciunt. Enim commodi in voluptatem.', 'autem', 7842, NULL, '2006-10-07 01:22:32', '2004-04-06 04:10:50');
INSERT INTO `media` (`id`, `media_type_id`, `user_id`, `body`, `filename`, `size`, `metadata`, `created_at`, `updated_at`) VALUES ('154', '4', '34', 'Delectus alias cum nemo. Voluptatem molestiae eveniet maiores quis aut consequuntur hic. Quaerat optio natus aut.', 'quidem', 0, NULL, '1972-08-02 15:28:24', '1983-03-18 18:58:24');
INSERT INTO `media` (`id`, `media_type_id`, `user_id`, `body`, `filename`, `size`, `metadata`, `created_at`, `updated_at`) VALUES ('155', '5', '35', 'Aut non eos et voluptates laborum eos. Sunt in dicta expedita magnam quaerat voluptatem. Voluptatem odio dolorem iste sit dolorum inventore.', 'tenetur', 6, NULL, '2012-06-13 23:32:37', '1988-02-21 07:52:15');
INSERT INTO `media` (`id`, `media_type_id`, `user_id`, `body`, `filename`, `size`, `metadata`, `created_at`, `updated_at`) VALUES ('156', '6', '36', 'Voluptate omnis voluptas aut omnis. Veritatis culpa non rem quos iure ut. Commodi cupiditate minima nihil et. Distinctio voluptate recusandae cumque nulla. Fugit sit aut sit.', 'pariatur', 395, NULL, '2003-11-28 19:37:36', '2019-05-03 17:58:43');
INSERT INTO `media` (`id`, `media_type_id`, `user_id`, `body`, `filename`, `size`, `metadata`, `created_at`, `updated_at`) VALUES ('157', '7', '37', 'Sit quo deleniti ut libero nam. Alias debitis dolor assumenda accusantium. Quia consequatur libero est incidunt sunt inventore.', 'ut', 8449, NULL, '2009-11-23 00:40:48', '1995-12-29 11:38:22');
INSERT INTO `media` (`id`, `media_type_id`, `user_id`, `body`, `filename`, `size`, `metadata`, `created_at`, `updated_at`) VALUES ('158', '8', '38', 'Sint architecto et ab fuga et mollitia nam soluta. Mollitia error nihil sunt delectus iure beatae nisi dignissimos. Non magnam voluptatem in possimus. Qui iste neque autem ut magnam dolor ut.', 'nam', 713, NULL, '1973-03-16 08:47:05', '1983-08-15 15:52:50');
INSERT INTO `media` (`id`, `media_type_id`, `user_id`, `body`, `filename`, `size`, `metadata`, `created_at`, `updated_at`) VALUES ('159', '9', '39', 'Quae soluta cumque voluptatem at dolorem. Quia aut consectetur quas asperiores blanditiis. Asperiores alias quibusdam qui autem earum. Optio minus dicta mollitia minus.', 'hic', 8700, NULL, '1972-09-07 16:15:55', '1992-04-13 04:03:15');
INSERT INTO `media` (`id`, `media_type_id`, `user_id`, `body`, `filename`, `size`, `metadata`, `created_at`, `updated_at`) VALUES ('160', '10', '40', 'Est officia non dolores facere pariatur cumque. Reiciendis hic magnam alias esse non cumque. Voluptatem rerum impedit quaerat est iusto quasi at.', 'dolor', 38171587, NULL, '1983-10-20 17:33:23', '1994-05-03 06:05:41');
INSERT INTO `media` (`id`, `media_type_id`, `user_id`, `body`, `filename`, `size`, `metadata`, `created_at`, `updated_at`) VALUES ('161', '11', '41', 'Dolorem soluta error ipsa suscipit nesciunt libero praesentium veniam. In aliquam corporis consequatur voluptatem nihil. Quibusdam voluptatem labore dolorem corrupti ipsum natus distinctio. Optio dicta aut numquam sapiente fuga aspernatur harum.', 'quo', 0, NULL, '2003-11-09 23:06:22', '1970-02-15 21:38:04');
INSERT INTO `media` (`id`, `media_type_id`, `user_id`, `body`, `filename`, `size`, `metadata`, `created_at`, `updated_at`) VALUES ('162', '12', '42', 'Nostrum maxime saepe suscipit corrupti. Dolorum maiores possimus voluptatem et itaque autem fugit. In libero rem voluptate at eum totam facere. Et voluptatem totam debitis est alias id voluptate et.', 'ut', 310689309, NULL, '1991-08-28 17:29:44', '1990-03-10 04:58:54');
INSERT INTO `media` (`id`, `media_type_id`, `user_id`, `body`, `filename`, `size`, `metadata`, `created_at`, `updated_at`) VALUES ('163', '13', '43', 'Quia mollitia provident maxime aliquam aspernatur aut animi. Illum praesentium ad eum minima unde voluptas explicabo. Ea esse aperiam voluptas voluptatem provident.', 'cupiditate', 66, NULL, '2006-12-16 21:58:43', '2013-09-17 16:58:13');
INSERT INTO `media` (`id`, `media_type_id`, `user_id`, `body`, `filename`, `size`, `metadata`, `created_at`, `updated_at`) VALUES ('164', '14', '44', 'Beatae accusantium iure vel molestiae earum. Tenetur officiis vel odit aliquam et ut.', 'fuga', 55809949, NULL, '1997-07-04 17:47:44', '1987-12-03 14:31:45');
INSERT INTO `media` (`id`, `media_type_id`, `user_id`, `body`, `filename`, `size`, `metadata`, `created_at`, `updated_at`) VALUES ('165', '15', '45', 'Et nihil nobis cupiditate consequatur illum. Ea sed voluptatem voluptatum enim qui dolore suscipit. Fugit doloremque pariatur atque placeat inventore accusantium.', 'molestiae', 12237, NULL, '2017-07-01 07:30:15', '1992-04-25 21:09:47');
INSERT INTO `media` (`id`, `media_type_id`, `user_id`, `body`, `filename`, `size`, `metadata`, `created_at`, `updated_at`) VALUES ('166', '1', '46', 'Et ut delectus sit quia. Dicta ut distinctio porro ut rerum.', 'impedit', 978, NULL, '2010-09-18 09:02:27', '1981-09-05 11:05:06');
INSERT INTO `media` (`id`, `media_type_id`, `user_id`, `body`, `filename`, `size`, `metadata`, `created_at`, `updated_at`) VALUES ('167', '2', '47', 'Doloribus aperiam laboriosam omnis. Nulla blanditiis rerum quidem rem voluptatem voluptate.', 'nihil', 206, NULL, '1970-09-21 01:35:32', '2017-12-17 19:48:12');
INSERT INTO `media` (`id`, `media_type_id`, `user_id`, `body`, `filename`, `size`, `metadata`, `created_at`, `updated_at`) VALUES ('168', '3', '48', 'Omnis aut quia qui. Facere facere aut hic cumque qui quam. Debitis accusantium nobis minima enim odio laudantium quos. Est nostrum sequi illo ipsam et ratione aut.', 'aliquid', 666, NULL, '1978-12-04 11:05:24', '1979-07-10 12:35:15');
INSERT INTO `media` (`id`, `media_type_id`, `user_id`, `body`, `filename`, `size`, `metadata`, `created_at`, `updated_at`) VALUES ('169', '4', '49', 'Cumque et consequatur asperiores ipsam fuga fuga sed. Adipisci omnis quia voluptatum iste aliquam reiciendis. Autem in molestiae sit modi hic sed.', 'ipsam', 90, NULL, '1999-05-30 11:49:26', '2017-12-21 12:05:12');
INSERT INTO `media` (`id`, `media_type_id`, `user_id`, `body`, `filename`, `size`, `metadata`, `created_at`, `updated_at`) VALUES ('170', '5', '50', 'Quos similique nihil et est. Debitis accusamus ut voluptatem et et. Rerum odit omnis et occaecati. Velit impedit aut commodi dolor. Commodi molestias iste sapiente iusto temporibus.', 'officia', 34456248, NULL, '2019-11-11 17:55:38', '2005-11-14 07:06:03');
INSERT INTO `media` (`id`, `media_type_id`, `user_id`, `body`, `filename`, `size`, `metadata`, `created_at`, `updated_at`) VALUES ('171', '6', '51', 'Mollitia non qui vitae ut est eveniet est. Laborum eos est sed ad placeat sed. Qui omnis ipsam assumenda consequatur vel voluptas sed.', 'aliquid', 667597, NULL, '1991-04-24 16:10:10', '2006-10-27 12:27:52');
INSERT INTO `media` (`id`, `media_type_id`, `user_id`, `body`, `filename`, `size`, `metadata`, `created_at`, `updated_at`) VALUES ('172', '7', '52', 'Atque itaque aperiam dolorum cum eaque ipsum. Voluptatem nostrum sed temporibus recusandae eum sed.', 'inventore', 72897, NULL, '1975-08-22 15:52:23', '2014-02-18 18:54:14');
INSERT INTO `media` (`id`, `media_type_id`, `user_id`, `body`, `filename`, `size`, `metadata`, `created_at`, `updated_at`) VALUES ('173', '8', '53', 'Repudiandae suscipit eum nam voluptatem. Cum deleniti aliquam accusamus. A eligendi tenetur dolores officia libero qui ipsum. Blanditiis illo aut deleniti fugit blanditiis consequatur dicta.', 'fugit', 8247816, NULL, '1972-02-19 12:06:50', '1984-12-14 07:09:18');
INSERT INTO `media` (`id`, `media_type_id`, `user_id`, `body`, `filename`, `size`, `metadata`, `created_at`, `updated_at`) VALUES ('174', '9', '54', 'Excepturi illo reiciendis illum in quisquam eos esse. Animi quam et temporibus autem libero quia. Omnis maiores sint temporibus.', 'omnis', 736, NULL, '2008-04-12 11:28:21', '1987-08-03 08:49:27');
INSERT INTO `media` (`id`, `media_type_id`, `user_id`, `body`, `filename`, `size`, `metadata`, `created_at`, `updated_at`) VALUES ('175', '10', '55', 'Consequatur rerum ad qui quos recusandae eos laudantium. Qui nihil corrupti architecto placeat aut totam. Reprehenderit aliquam suscipit voluptatem accusamus ut aperiam. Et eos ullam voluptas id.', 'commodi', 194396049, NULL, '1998-03-21 00:37:13', '2001-03-29 05:03:54');
INSERT INTO `media` (`id`, `media_type_id`, `user_id`, `body`, `filename`, `size`, `metadata`, `created_at`, `updated_at`) VALUES ('176', '11', '56', 'Et architecto vero rerum omnis temporibus. Officiis assumenda eligendi occaecati itaque. Quia quia qui quibusdam est voluptatibus nostrum delectus. Enim harum quia libero quasi sint cum.', 'et', 434307866, NULL, '1992-03-09 02:36:34', '1986-12-14 07:10:19');
INSERT INTO `media` (`id`, `media_type_id`, `user_id`, `body`, `filename`, `size`, `metadata`, `created_at`, `updated_at`) VALUES ('177', '12', '57', 'Laboriosam sit sed nemo velit voluptatem. Blanditiis ea eum aperiam occaecati. Dolorem aut facere voluptas id doloremque. Eos sunt consequatur iusto velit.', 'culpa', 9, NULL, '1998-10-11 06:58:23', '1982-06-06 10:38:36');
INSERT INTO `media` (`id`, `media_type_id`, `user_id`, `body`, `filename`, `size`, `metadata`, `created_at`, `updated_at`) VALUES ('178', '13', '58', 'Odit soluta nihil dolorem earum eveniet. Doloremque maiores ut perspiciatis facere eaque nihil. Accusantium nihil tenetur qui a qui labore placeat.', 'aut', 501454687, NULL, '2013-11-23 08:43:03', '2000-05-11 11:47:33');
INSERT INTO `media` (`id`, `media_type_id`, `user_id`, `body`, `filename`, `size`, `metadata`, `created_at`, `updated_at`) VALUES ('179', '14', '59', 'Sequi ex natus placeat iure corrupti est. Quisquam quo unde corrupti dolor. In nam nihil sunt reiciendis aut ullam est.', 'ut', 9633383, NULL, '1976-10-06 22:26:36', '1990-01-08 06:28:10');
INSERT INTO `media` (`id`, `media_type_id`, `user_id`, `body`, `filename`, `size`, `metadata`, `created_at`, `updated_at`) VALUES ('180', '15', '60', 'Ea impedit eaque consequatur pariatur. Nihil voluptates laboriosam saepe. Non saepe ut reiciendis at dolore veniam. Nihil sed sequi aut aspernatur. Quae aliquid id sit quis sunt nisi deleniti incidunt.', 'nulla', 665180, NULL, '2010-10-07 17:46:32', '2012-02-25 08:17:42');
INSERT INTO `media` (`id`, `media_type_id`, `user_id`, `body`, `filename`, `size`, `metadata`, `created_at`, `updated_at`) VALUES ('181', '1', '61', 'Sint ipsam quia totam nulla accusantium cupiditate quam veritatis. Voluptas provident ut corrupti dolorum. Sed nisi omnis laborum nobis sit.', 'est', 0, NULL, '2005-02-18 13:26:33', '1982-11-17 14:44:46');
INSERT INTO `media` (`id`, `media_type_id`, `user_id`, `body`, `filename`, `size`, `metadata`, `created_at`, `updated_at`) VALUES ('182', '2', '62', 'Facere atque natus occaecati earum rerum tenetur est. Aut odio ad corrupti omnis. Velit repellendus sunt aspernatur vero minus quisquam et et. Consectetur ipsam voluptatem est exercitationem quia voluptates incidunt.', 'ut', 70, NULL, '2004-08-31 05:54:17', '1990-07-12 16:17:18');
INSERT INTO `media` (`id`, `media_type_id`, `user_id`, `body`, `filename`, `size`, `metadata`, `created_at`, `updated_at`) VALUES ('183', '3', '63', 'Ullam quibusdam et deserunt molestiae laboriosam et. Eum laboriosam velit enim sequi explicabo dicta aut. Nemo dolorum fuga quidem autem nemo rem.', 'impedit', 763309, NULL, '1974-06-16 16:39:29', '2011-05-05 08:34:29');
INSERT INTO `media` (`id`, `media_type_id`, `user_id`, `body`, `filename`, `size`, `metadata`, `created_at`, `updated_at`) VALUES ('184', '4', '64', 'Nihil error magnam aut maiores. Et asperiores doloribus exercitationem quas et occaecati. Vel cum sint tenetur doloribus aut. Harum distinctio sequi numquam impedit beatae explicabo veniam.', 'dolore', 8, NULL, '1975-07-25 16:23:22', '1972-01-03 05:10:11');
INSERT INTO `media` (`id`, `media_type_id`, `user_id`, `body`, `filename`, `size`, `metadata`, `created_at`, `updated_at`) VALUES ('185', '5', '65', 'Et non asperiores neque molestiae molestiae quia laboriosam. Omnis ut qui nemo repudiandae. Dolorem ducimus voluptas animi labore omnis.', 'earum', 2, NULL, '2006-02-03 09:37:12', '2016-09-22 10:28:01');
INSERT INTO `media` (`id`, `media_type_id`, `user_id`, `body`, `filename`, `size`, `metadata`, `created_at`, `updated_at`) VALUES ('186', '6', '66', 'Recusandae occaecati impedit ratione enim provident cumque velit. Hic est et provident iure et. Est consectetur quaerat magni nihil quo mollitia delectus. Illum aut similique qui.', 'sapiente', 57, NULL, '2017-05-30 06:50:59', '2014-08-08 12:06:19');
INSERT INTO `media` (`id`, `media_type_id`, `user_id`, `body`, `filename`, `size`, `metadata`, `created_at`, `updated_at`) VALUES ('187', '7', '67', 'Debitis doloremque placeat blanditiis cumque magnam. Nesciunt eum quos eum beatae dolor. Laboriosam aut aut voluptatibus fugit.', 'libero', 5565975, NULL, '1979-01-02 22:02:15', '2016-05-29 01:09:43');
INSERT INTO `media` (`id`, `media_type_id`, `user_id`, `body`, `filename`, `size`, `metadata`, `created_at`, `updated_at`) VALUES ('188', '8', '68', 'Sit et molestiae sint. Veritatis a ducimus labore ipsa ratione iure.', 'sequi', 1, NULL, '2015-05-03 20:12:02', '2010-02-13 13:28:30');
INSERT INTO `media` (`id`, `media_type_id`, `user_id`, `body`, `filename`, `size`, `metadata`, `created_at`, `updated_at`) VALUES ('189', '9', '69', 'Maiores consequatur voluptatibus corrupti minus sunt sit. Autem natus laudantium ut error natus corrupti doloremque. Et et aperiam alias quis aut sit ratione.', 'voluptate', 80687, NULL, '2015-07-06 07:56:15', '2011-06-17 10:40:17');
INSERT INTO `media` (`id`, `media_type_id`, `user_id`, `body`, `filename`, `size`, `metadata`, `created_at`, `updated_at`) VALUES ('190', '10', '70', 'Non a laboriosam odio fuga velit. Minus nostrum maiores pariatur quos architecto illo eos blanditiis. In quos voluptas tempore.', 'nulla', 5, NULL, '1992-01-23 20:19:54', '1980-04-22 01:14:20');
INSERT INTO `media` (`id`, `media_type_id`, `user_id`, `body`, `filename`, `size`, `metadata`, `created_at`, `updated_at`) VALUES ('191', '11', '71', 'Quis qui aut ea voluptatem atque ut. Vel animi quis nihil excepturi. Nostrum nihil aut dolor ratione.', 'cum', 6328, NULL, '1970-01-04 04:06:54', '1980-09-01 13:16:58');
INSERT INTO `media` (`id`, `media_type_id`, `user_id`, `body`, `filename`, `size`, `metadata`, `created_at`, `updated_at`) VALUES ('192', '12', '72', 'Commodi quasi nihil quo deserunt ex nobis ea laudantium. Vel dolor dignissimos deserunt error libero et alias quas. Ut vitae sapiente voluptatem et aut molestiae tenetur. Sed repellat amet magni aliquam distinctio aut autem. Et et architecto voluptas nobis consectetur dolores.', 'culpa', 8, NULL, '1990-01-02 00:29:38', '2000-05-25 22:35:56');
INSERT INTO `media` (`id`, `media_type_id`, `user_id`, `body`, `filename`, `size`, `metadata`, `created_at`, `updated_at`) VALUES ('193', '13', '73', 'Doloremque eaque facere voluptas. Dolores quia similique facere repellat aut provident vel.', 'commodi', 727972, NULL, '2002-06-14 02:28:24', '1997-11-23 00:50:53');
INSERT INTO `media` (`id`, `media_type_id`, `user_id`, `body`, `filename`, `size`, `metadata`, `created_at`, `updated_at`) VALUES ('194', '14', '74', 'Fuga autem consequuntur consequatur quisquam aut repellat. Deserunt ipsum voluptas placeat inventore nostrum amet. Perferendis dolorem esse alias quaerat. Quisquam excepturi nemo incidunt soluta.', 'quibusdam', 69, NULL, '1999-05-24 03:59:33', '2007-12-10 06:26:41');
INSERT INTO `media` (`id`, `media_type_id`, `user_id`, `body`, `filename`, `size`, `metadata`, `created_at`, `updated_at`) VALUES ('195', '15', '75', 'Sit id et sapiente aperiam. Odit nesciunt pariatur fugiat in. Recusandae at a distinctio itaque id quaerat quidem.', 'architecto', 23947, NULL, '1978-11-13 05:56:26', '1991-04-27 01:55:30');
INSERT INTO `media` (`id`, `media_type_id`, `user_id`, `body`, `filename`, `size`, `metadata`, `created_at`, `updated_at`) VALUES ('196', '1', '76', 'Et praesentium quisquam odit quidem soluta in facilis laudantium. Amet nisi reiciendis quidem quaerat dolorum iure quia qui. Qui quidem quod temporibus beatae.', 'adipisci', 970005, NULL, '2013-10-19 09:13:52', '1993-12-11 19:45:48');
INSERT INTO `media` (`id`, `media_type_id`, `user_id`, `body`, `filename`, `size`, `metadata`, `created_at`, `updated_at`) VALUES ('197', '2', '77', 'Quia vel praesentium numquam similique soluta error fugit. Aspernatur sit quisquam veritatis aut. Repudiandae quasi omnis ratione ea aut facilis. Voluptatum earum veritatis dolor aut eveniet animi.', 'qui', 3, NULL, '1983-05-02 15:42:31', '2004-09-24 23:50:21');
INSERT INTO `media` (`id`, `media_type_id`, `user_id`, `body`, `filename`, `size`, `metadata`, `created_at`, `updated_at`) VALUES ('198', '3', '78', 'Aperiam aut et deleniti voluptas commodi facilis. Assumenda adipisci aut quas aliquam expedita saepe. Quas ipsam ut perferendis quidem facilis quo voluptatem.', 'est', 760, NULL, '2010-05-06 10:14:34', '1984-08-21 06:50:07');
INSERT INTO `media` (`id`, `media_type_id`, `user_id`, `body`, `filename`, `size`, `metadata`, `created_at`, `updated_at`) VALUES ('199', '4', '79', 'Aut molestiae odio facere omnis error minus. Cum iusto quis est atque. Dolorem culpa consequatur et inventore ea qui odit. Facere et molestiae nulla ea ea ut nihil.', 'repudiandae', 4440318, NULL, '1993-02-06 23:31:36', '2015-01-16 21:24:09');
INSERT INTO `media` (`id`, `media_type_id`, `user_id`, `body`, `filename`, `size`, `metadata`, `created_at`, `updated_at`) VALUES ('200', '5', '80', 'Dolorem ipsam magni voluptates sint harum. Sit corrupti et numquam voluptatibus. Consequuntur maiores laborum doloremque itaque est incidunt.', 'et', 25, NULL, '2018-01-07 14:37:28', '1987-07-23 21:52:27');
INSERT INTO `media` (`id`, `media_type_id`, `user_id`, `body`, `filename`, `size`, `metadata`, `created_at`, `updated_at`) VALUES ('201', '6', '81', 'Tenetur provident repellat iure et quibusdam. Nihil voluptatem voluptatem consequatur tempore. Dolorem facere ea omnis quidem corporis laudantium. Ipsa incidunt molestias tempora nesciunt quia aperiam.', 'exercitationem', 8355, NULL, '1980-02-02 22:40:12', '1980-08-15 04:34:10');
INSERT INTO `media` (`id`, `media_type_id`, `user_id`, `body`, `filename`, `size`, `metadata`, `created_at`, `updated_at`) VALUES ('202', '7', '82', 'Non laudantium quibusdam quaerat doloremque aut autem. Ea sunt distinctio sit fuga ea facilis ad. Sed non consequatur eaque modi fugit architecto est. Enim dolor sit autem est.', 'qui', 423110769, NULL, '2006-07-07 13:48:21', '1983-03-18 01:36:25');
INSERT INTO `media` (`id`, `media_type_id`, `user_id`, `body`, `filename`, `size`, `metadata`, `created_at`, `updated_at`) VALUES ('203', '8', '83', 'Sit nihil optio eligendi molestiae. Dolorem rerum recusandae porro quibusdam voluptas. Rerum dignissimos dolorem omnis ullam accusantium dolor. Sint ipsum sint amet unde repellat ipsa vel.', 'eligendi', 941215, NULL, '1978-12-13 04:38:24', '2019-06-22 07:32:54');
INSERT INTO `media` (`id`, `media_type_id`, `user_id`, `body`, `filename`, `size`, `metadata`, `created_at`, `updated_at`) VALUES ('204', '9', '84', 'Dolores in voluptates necessitatibus eligendi. Rerum ut aut in culpa nostrum. Repellat mollitia ut quo dolor. Perspiciatis aut dolores quis eum non magni autem.', 'at', 192719780, NULL, '1974-01-23 09:37:44', '1981-07-16 19:04:44');
INSERT INTO `media` (`id`, `media_type_id`, `user_id`, `body`, `filename`, `size`, `metadata`, `created_at`, `updated_at`) VALUES ('205', '10', '85', 'Maxime ipsa numquam beatae nam cum molestiae. Sunt tempore excepturi doloribus aut beatae officia. Minima et iste in est.', 'veniam', 8, NULL, '1996-03-11 14:14:39', '2006-12-30 13:49:43');
INSERT INTO `media` (`id`, `media_type_id`, `user_id`, `body`, `filename`, `size`, `metadata`, `created_at`, `updated_at`) VALUES ('206', '11', '86', 'Laboriosam ipsum aliquid voluptas qui est. Doloribus tempora voluptatem praesentium enim commodi. Quia iure quaerat deleniti sit molestiae neque. Autem animi amet ea qui dolore et molestiae.', 'explicabo', 11, NULL, '1984-11-02 12:58:27', '2003-05-18 01:41:47');
INSERT INTO `media` (`id`, `media_type_id`, `user_id`, `body`, `filename`, `size`, `metadata`, `created_at`, `updated_at`) VALUES ('207', '12', '87', 'Tempora et sed consequatur et id nostrum. Asperiores aliquid ea ea rerum. Modi velit dolorem sed.', 'nihil', 223291, NULL, '1974-08-17 16:10:52', '1981-04-15 21:18:49');
INSERT INTO `media` (`id`, `media_type_id`, `user_id`, `body`, `filename`, `size`, `metadata`, `created_at`, `updated_at`) VALUES ('208', '13', '88', 'Eos doloremque aut maxime est nam quo tenetur. Neque in perspiciatis corporis quae a. Esse dolor veniam aliquam numquam quidem soluta.', 'voluptas', 0, NULL, '2003-10-10 23:42:50', '2000-05-11 05:39:27');
INSERT INTO `media` (`id`, `media_type_id`, `user_id`, `body`, `filename`, `size`, `metadata`, `created_at`, `updated_at`) VALUES ('209', '14', '89', 'Illum fuga laudantium vel velit ut aut. Delectus voluptatem facere maiores qui qui. Blanditiis iure voluptatem ut unde.', 'quo', 2317434, NULL, '1984-04-05 09:30:03', '2013-08-26 18:38:09');
INSERT INTO `media` (`id`, `media_type_id`, `user_id`, `body`, `filename`, `size`, `metadata`, `created_at`, `updated_at`) VALUES ('210', '15', '90', 'Illum nesciunt tempore doloremque quasi et adipisci. Impedit impedit praesentium natus officiis rem culpa optio. Voluptas id sunt vel id nobis unde odit. Sint explicabo dolore saepe reiciendis harum impedit quo.', 'omnis', 2924222, NULL, '1974-10-23 16:06:14', '1990-04-22 02:34:45');
INSERT INTO `media` (`id`, `media_type_id`, `user_id`, `body`, `filename`, `size`, `metadata`, `created_at`, `updated_at`) VALUES ('211', '1', '91', 'Magni omnis dolore rerum doloribus. Ea at corrupti impedit perferendis quasi reiciendis. Voluptatem autem iusto ut eum. Aut qui nisi nostrum reprehenderit.', 'ea', 2702021, NULL, '1976-08-08 23:05:41', '2013-12-24 01:52:48');
INSERT INTO `media` (`id`, `media_type_id`, `user_id`, `body`, `filename`, `size`, `metadata`, `created_at`, `updated_at`) VALUES ('212', '2', '92', 'Ex facilis quam qui eum facilis deserunt id esse. Quis omnis commodi hic. Suscipit corporis optio ab assumenda totam sequi repudiandae.', 'ut', 18616, NULL, '1996-10-29 23:44:59', '1970-01-09 12:24:39');
INSERT INTO `media` (`id`, `media_type_id`, `user_id`, `body`, `filename`, `size`, `metadata`, `created_at`, `updated_at`) VALUES ('213', '3', '93', 'Tempore quidem consequatur animi laborum nesciunt. Eligendi odio eveniet sequi est ratione modi a. Fuga nobis occaecati voluptatem sit voluptate nobis amet.', 'alias', 910366, NULL, '1984-04-09 05:15:10', '1990-04-19 11:05:47');
INSERT INTO `media` (`id`, `media_type_id`, `user_id`, `body`, `filename`, `size`, `metadata`, `created_at`, `updated_at`) VALUES ('214', '4', '94', 'Quae quia aut omnis. Eos ut consequuntur adipisci. Sequi fugit sapiente non est velit consequatur voluptas. Tenetur et iusto culpa ad nostrum eligendi aliquid.', 'nemo', 0, NULL, '2016-10-13 13:40:42', '1980-08-08 11:51:40');
INSERT INTO `media` (`id`, `media_type_id`, `user_id`, `body`, `filename`, `size`, `metadata`, `created_at`, `updated_at`) VALUES ('215', '5', '95', 'Dolorum consequatur aperiam natus iusto animi. Enim qui iste voluptas sint dolorem. Est et et commodi voluptatem quasi repellat est. Autem aut magnam ut ut asperiores esse.', 'est', 918404036, NULL, '2016-06-09 11:26:09', '1979-11-11 13:18:12');
INSERT INTO `media` (`id`, `media_type_id`, `user_id`, `body`, `filename`, `size`, `metadata`, `created_at`, `updated_at`) VALUES ('216', '6', '96', 'Placeat aut eius dolor quaerat. Voluptatem vero omnis delectus dolorem voluptas. Ad pariatur aut assumenda modi fugit. Aperiam debitis fugit saepe recusandae.', 'voluptate', 79266, NULL, '2008-05-09 08:03:53', '2002-06-20 05:22:04');
INSERT INTO `media` (`id`, `media_type_id`, `user_id`, `body`, `filename`, `size`, `metadata`, `created_at`, `updated_at`) VALUES ('217', '7', '97', 'Quasi quis perferendis quae odit. Et enim soluta ab quasi sit. Ratione aut minima corrupti excepturi. Et nobis id consequatur eveniet voluptates. Quisquam officiis labore veniam reiciendis id iusto.', 'unde', 0, NULL, '1978-09-15 20:25:45', '1983-05-27 21:51:19');
INSERT INTO `media` (`id`, `media_type_id`, `user_id`, `body`, `filename`, `size`, `metadata`, `created_at`, `updated_at`) VALUES ('218', '8', '98', 'Neque reiciendis voluptatum qui laborum quisquam est cupiditate nisi. Molestias temporibus est occaecati et. Officia iusto repellendus doloremque aut quidem quia nesciunt recusandae.', 'sit', 0, NULL, '1986-09-29 21:52:28', '1970-02-15 11:11:59');
INSERT INTO `media` (`id`, `media_type_id`, `user_id`, `body`, `filename`, `size`, `metadata`, `created_at`, `updated_at`) VALUES ('219', '9', '99', 'Quia qui sed asperiores. Ut voluptatum deserunt libero voluptatum repellendus. Quo blanditiis est aliquam tenetur ut. Explicabo error consequatur est et.', 'eius', 694459, NULL, '1972-10-21 09:25:57', '1993-02-11 07:23:58');
INSERT INTO `media` (`id`, `media_type_id`, `user_id`, `body`, `filename`, `size`, `metadata`, `created_at`, `updated_at`) VALUES ('220', '10', '100', 'Occaecati deleniti ut ratione ut. Amet corrupti ipsum ut sequi. Nihil aliquam quae vero ad consequuntur hic sit.', 'inventore', 7, NULL, '1970-03-29 20:33:15', '2019-03-09 00:17:43');
INSERT INTO `media` (`id`, `media_type_id`, `user_id`, `body`, `filename`, `size`, `metadata`, `created_at`, `updated_at`) VALUES ('221', '11', '101', 'Vitae consequatur et dolore omnis dolor optio. Velit ut ut minima et. Fugiat non accusantium commodi qui qui veritatis asperiores.', 'perferendis', 43575, NULL, '2015-10-29 09:44:47', '2002-09-23 06:19:33');
INSERT INTO `media` (`id`, `media_type_id`, `user_id`, `body`, `filename`, `size`, `metadata`, `created_at`, `updated_at`) VALUES ('222', '12', '102', 'Accusantium et reiciendis qui exercitationem perspiciatis quis dolorem. Placeat doloremque dignissimos distinctio ex doloribus eveniet. Molestiae sit assumenda fugiat a accusamus nulla voluptatem. Qui fugiat quidem nihil temporibus ratione omnis.', 'est', 538967, NULL, '2009-07-18 12:30:54', '2003-07-25 00:19:30');
INSERT INTO `media` (`id`, `media_type_id`, `user_id`, `body`, `filename`, `size`, `metadata`, `created_at`, `updated_at`) VALUES ('223', '13', '103', 'Occaecati voluptatibus quidem consequatur est in. Aperiam voluptatem perferendis atque nam. Et voluptates sed ex. Ducimus et reprehenderit quisquam quia.', 'optio', 587, NULL, '1999-02-27 03:07:47', '1974-04-17 07:15:31');
INSERT INTO `media` (`id`, `media_type_id`, `user_id`, `body`, `filename`, `size`, `metadata`, `created_at`, `updated_at`) VALUES ('224', '14', '104', 'Soluta incidunt iste occaecati expedita. Delectus dolorem velit corrupti sit enim. Minus eos voluptas fugiat. Repellendus voluptatem earum perferendis omnis expedita ab.', 'qui', 6772, NULL, '1978-06-05 10:06:55', '1970-12-16 03:34:25');
INSERT INTO `media` (`id`, `media_type_id`, `user_id`, `body`, `filename`, `size`, `metadata`, `created_at`, `updated_at`) VALUES ('225', '15', '105', 'Voluptatum temporibus id accusamus dolorem. Perspiciatis eos maxime ad nam dolores. Incidunt eius consequatur voluptatem sit explicabo quia. Quia veritatis ut dolore qui.', 'in', 6, NULL, '1999-04-08 03:28:55', '2002-01-20 20:41:55');
INSERT INTO `media` (`id`, `media_type_id`, `user_id`, `body`, `filename`, `size`, `metadata`, `created_at`, `updated_at`) VALUES ('226', '1', '106', 'Cum corrupti qui ea natus voluptatem. Quos repellendus enim dolor aut rerum consequuntur.', 'exercitationem', 5, NULL, '1986-09-14 15:32:22', '2017-12-14 04:49:07');
INSERT INTO `media` (`id`, `media_type_id`, `user_id`, `body`, `filename`, `size`, `metadata`, `created_at`, `updated_at`) VALUES ('227', '2', '107', 'Illo est et tempore est quam ullam ex. Nihil nulla sunt hic. Omnis eum ab beatae nesciunt. Molestias autem et magni facere.', 'id', 0, NULL, '1996-06-10 05:13:14', '1988-11-21 23:52:54');
INSERT INTO `media` (`id`, `media_type_id`, `user_id`, `body`, `filename`, `size`, `metadata`, `created_at`, `updated_at`) VALUES ('228', '3', '108', 'Deleniti quo vel nostrum quod. Eligendi nam iusto explicabo commodi. Molestiae ullam consequatur voluptatum ut qui dignissimos. Nobis culpa autem accusamus.', 'libero', 21, NULL, '2006-01-08 14:45:05', '1976-03-15 22:38:57');
INSERT INTO `media` (`id`, `media_type_id`, `user_id`, `body`, `filename`, `size`, `metadata`, `created_at`, `updated_at`) VALUES ('229', '4', '109', 'Mollitia dolorem ut doloremque quia. Labore quia ratione quo recusandae at. Est labore reiciendis quia aliquid id autem.', 'fuga', 645051, NULL, '1976-09-08 17:19:58', '2002-05-04 15:34:25');
INSERT INTO `media` (`id`, `media_type_id`, `user_id`, `body`, `filename`, `size`, `metadata`, `created_at`, `updated_at`) VALUES ('230', '5', '110', 'Similique officiis sit eveniet ut sit. Quis et temporibus unde beatae dicta. Reiciendis sequi recusandae repellendus quo debitis. Cum nisi fugiat voluptatem porro.', 'officiis', 945957998, NULL, '1989-02-18 06:52:46', '1970-10-20 00:16:33');
INSERT INTO `media` (`id`, `media_type_id`, `user_id`, `body`, `filename`, `size`, `metadata`, `created_at`, `updated_at`) VALUES ('231', '6', '111', 'Delectus sint consequatur et exercitationem et necessitatibus voluptas perspiciatis. Cupiditate explicabo cum cumque repudiandae neque sit ipsum. Esse eum tempora necessitatibus laudantium molestias aut dolorum. Laborum ut explicabo dolor illo. Sunt odio tenetur voluptas iste quidem.', 'voluptate', 172033326, NULL, '1973-03-31 17:19:57', '2013-02-22 19:42:55');
INSERT INTO `media` (`id`, `media_type_id`, `user_id`, `body`, `filename`, `size`, `metadata`, `created_at`, `updated_at`) VALUES ('232', '7', '112', 'Deleniti laborum dolorem qui neque provident odit sit delectus. Corporis incidunt expedita impedit praesentium quis sunt voluptatem commodi. Nam sint autem excepturi velit.', 'doloremque', 496, NULL, '1996-07-04 23:15:46', '2011-11-13 01:30:34');
INSERT INTO `media` (`id`, `media_type_id`, `user_id`, `body`, `filename`, `size`, `metadata`, `created_at`, `updated_at`) VALUES ('233', '8', '113', 'Exercitationem eum quasi possimus officia odit amet voluptatem. Ipsum magni nihil voluptatem saepe. Eos eum rem distinctio rem rerum.', 'quis', 69, NULL, '1984-05-15 20:03:33', '1973-02-24 12:13:51');
INSERT INTO `media` (`id`, `media_type_id`, `user_id`, `body`, `filename`, `size`, `metadata`, `created_at`, `updated_at`) VALUES ('234', '9', '114', 'Quisquam at vitae aut maxime. Consequatur et sit accusantium temporibus et labore. Ad eos omnis officia dolorem sunt vel.', 'quos', 447806400, NULL, '1971-06-06 16:40:13', '1991-05-14 23:35:34');
INSERT INTO `media` (`id`, `media_type_id`, `user_id`, `body`, `filename`, `size`, `metadata`, `created_at`, `updated_at`) VALUES ('235', '10', '115', 'Qui optio nihil rem dolorem aut aspernatur et vel. Quod dolores sit in soluta quia vitae alias.', 'perferendis', 7040, NULL, '1987-03-13 20:42:17', '1970-06-23 00:26:05');
INSERT INTO `media` (`id`, `media_type_id`, `user_id`, `body`, `filename`, `size`, `metadata`, `created_at`, `updated_at`) VALUES ('236', '11', '116', 'Eos itaque excepturi nihil. Cumque velit a dicta. Accusantium veritatis neque perferendis dignissimos quas fugiat amet harum.', 'eligendi', 1262, NULL, '2019-08-21 18:27:38', '1984-03-15 05:01:35');
INSERT INTO `media` (`id`, `media_type_id`, `user_id`, `body`, `filename`, `size`, `metadata`, `created_at`, `updated_at`) VALUES ('237', '12', '117', 'Quo quia hic possimus cumque quis cupiditate. Iure tempora sapiente enim tempore quasi voluptatum sunt. Fugiat soluta et sint possimus voluptate voluptates sint.', 'culpa', 69214, NULL, '2016-12-23 01:10:40', '1986-01-22 20:40:30');
INSERT INTO `media` (`id`, `media_type_id`, `user_id`, `body`, `filename`, `size`, `metadata`, `created_at`, `updated_at`) VALUES ('238', '13', '118', 'Cupiditate ut assumenda nostrum sit id. Est voluptatibus alias impedit reiciendis aut consequuntur nesciunt. Earum quia magnam iste unde dolor ipsum. Et qui molestiae est nisi qui.', 'qui', 32545, NULL, '2006-05-29 11:20:07', '2012-08-18 19:49:43');
INSERT INTO `media` (`id`, `media_type_id`, `user_id`, `body`, `filename`, `size`, `metadata`, `created_at`, `updated_at`) VALUES ('239', '14', '119', 'Repellendus sint maiores culpa voluptas qui. Deleniti eum dolorem magni ad. Quisquam ex repellendus quisquam facere voluptatibus sit laudantium itaque.', 'sit', 58417, NULL, '1987-11-09 10:01:55', '2018-05-22 01:27:40');
INSERT INTO `media` (`id`, `media_type_id`, `user_id`, `body`, `filename`, `size`, `metadata`, `created_at`, `updated_at`) VALUES ('240', '15', '120', 'Et unde laudantium doloremque et aspernatur exercitationem alias. Dignissimos et aut quos esse dolorum id adipisci.', 'voluptas', 1063, NULL, '2008-09-13 19:46:46', '2018-06-02 21:39:36');
INSERT INTO `media` (`id`, `media_type_id`, `user_id`, `body`, `filename`, `size`, `metadata`, `created_at`, `updated_at`) VALUES ('241', '1', '1', 'Amet aut ipsam iure quos quam quae repellat quia. Perferendis id aut ipsum velit quas. Eveniet expedita ea neque quia explicabo dolor. Aliquam ducimus sunt est assumenda eum labore.', 'aut', 16051144, NULL, '2006-08-06 08:29:09', '1983-02-27 17:47:45');
INSERT INTO `media` (`id`, `media_type_id`, `user_id`, `body`, `filename`, `size`, `metadata`, `created_at`, `updated_at`) VALUES ('242', '2', '2', 'Veniam eligendi nostrum provident ea. Ipsam iste porro sed doloremque rerum qui. Et aut provident tenetur maiores sed distinctio.', 'quae', 34, NULL, '1990-08-18 13:45:25', '2010-11-09 22:12:33');
INSERT INTO `media` (`id`, `media_type_id`, `user_id`, `body`, `filename`, `size`, `metadata`, `created_at`, `updated_at`) VALUES ('243', '3', '3', 'Cumque eaque ex aut pariatur libero quae qui quod. Voluptas ea quia excepturi quo sed at enim. Qui aperiam accusantium odit eos odit at veritatis. Nulla nemo non doloribus ut quia. Ut earum et vel necessitatibus ut optio assumenda.', 'velit', 816181, NULL, '2002-01-02 11:28:16', '2001-12-22 08:06:16');
INSERT INTO `media` (`id`, `media_type_id`, `user_id`, `body`, `filename`, `size`, `metadata`, `created_at`, `updated_at`) VALUES ('244', '4', '4', 'Similique eveniet illum laudantium provident expedita amet. Sit illum nam quibusdam modi non excepturi consectetur. Sed mollitia hic a. Corporis dolores sed libero inventore omnis distinctio.', 'neque', 118595730, NULL, '1996-12-14 16:52:51', '1983-04-16 03:30:37');
INSERT INTO `media` (`id`, `media_type_id`, `user_id`, `body`, `filename`, `size`, `metadata`, `created_at`, `updated_at`) VALUES ('245', '5', '5', 'Hic vel nihil vel ab voluptatibus. Cupiditate odio doloribus iusto. Occaecati officiis nemo saepe soluta veniam velit nihil laborum. Cumque ut nam ipsam provident maiores minus veniam.', 'dignissimos', 74475389, NULL, '2009-05-16 15:45:14', '1973-11-21 22:19:14');
INSERT INTO `media` (`id`, `media_type_id`, `user_id`, `body`, `filename`, `size`, `metadata`, `created_at`, `updated_at`) VALUES ('246', '6', '6', 'Et nam nihil facere et consequatur qui quidem. Repellat id aliquid ipsam beatae. Iste nam qui odit.', 'consequatur', 33441293, NULL, '2013-08-06 05:33:02', '2009-06-05 19:19:16');
INSERT INTO `media` (`id`, `media_type_id`, `user_id`, `body`, `filename`, `size`, `metadata`, `created_at`, `updated_at`) VALUES ('247', '7', '7', 'Qui inventore et iste aut quae optio dolores. Aut ut quod quia laborum atque voluptatem. Repellat qui voluptas a. Facilis dolor nulla totam in quis porro molestiae dicta.', 'aliquid', 0, NULL, '1990-04-09 23:34:46', '1974-11-02 06:49:36');
INSERT INTO `media` (`id`, `media_type_id`, `user_id`, `body`, `filename`, `size`, `metadata`, `created_at`, `updated_at`) VALUES ('248', '8', '8', 'Ipsa quis voluptates fuga qui omnis harum. Dignissimos dolor qui nulla tempora magni. Non mollitia molestiae possimus minima dolores. Animi deleniti unde iste fugiat nostrum voluptas.', 'sunt', 7468, NULL, '1996-11-21 01:12:18', '1977-10-31 13:22:57');
INSERT INTO `media` (`id`, `media_type_id`, `user_id`, `body`, `filename`, `size`, `metadata`, `created_at`, `updated_at`) VALUES ('249', '9', '9', 'Qui earum et aut. Autem nisi sit voluptatibus voluptate. Minus veniam quod quia consequatur. Qui et laudantium necessitatibus. Ut nisi voluptas sequi temporibus nihil.', 'repellendus', 0, NULL, '2019-11-23 21:18:57', '2004-01-14 13:29:43');
INSERT INTO `media` (`id`, `media_type_id`, `user_id`, `body`, `filename`, `size`, `metadata`, `created_at`, `updated_at`) VALUES ('250', '10', '10', 'Dolore aliquid aut odio ipsam voluptates repellat dolor dignissimos. Id quis fugit vel in. Nulla sapiente quos qui et maxime. Doloremque nisi iste ut necessitatibus eum expedita.', 'ut', 31, NULL, '2004-10-07 02:42:25', '2018-12-10 22:51:55');
INSERT INTO `media` (`id`, `media_type_id`, `user_id`, `body`, `filename`, `size`, `metadata`, `created_at`, `updated_at`) VALUES ('251', '11', '11', 'Dolor nobis commodi reiciendis. Eveniet dicta esse error recusandae. Et hic quis omnis sed quos.', 'fugit', 1812, NULL, '2003-09-08 09:26:00', '2020-04-30 23:05:43');
INSERT INTO `media` (`id`, `media_type_id`, `user_id`, `body`, `filename`, `size`, `metadata`, `created_at`, `updated_at`) VALUES ('252', '12', '12', 'Voluptas autem eius maxime veritatis. Voluptatibus velit libero omnis quibusdam. Et quia sed excepturi cumque magni modi corporis.', 'unde', 575, NULL, '2016-11-25 10:45:46', '2018-09-07 01:40:10');
INSERT INTO `media` (`id`, `media_type_id`, `user_id`, `body`, `filename`, `size`, `metadata`, `created_at`, `updated_at`) VALUES ('253', '13', '13', 'Quia nam eveniet ut ea eligendi. Voluptatum tempora qui eos esse et omnis. Animi saepe corrupti asperiores aspernatur.', 'esse', 6, NULL, '2011-03-14 08:46:00', '1993-12-24 22:59:47');
INSERT INTO `media` (`id`, `media_type_id`, `user_id`, `body`, `filename`, `size`, `metadata`, `created_at`, `updated_at`) VALUES ('254', '14', '14', 'Ut voluptates repellendus dolores perferendis dignissimos. Rerum nihil et dolores suscipit et assumenda qui. Voluptatem dolor aperiam occaecati quia nam sed. Vero ut in alias possimus sed sed quasi provident. Quos non ipsa voluptas est aspernatur consequatur corporis animi.', 'consequatur', 775, NULL, '1984-01-18 01:29:34', '1989-12-17 19:44:41');
INSERT INTO `media` (`id`, `media_type_id`, `user_id`, `body`, `filename`, `size`, `metadata`, `created_at`, `updated_at`) VALUES ('255', '15', '15', 'Recusandae iure laborum qui repellendus sequi alias quia. Neque expedita quia perspiciatis deleniti et qui. Adipisci harum minima rerum asperiores. Excepturi accusantium non non et.', 'ea', 782, NULL, '1988-11-08 04:00:58', '1993-05-15 06:19:06');
INSERT INTO `media` (`id`, `media_type_id`, `user_id`, `body`, `filename`, `size`, `metadata`, `created_at`, `updated_at`) VALUES ('256', '1', '16', 'Dolorem eum occaecati perferendis optio. Accusamus et cupiditate et exercitationem laboriosam expedita quod. Aliquid temporibus et molestiae dolores. Dolores deleniti sunt recusandae eligendi iure corporis.', 'natus', 760361, NULL, '1998-11-26 11:02:47', '1991-11-29 17:26:11');
INSERT INTO `media` (`id`, `media_type_id`, `user_id`, `body`, `filename`, `size`, `metadata`, `created_at`, `updated_at`) VALUES ('257', '2', '17', 'Animi numquam est nemo maxime ut et eius. Quam debitis nihil quidem. Ipsum occaecati occaecati mollitia totam. Aliquid et et repellat ratione accusantium corrupti voluptatem.', 'architecto', 0, NULL, '1999-11-11 16:11:55', '2007-05-14 15:41:46');
INSERT INTO `media` (`id`, `media_type_id`, `user_id`, `body`, `filename`, `size`, `metadata`, `created_at`, `updated_at`) VALUES ('258', '3', '18', 'Odit omnis nisi dolor dolore voluptatem dolorum quam. Consequatur fugit et quos. Suscipit ut consequuntur repellendus est.', 'nihil', 76425, NULL, '1979-04-28 20:52:04', '2011-05-07 20:22:59');
INSERT INTO `media` (`id`, `media_type_id`, `user_id`, `body`, `filename`, `size`, `metadata`, `created_at`, `updated_at`) VALUES ('259', '4', '19', 'Et vero fuga est eum tempora nobis. Ut laboriosam nihil sed provident illo. Est autem quaerat officia dolorum ea itaque occaecati ratione.', 'nisi', 67, NULL, '2002-11-02 12:33:20', '1997-10-23 22:38:52');
INSERT INTO `media` (`id`, `media_type_id`, `user_id`, `body`, `filename`, `size`, `metadata`, `created_at`, `updated_at`) VALUES ('260', '5', '20', 'Illum illum a sed sequi. Est excepturi maiores repellat. Ea voluptas in suscipit quos natus. Velit modi laborum libero unde veritatis.', 'natus', 443164, NULL, '2012-02-05 05:45:10', '2007-03-09 11:42:43');
INSERT INTO `media` (`id`, `media_type_id`, `user_id`, `body`, `filename`, `size`, `metadata`, `created_at`, `updated_at`) VALUES ('261', '6', '21', 'Assumenda ex sunt eligendi delectus accusamus alias quia. Placeat voluptas maiores quisquam earum adipisci. Et non necessitatibus quia odio. Id ea sit ut est iusto at.', 'distinctio', 503, NULL, '1992-11-17 13:21:57', '2005-11-19 22:30:36');
INSERT INTO `media` (`id`, `media_type_id`, `user_id`, `body`, `filename`, `size`, `metadata`, `created_at`, `updated_at`) VALUES ('262', '7', '22', 'Quas inventore eos aliquid perspiciatis laborum nisi non sunt. Et nihil aut et laudantium quia et qui. Est eum ut vel animi. Atque explicabo aut temporibus voluptatem doloremque.', 'pariatur', 7, NULL, '1991-10-16 19:49:53', '1990-04-27 17:15:47');
INSERT INTO `media` (`id`, `media_type_id`, `user_id`, `body`, `filename`, `size`, `metadata`, `created_at`, `updated_at`) VALUES ('263', '8', '23', 'Sint qui et ipsam tenetur. Accusantium maiores et repellendus asperiores. Facere quia sequi ex natus.', 'at', 47619076, NULL, '2018-03-19 14:16:46', '1973-02-05 06:41:55');
INSERT INTO `media` (`id`, `media_type_id`, `user_id`, `body`, `filename`, `size`, `metadata`, `created_at`, `updated_at`) VALUES ('264', '9', '24', 'Aliquid molestiae est quisquam. Dolore aliquam natus error consectetur nulla pariatur voluptatum eum. Velit et cum natus dicta laudantium ut autem.', 'accusamus', 22688, NULL, '2001-02-08 00:00:23', '1992-09-01 18:55:57');
INSERT INTO `media` (`id`, `media_type_id`, `user_id`, `body`, `filename`, `size`, `metadata`, `created_at`, `updated_at`) VALUES ('265', '10', '25', 'Eum magni esse qui soluta cupiditate architecto. Architecto suscipit commodi harum ipsa. Aliquam quod dolorem tempore et occaecati est eius. Consequatur et a sit reiciendis occaecati eos. Molestiae quam nobis expedita unde id ratione.', 'pariatur', 5199119, NULL, '1994-07-10 15:14:34', '1976-11-24 11:52:23');
INSERT INTO `media` (`id`, `media_type_id`, `user_id`, `body`, `filename`, `size`, `metadata`, `created_at`, `updated_at`) VALUES ('266', '11', '26', 'Voluptates repellat qui aut aspernatur eum atque ipsam. Voluptatum quis alias quia doloribus animi vel. Et ipsum a est non sint. Quia harum et veniam qui.', 'mollitia', 4, NULL, '1974-01-29 05:16:10', '1999-07-23 17:38:31');
INSERT INTO `media` (`id`, `media_type_id`, `user_id`, `body`, `filename`, `size`, `metadata`, `created_at`, `updated_at`) VALUES ('267', '12', '27', 'Eum ipsam amet placeat at. Aut quae ut quis quae qui. Facilis labore quis quod excepturi rerum.', 'et', 58, NULL, '1996-07-02 13:32:55', '2019-05-19 01:35:58');
INSERT INTO `media` (`id`, `media_type_id`, `user_id`, `body`, `filename`, `size`, `metadata`, `created_at`, `updated_at`) VALUES ('268', '13', '28', 'Natus nostrum perferendis sit numquam ut quae ipsam. Ut architecto delectus iure nemo qui sint. Sint nihil velit et.', 'at', 0, NULL, '1989-07-29 20:25:32', '1993-01-04 11:38:13');
INSERT INTO `media` (`id`, `media_type_id`, `user_id`, `body`, `filename`, `size`, `metadata`, `created_at`, `updated_at`) VALUES ('269', '14', '29', 'Aliquam voluptas maxime quidem in recusandae inventore magnam. Debitis cumque suscipit et vitae. Quisquam fugit dolor beatae natus.', 'consequuntur', 6505, NULL, '1972-06-29 21:07:36', '1982-08-17 17:22:28');
INSERT INTO `media` (`id`, `media_type_id`, `user_id`, `body`, `filename`, `size`, `metadata`, `created_at`, `updated_at`) VALUES ('270', '15', '30', 'Molestiae sunt error sint praesentium. Rerum quidem aut vitae impedit qui amet. Beatae commodi quo recusandae omnis eum consequuntur. Reiciendis sint corporis aut laboriosam quas explicabo.', 'perspiciatis', 24817836, NULL, '1984-06-18 13:57:55', '2006-06-26 16:42:53');
INSERT INTO `media` (`id`, `media_type_id`, `user_id`, `body`, `filename`, `size`, `metadata`, `created_at`, `updated_at`) VALUES ('271', '1', '31', 'Commodi enim dolor saepe in qui facere temporibus. Natus voluptatem saepe officiis ad omnis. Officiis cum eveniet quasi corporis sequi. Esse architecto ut saepe et non excepturi nam.', 'ratione', 61873, NULL, '1995-03-13 18:54:37', '1999-02-02 17:49:42');
INSERT INTO `media` (`id`, `media_type_id`, `user_id`, `body`, `filename`, `size`, `metadata`, `created_at`, `updated_at`) VALUES ('272', '2', '32', 'Perspiciatis recusandae qui autem. Velit tempore natus ipsa voluptas voluptatem deserunt. Omnis eos nobis qui eius ex. Unde voluptatibus numquam repellendus iste ullam voluptatum.', 'exercitationem', 7196885, NULL, '1978-08-02 02:19:37', '1989-02-05 09:52:15');
INSERT INTO `media` (`id`, `media_type_id`, `user_id`, `body`, `filename`, `size`, `metadata`, `created_at`, `updated_at`) VALUES ('273', '3', '33', 'Quod veritatis corporis saepe excepturi sint et. Dolorem et porro eveniet similique. Eaque iste sapiente qui perferendis dolorem.', 'corporis', 0, NULL, '2004-04-12 10:41:18', '1997-08-08 15:54:15');
INSERT INTO `media` (`id`, `media_type_id`, `user_id`, `body`, `filename`, `size`, `metadata`, `created_at`, `updated_at`) VALUES ('274', '4', '34', 'Temporibus qui qui quis earum aut ut illum. Sapiente quasi voluptatem neque. Amet similique illo ea ullam atque.', 'nulla', 43837035, NULL, '1976-07-10 21:33:10', '2000-12-18 12:34:08');
INSERT INTO `media` (`id`, `media_type_id`, `user_id`, `body`, `filename`, `size`, `metadata`, `created_at`, `updated_at`) VALUES ('275', '5', '35', 'Voluptate maiores itaque et. Delectus et officiis sed dolores aut aut. Et quia et sit pariatur velit quasi.', 'aut', 53, NULL, '1992-01-25 01:17:43', '1988-03-19 13:10:40');
INSERT INTO `media` (`id`, `media_type_id`, `user_id`, `body`, `filename`, `size`, `metadata`, `created_at`, `updated_at`) VALUES ('276', '6', '36', 'Voluptas quis ratione mollitia. Natus voluptas soluta veritatis libero tempora accusantium. Dolores cupiditate nulla pariatur soluta.', 'iure', 96, NULL, '2005-08-23 21:28:29', '2007-04-09 01:55:33');
INSERT INTO `media` (`id`, `media_type_id`, `user_id`, `body`, `filename`, `size`, `metadata`, `created_at`, `updated_at`) VALUES ('277', '7', '37', 'Recusandae distinctio nam aut. Cumque ipsam et consequatur rerum veniam. Sunt qui nostrum error. Voluptate facere reiciendis porro et ab dolores. Sint id occaecati soluta nulla beatae sunt.', 'eum', 90, NULL, '2007-06-05 09:20:06', '2013-04-27 18:15:02');
INSERT INTO `media` (`id`, `media_type_id`, `user_id`, `body`, `filename`, `size`, `metadata`, `created_at`, `updated_at`) VALUES ('278', '8', '38', 'Aperiam explicabo et consequatur est voluptas. Aliquam dolorum amet delectus iusto rerum incidunt aliquam. Tempore in dolorem excepturi qui numquam. Aperiam et dignissimos illum omnis sed sint eaque.', 'sapiente', 750, NULL, '2009-07-16 23:04:45', '2017-02-08 15:51:32');
INSERT INTO `media` (`id`, `media_type_id`, `user_id`, `body`, `filename`, `size`, `metadata`, `created_at`, `updated_at`) VALUES ('279', '9', '39', 'Dignissimos nihil est illum mollitia commodi sit non non. Praesentium qui qui deleniti quis.', 'ea', 713436872, NULL, '1980-04-08 13:44:10', '1988-04-10 05:55:47');
INSERT INTO `media` (`id`, `media_type_id`, `user_id`, `body`, `filename`, `size`, `metadata`, `created_at`, `updated_at`) VALUES ('280', '10', '40', 'Fugiat quae est necessitatibus adipisci et quis. Veritatis repudiandae ab quos voluptatem et. Vero unde repudiandae accusantium vel. Voluptatem vero et eum adipisci rerum odio repudiandae accusantium.', 'et', 5289, NULL, '2013-08-17 10:12:46', '1991-10-25 11:16:59');
INSERT INTO `media` (`id`, `media_type_id`, `user_id`, `body`, `filename`, `size`, `metadata`, `created_at`, `updated_at`) VALUES ('281', '11', '41', 'Est est similique et sequi beatae quis quo. Voluptatibus eum tempore assumenda qui. Voluptas nobis at placeat aliquam enim et. Optio possimus eum aut reiciendis deserunt.', 'exercitationem', 31340, NULL, '1983-04-06 15:33:10', '1977-12-07 06:47:22');
INSERT INTO `media` (`id`, `media_type_id`, `user_id`, `body`, `filename`, `size`, `metadata`, `created_at`, `updated_at`) VALUES ('282', '12', '42', 'Error similique consequatur est ex perspiciatis. Iusto saepe impedit dolorem. Totam aut molestiae non animi ut alias dignissimos. Quia placeat voluptatum nesciunt.', 'veniam', 52641, NULL, '2011-12-11 15:46:13', '1977-07-10 02:02:39');
INSERT INTO `media` (`id`, `media_type_id`, `user_id`, `body`, `filename`, `size`, `metadata`, `created_at`, `updated_at`) VALUES ('283', '13', '43', 'Natus est consectetur ut ea magnam. Occaecati maiores vel qui natus praesentium sint. Aut aut perspiciatis odit aut.', 'necessitatibus', 12698917, NULL, '1975-10-14 19:12:06', '1980-03-13 04:28:34');
INSERT INTO `media` (`id`, `media_type_id`, `user_id`, `body`, `filename`, `size`, `metadata`, `created_at`, `updated_at`) VALUES ('284', '14', '44', 'Magni magni placeat magnam aliquam. Perferendis dolorem aut quae nulla. Dignissimos facere debitis est dolorem corrupti est quia.', 'molestiae', 24601575, NULL, '2003-09-12 13:41:04', '2014-01-10 08:50:27');
INSERT INTO `media` (`id`, `media_type_id`, `user_id`, `body`, `filename`, `size`, `metadata`, `created_at`, `updated_at`) VALUES ('285', '15', '45', 'Velit et laudantium et ratione adipisci quia et. Officia quis magni voluptatem suscipit. Qui at in assumenda excepturi alias dolores exercitationem. Voluptatibus facilis ipsum expedita molestiae animi dicta.', 'at', 0, NULL, '1995-05-18 12:22:29', '1982-07-08 06:06:14');
INSERT INTO `media` (`id`, `media_type_id`, `user_id`, `body`, `filename`, `size`, `metadata`, `created_at`, `updated_at`) VALUES ('286', '1', '46', 'Modi perspiciatis consequatur est tempore non tempore atque. Laboriosam omnis asperiores nihil in necessitatibus sint aperiam. Nemo debitis officia veniam a consectetur. Aut nulla est quaerat aliquam odio.', 'omnis', 650913303, NULL, '2009-12-17 00:31:39', '2000-12-21 23:32:10');
INSERT INTO `media` (`id`, `media_type_id`, `user_id`, `body`, `filename`, `size`, `metadata`, `created_at`, `updated_at`) VALUES ('287', '2', '47', 'Et saepe et amet debitis et odio. Neque facere quam quia corrupti sed debitis et.', 'quam', 461255201, NULL, '1974-10-15 15:36:56', '1977-09-23 06:35:06');
INSERT INTO `media` (`id`, `media_type_id`, `user_id`, `body`, `filename`, `size`, `metadata`, `created_at`, `updated_at`) VALUES ('288', '3', '48', 'Fugiat excepturi modi fugit nemo id nostrum. Exercitationem aspernatur provident eligendi ducimus vero. Deserunt ipsa facere perferendis ut consequatur.', 'mollitia', 306829, NULL, '1975-07-17 17:01:22', '2018-08-06 01:25:53');
INSERT INTO `media` (`id`, `media_type_id`, `user_id`, `body`, `filename`, `size`, `metadata`, `created_at`, `updated_at`) VALUES ('289', '4', '49', 'Enim veniam id maiores ullam. Accusantium optio omnis est rerum eveniet cumque enim. Ad unde voluptatem laboriosam ea ea. Numquam repudiandae voluptatibus exercitationem quas.', 'ad', 9, NULL, '2010-03-27 02:44:07', '2007-07-03 09:58:46');
INSERT INTO `media` (`id`, `media_type_id`, `user_id`, `body`, `filename`, `size`, `metadata`, `created_at`, `updated_at`) VALUES ('290', '5', '50', 'Eum quasi reiciendis voluptatum illo voluptas aut. Mollitia et pariatur minus. Aliquam vitae nisi veniam autem quia architecto.', 'voluptas', 12791, NULL, '1972-01-20 15:54:17', '1990-06-11 20:42:53');
INSERT INTO `media` (`id`, `media_type_id`, `user_id`, `body`, `filename`, `size`, `metadata`, `created_at`, `updated_at`) VALUES ('291', '6', '51', 'Non aliquid similique sit voluptatem fugit a et. Iure voluptas quis numquam.', 'unde', 75149, NULL, '2015-03-14 22:21:33', '1978-05-15 18:20:35');
INSERT INTO `media` (`id`, `media_type_id`, `user_id`, `body`, `filename`, `size`, `metadata`, `created_at`, `updated_at`) VALUES ('292', '7', '52', 'Voluptatem amet sed voluptatem mollitia quo. Voluptatem accusamus vel ex et recusandae. Quidem neque sunt blanditiis rerum et.', 'natus', 0, NULL, '1978-11-01 18:01:04', '2016-03-19 20:36:00');
INSERT INTO `media` (`id`, `media_type_id`, `user_id`, `body`, `filename`, `size`, `metadata`, `created_at`, `updated_at`) VALUES ('293', '8', '53', 'Optio sunt architecto ut sequi. Ex doloribus sunt voluptates nulla provident rerum ut. Dolor voluptas quam aut non consectetur. Atque accusantium corporis numquam dolores accusantium nesciunt porro. Itaque quasi ipsa omnis rerum perferendis ea.', 'voluptatem', 0, NULL, '1988-03-20 13:41:30', '1985-04-19 12:12:45');
INSERT INTO `media` (`id`, `media_type_id`, `user_id`, `body`, `filename`, `size`, `metadata`, `created_at`, `updated_at`) VALUES ('294', '9', '54', 'Dolor adipisci nihil quod quo unde aut. Ea quaerat quis harum fuga pariatur ducimus. Ut voluptatem voluptates aut quam. Perspiciatis deserunt quisquam ad ea facere sit.', 'vitae', 72, NULL, '2009-02-12 04:00:45', '1978-05-31 10:08:07');
INSERT INTO `media` (`id`, `media_type_id`, `user_id`, `body`, `filename`, `size`, `metadata`, `created_at`, `updated_at`) VALUES ('295', '10', '55', 'Et adipisci voluptas id enim. Qui quaerat non ducimus quis. Animi enim cum rem adipisci vitae aut. Est quia aspernatur nulla nemo a cupiditate aut.', 'ea', 92875051, NULL, '1986-05-09 06:44:06', '2008-07-03 15:41:35');
INSERT INTO `media` (`id`, `media_type_id`, `user_id`, `body`, `filename`, `size`, `metadata`, `created_at`, `updated_at`) VALUES ('296', '11', '56', 'Eveniet voluptates sunt ratione ad excepturi illo. Officiis corrupti autem maxime molestias. Earum quas soluta corrupti ut doloribus qui.', 'blanditiis', 4, NULL, '2018-01-31 11:56:17', '1987-03-10 02:35:03');
INSERT INTO `media` (`id`, `media_type_id`, `user_id`, `body`, `filename`, `size`, `metadata`, `created_at`, `updated_at`) VALUES ('297', '12', '57', 'Voluptatibus veritatis architecto voluptates dolor ut quasi. Consequatur excepturi est distinctio provident quidem est soluta. Eveniet quo ut veritatis. Enim aut qui voluptatum velit nemo sunt.', 'debitis', 375747, NULL, '1973-04-10 18:07:01', '2006-07-01 03:47:12');
INSERT INTO `media` (`id`, `media_type_id`, `user_id`, `body`, `filename`, `size`, `metadata`, `created_at`, `updated_at`) VALUES ('298', '13', '58', 'Quia porro exercitationem error atque consequatur. Natus voluptas voluptatem ut exercitationem. Officiis enim rerum sit dolor hic distinctio.', 'nisi', 635, NULL, '1976-02-12 20:44:12', '2000-04-29 11:53:55');
INSERT INTO `media` (`id`, `media_type_id`, `user_id`, `body`, `filename`, `size`, `metadata`, `created_at`, `updated_at`) VALUES ('299', '14', '59', 'Unde aut libero eos corrupti tenetur. Maiores corporis voluptas quis officiis doloremque aperiam. Iste optio ut corporis quidem.', 'ut', 1831, NULL, '1996-02-23 18:24:41', '1984-06-18 02:44:15');
INSERT INTO `media` (`id`, `media_type_id`, `user_id`, `body`, `filename`, `size`, `metadata`, `created_at`, `updated_at`) VALUES ('300', '15', '60', 'Dolorem qui architecto adipisci molestiae atque error. Distinctio dolorem doloribus beatae provident cupiditate. Dicta iure aut nesciunt vitae minus.', 'commodi', 0, NULL, '1993-08-16 09:33:11', '1998-12-14 05:35:58');


#
# TABLE STRUCTURE FOR: media_types
#

DROP TABLE IF EXISTS `media_types`;

CREATE TABLE `media_types` (
  `id` bigint(20) unsigned NOT NULL AUTO_INCREMENT,
  `name` varchar(255) COLLATE utf8_unicode_ci DEFAULT NULL,
  `created_at` datetime DEFAULT current_timestamp(),
  `updated_at` datetime DEFAULT current_timestamp() ON UPDATE current_timestamp(),
  PRIMARY KEY (`id`)
) ENGINE=InnoDB AUTO_INCREMENT=16 DEFAULT CHARSET=utf8 COLLATE=utf8_unicode_ci;

INSERT INTO `media_types` (`id`, `name`, `created_at`, `updated_at`) VALUES ('1', 'qui', '2002-08-18 16:50:44', '2014-08-23 08:52:48');
INSERT INTO `media_types` (`id`, `name`, `created_at`, `updated_at`) VALUES ('2', 'ea', '2009-03-06 12:15:34', '2000-08-26 02:00:47');
INSERT INTO `media_types` (`id`, `name`, `created_at`, `updated_at`) VALUES ('3', 'inventore', '2002-11-27 05:46:53', '2016-01-22 23:55:08');
INSERT INTO `media_types` (`id`, `name`, `created_at`, `updated_at`) VALUES ('4', 'quod', '1995-02-27 01:36:36', '2002-12-07 09:00:15');
INSERT INTO `media_types` (`id`, `name`, `created_at`, `updated_at`) VALUES ('5', 'molestiae', '2006-11-27 19:38:13', '1985-02-25 08:37:04');
INSERT INTO `media_types` (`id`, `name`, `created_at`, `updated_at`) VALUES ('6', 'maiores', '1981-08-03 07:44:53', '2012-06-15 08:27:15');
INSERT INTO `media_types` (`id`, `name`, `created_at`, `updated_at`) VALUES ('7', 'recusandae', '1998-11-06 14:26:07', '1976-07-18 18:04:51');
INSERT INTO `media_types` (`id`, `name`, `created_at`, `updated_at`) VALUES ('8', 'velit', '1999-01-19 14:17:06', '1994-08-03 22:33:59');
INSERT INTO `media_types` (`id`, `name`, `created_at`, `updated_at`) VALUES ('9', 'sit', '2005-06-06 22:13:23', '1985-02-16 03:43:53');
INSERT INTO `media_types` (`id`, `name`, `created_at`, `updated_at`) VALUES ('10', 'accusantium', '2009-02-25 03:21:24', '1982-07-01 12:18:32');
INSERT INTO `media_types` (`id`, `name`, `created_at`, `updated_at`) VALUES ('11', 'id', '1976-09-15 03:18:12', '2000-11-16 13:49:42');
INSERT INTO `media_types` (`id`, `name`, `created_at`, `updated_at`) VALUES ('12', 'dolores', '1991-07-12 22:26:43', '2006-04-23 13:56:05');
INSERT INTO `media_types` (`id`, `name`, `created_at`, `updated_at`) VALUES ('13', 'quis', '1994-02-13 05:43:23', '2003-06-25 07:13:18');
INSERT INTO `media_types` (`id`, `name`, `created_at`, `updated_at`) VALUES ('14', 'est', '1987-12-05 21:58:40', '1994-05-16 19:22:07');
INSERT INTO `media_types` (`id`, `name`, `created_at`, `updated_at`) VALUES ('15', 'suscipit', '1994-09-14 15:46:28', '1977-12-11 05:23:45');


#
# TABLE STRUCTURE FOR: messages
#

DROP TABLE IF EXISTS `messages`;

CREATE TABLE `messages` (
  `id` bigint(20) unsigned NOT NULL AUTO_INCREMENT,
  `from_user_id` bigint(20) unsigned NOT NULL,
  `to_user_id` bigint(20) unsigned NOT NULL,
  `body` text COLLATE utf8_unicode_ci DEFAULT NULL,
  `created_at` datetime DEFAULT current_timestamp(),
  PRIMARY KEY (`id`),
  KEY `messages_from_user_id` (`from_user_id`),
  KEY `messages_to_user_id` (`to_user_id`),
  CONSTRAINT `messages_ibfk_1` FOREIGN KEY (`from_user_id`) REFERENCES `users` (`id`),
  CONSTRAINT `messages_ibfk_2` FOREIGN KEY (`to_user_id`) REFERENCES `users` (`id`)
) ENGINE=InnoDB AUTO_INCREMENT=901 DEFAULT CHARSET=utf8 COLLATE=utf8_unicode_ci;

INSERT INTO `messages` (`id`, `from_user_id`, `to_user_id`, `body`, `created_at`) VALUES ('1', '1', '1', 'Odio fugiat perferendis facere qui sit. Pariatur molestias odio veniam similique et dolores. Quisquam provident earum ullam voluptatibus sit dolores et libero.', '2007-03-07 08:23:30');
INSERT INTO `messages` (`id`, `from_user_id`, `to_user_id`, `body`, `created_at`) VALUES ('2', '2', '2', 'Ullam aut velit voluptatum. Aspernatur harum labore eos. Est sit at est natus est doloribus. Fugiat sed et blanditiis et nostrum aliquid esse.', '2017-09-06 15:15:21');
INSERT INTO `messages` (`id`, `from_user_id`, `to_user_id`, `body`, `created_at`) VALUES ('3', '3', '3', 'Ad saepe illo nemo nostrum necessitatibus iusto. Et et et maiores in consequatur et blanditiis nihil. Quia voluptatem ut quidem et aut ea.', '2007-04-21 20:41:41');
INSERT INTO `messages` (`id`, `from_user_id`, `to_user_id`, `body`, `created_at`) VALUES ('4', '4', '4', 'Aspernatur quisquam delectus nobis unde hic distinctio. Sed eos labore sunt magni magni eveniet. Necessitatibus quisquam similique sapiente optio provident dolore sapiente. Sunt tempora sit vero autem fugit.', '1972-03-24 02:52:53');
INSERT INTO `messages` (`id`, `from_user_id`, `to_user_id`, `body`, `created_at`) VALUES ('5', '5', '5', 'Quia ut vel veritatis architecto ea aut aut libero. Mollitia molestiae non suscipit modi sint. Quaerat ut ipsum omnis. Non ut maiores aperiam.', '2012-11-20 22:54:54');
INSERT INTO `messages` (`id`, `from_user_id`, `to_user_id`, `body`, `created_at`) VALUES ('6', '6', '6', 'Dicta nostrum corrupti sed dolorum aspernatur dolorem mollitia eveniet. Iste nihil esse ut aut quo tenetur. Sit minus quibusdam aut dolorem consequatur esse commodi. Explicabo id a eveniet ut a.', '2009-05-15 12:45:08');
INSERT INTO `messages` (`id`, `from_user_id`, `to_user_id`, `body`, `created_at`) VALUES ('7', '7', '7', 'Reiciendis ut et corporis. Provident debitis unde rerum et tempora fugiat. Tempora error quaerat saepe excepturi voluptatum non atque. Voluptas maxime nobis quod similique harum.', '1991-10-31 02:54:18');
INSERT INTO `messages` (`id`, `from_user_id`, `to_user_id`, `body`, `created_at`) VALUES ('8', '8', '8', 'Cumque libero qui laudantium nam. Eveniet dolor quos corporis praesentium est. Et exercitationem iusto occaecati nesciunt. Officia nulla ab est ex consequatur aliquid odit. Dolores molestias nihil repellendus est dolorem nihil odit.', '1993-01-26 13:39:57');
INSERT INTO `messages` (`id`, `from_user_id`, `to_user_id`, `body`, `created_at`) VALUES ('9', '9', '9', 'Sapiente ullam aut recusandae nobis. In omnis ut qui. Tempore illum perferendis deserunt temporibus. Saepe nostrum nemo nesciunt consectetur eveniet. Iste quidem voluptas minus eum.', '2017-02-28 21:41:30');
INSERT INTO `messages` (`id`, `from_user_id`, `to_user_id`, `body`, `created_at`) VALUES ('10', '10', '10', 'Eum praesentium hic aut at porro. Dolore reprehenderit ut at. Deserunt dolor iure consectetur nisi id dicta.', '2019-07-08 17:00:49');
INSERT INTO `messages` (`id`, `from_user_id`, `to_user_id`, `body`, `created_at`) VALUES ('11', '11', '11', 'Non voluptatibus quia error aut reprehenderit ab voluptatem. Laborum occaecati qui laborum aperiam ut eius atque. Voluptatum amet maxime quasi velit. Omnis officiis sapiente omnis ducimus consequatur.', '1984-11-15 19:55:31');
INSERT INTO `messages` (`id`, `from_user_id`, `to_user_id`, `body`, `created_at`) VALUES ('12', '12', '12', 'Fuga veniam alias commodi ut tenetur. Est vitae voluptate recusandae dolor fugiat.', '1975-07-03 16:12:21');
INSERT INTO `messages` (`id`, `from_user_id`, `to_user_id`, `body`, `created_at`) VALUES ('13', '13', '13', 'Molestiae quo officia autem ut est et et. Voluptate sit est necessitatibus quia. Sit voluptas quo quis earum adipisci occaecati. Officiis nesciunt molestiae dolores exercitationem rerum sint magni.', '2011-08-22 11:21:59');
INSERT INTO `messages` (`id`, `from_user_id`, `to_user_id`, `body`, `created_at`) VALUES ('14', '14', '14', 'Expedita atque et quia aut maxime. Voluptatum eligendi aperiam quia adipisci laborum excepturi. Dolores eligendi enim voluptatem cum omnis eum. Quae nostrum magnam aperiam repudiandae eveniet deserunt velit modi. Harum ipsam quo et accusantium porro perferendis.', '1979-08-20 09:59:20');
INSERT INTO `messages` (`id`, `from_user_id`, `to_user_id`, `body`, `created_at`) VALUES ('15', '15', '15', 'Labore earum dicta veritatis assumenda deleniti. Voluptates voluptas hic facere earum voluptatem maiores. Eum illo nobis occaecati et. In et aliquam id quod eveniet nam.', '2001-03-17 05:19:19');
INSERT INTO `messages` (`id`, `from_user_id`, `to_user_id`, `body`, `created_at`) VALUES ('16', '16', '16', 'Cupiditate tenetur mollitia eveniet eveniet. Quia autem qui autem autem eligendi. Delectus rerum ut quae voluptates ratione mollitia. A rem explicabo laborum dolore accusantium. Iste omnis dolor mollitia delectus ad nostrum dolorem voluptas.', '2004-08-07 06:45:09');
INSERT INTO `messages` (`id`, `from_user_id`, `to_user_id`, `body`, `created_at`) VALUES ('17', '17', '17', 'Eaque omnis aliquam ducimus recusandae dolores explicabo ex. Id culpa accusamus quis reprehenderit soluta.', '1995-01-30 16:38:04');
INSERT INTO `messages` (`id`, `from_user_id`, `to_user_id`, `body`, `created_at`) VALUES ('18', '18', '18', 'Qui cumque omnis quisquam omnis. Aut dicta aliquid sint. Aperiam id labore autem quia dolores. Atque qui architecto ratione fugit unde minus.', '1984-07-08 15:01:46');
INSERT INTO `messages` (`id`, `from_user_id`, `to_user_id`, `body`, `created_at`) VALUES ('19', '19', '19', 'Ipsum sit dolorem et. Quidem amet ut rerum consectetur qui. Rerum nesciunt est amet. Ab nesciunt recusandae ut laborum. Recusandae soluta voluptatem omnis quo.', '2001-12-20 21:46:33');
INSERT INTO `messages` (`id`, `from_user_id`, `to_user_id`, `body`, `created_at`) VALUES ('20', '20', '20', 'Veritatis harum aliquam labore molestiae quaerat assumenda placeat. Dolor distinctio voluptatem necessitatibus ea ab dolore facilis. Cum voluptatibus molestiae et. Sint est cupiditate architecto rem.', '1980-02-06 17:38:41');
INSERT INTO `messages` (`id`, `from_user_id`, `to_user_id`, `body`, `created_at`) VALUES ('21', '21', '21', 'Deserunt commodi sunt magni nisi ipsum. Possimus occaecati magni inventore voluptatem. Itaque ex omnis voluptates velit ut ipsum quidem.', '1975-07-15 20:22:07');
INSERT INTO `messages` (`id`, `from_user_id`, `to_user_id`, `body`, `created_at`) VALUES ('22', '22', '22', 'Sit eligendi dignissimos facere quos et. Ratione eius inventore laboriosam quisquam aliquid voluptatem similique. Qui magni voluptas quisquam est temporibus dignissimos. Voluptatem sapiente mollitia voluptates quasi maxime porro.', '1985-06-01 06:09:53');
INSERT INTO `messages` (`id`, `from_user_id`, `to_user_id`, `body`, `created_at`) VALUES ('23', '23', '23', 'Facilis qui ex iste omnis iusto tempora tempora. Quis voluptas eius possimus. Eius tenetur esse hic dolor.', '2005-07-25 19:57:40');
INSERT INTO `messages` (`id`, `from_user_id`, `to_user_id`, `body`, `created_at`) VALUES ('24', '24', '24', 'Quos nostrum vel molestias mollitia libero dolores distinctio. Impedit sed modi voluptatem asperiores vero fuga minus. Qui vero quos tempore ratione libero expedita. Dolores sit dolorem et qui ut.', '2013-09-22 20:50:20');
INSERT INTO `messages` (`id`, `from_user_id`, `to_user_id`, `body`, `created_at`) VALUES ('25', '25', '25', 'Voluptatem soluta ut maiores voluptate. Qui quia magni sint odio recusandae fuga. Ex non qui quod ad adipisci enim veritatis. Totam ut ut consequatur rerum.', '1975-10-07 03:09:04');
INSERT INTO `messages` (`id`, `from_user_id`, `to_user_id`, `body`, `created_at`) VALUES ('26', '26', '26', 'Laborum odit aut excepturi nihil. Optio at aut adipisci adipisci. Odio nihil doloremque recusandae iure non ea.', '2011-04-11 15:37:25');
INSERT INTO `messages` (`id`, `from_user_id`, `to_user_id`, `body`, `created_at`) VALUES ('27', '27', '27', 'Molestiae repellat molestiae error fugiat qui voluptatibus fugiat. Autem debitis repellendus sed non. Quas ratione ut quis fuga nostrum.', '1994-12-11 03:40:05');
INSERT INTO `messages` (`id`, `from_user_id`, `to_user_id`, `body`, `created_at`) VALUES ('28', '28', '28', 'Voluptatum voluptatem cum voluptatem natus commodi pariatur consequuntur. Sit necessitatibus ut rem et fugit. Aut reiciendis laboriosam soluta ab. Voluptas rerum natus est rerum laudantium ad aperiam.', '1986-01-20 09:53:25');
INSERT INTO `messages` (`id`, `from_user_id`, `to_user_id`, `body`, `created_at`) VALUES ('29', '29', '29', 'Velit consequuntur rem quibusdam nostrum similique. Omnis ut rem est et temporibus vitae porro mollitia. Nihil quia odit quibusdam.', '2017-03-17 15:42:45');
INSERT INTO `messages` (`id`, `from_user_id`, `to_user_id`, `body`, `created_at`) VALUES ('30', '30', '30', 'Cupiditate sit quas veniam perferendis perferendis et illum. Praesentium dolorem eaque assumenda quod ab cum. Eligendi alias magnam aut dolores placeat. Consequatur tenetur at consequatur doloremque repudiandae dolor.', '1986-04-14 18:11:09');
INSERT INTO `messages` (`id`, `from_user_id`, `to_user_id`, `body`, `created_at`) VALUES ('31', '31', '31', 'Ut nobis minima autem sit ab repellendus nostrum sit. Dolorem ut quae id ut. Ducimus eveniet doloremque aut enim maxime sapiente. Eveniet iste aut tempore voluptatem hic perspiciatis ducimus.', '1999-05-18 08:20:43');
INSERT INTO `messages` (`id`, `from_user_id`, `to_user_id`, `body`, `created_at`) VALUES ('32', '32', '32', 'Eaque corporis vel blanditiis officiis. Voluptatem magni doloremque qui aut quis nihil officiis aspernatur. Voluptatem iste tempora aut aliquid. Architecto sed dolorem aliquid ut accusamus.', '1999-05-12 23:13:09');
INSERT INTO `messages` (`id`, `from_user_id`, `to_user_id`, `body`, `created_at`) VALUES ('33', '33', '33', 'Quidem sint omnis aut id iste harum repellat neque. Ut reiciendis eum est sed et. Repellat molestias harum tenetur.', '1984-06-26 14:34:15');
INSERT INTO `messages` (`id`, `from_user_id`, `to_user_id`, `body`, `created_at`) VALUES ('34', '34', '34', 'Sit ut repudiandae voluptates. Quam iste error aut voluptates aut cupiditate sed. Consequatur inventore dolores animi officiis ad maxime optio.', '2004-09-03 03:39:26');
INSERT INTO `messages` (`id`, `from_user_id`, `to_user_id`, `body`, `created_at`) VALUES ('35', '35', '35', 'Consequatur in eum sed sapiente iusto doloribus. Adipisci in repellendus dicta vel assumenda. Quae delectus voluptates et reiciendis explicabo ut. Architecto earum et inventore et vero.', '1999-06-01 21:50:02');
INSERT INTO `messages` (`id`, `from_user_id`, `to_user_id`, `body`, `created_at`) VALUES ('36', '36', '36', 'Velit culpa est aut reprehenderit aut aut nisi. Adipisci sit sunt provident quis aliquid. Non ipsam velit libero fuga ut accusamus. Quos nihil quia quaerat aut dolores voluptas debitis nisi. Vel qui et non quia eveniet nihil accusantium.', '2020-02-25 20:04:00');
INSERT INTO `messages` (`id`, `from_user_id`, `to_user_id`, `body`, `created_at`) VALUES ('37', '37', '37', 'Voluptatem dolorem beatae error nesciunt fugiat. Quidem voluptatem fugiat laborum. Sit beatae fugit dolor blanditiis. Libero sunt ut nihil assumenda dicta.', '1977-03-28 22:36:18');
INSERT INTO `messages` (`id`, `from_user_id`, `to_user_id`, `body`, `created_at`) VALUES ('38', '38', '38', 'Repudiandae natus qui ipsum quos eius quibusdam. Rerum corrupti voluptas amet sed iste numquam itaque est. Neque vitae et maxime fugiat.', '2002-03-27 07:37:13');
INSERT INTO `messages` (`id`, `from_user_id`, `to_user_id`, `body`, `created_at`) VALUES ('39', '39', '39', 'Et deleniti qui voluptatem et distinctio veritatis et rerum. Illo et qui consectetur odio molestiae. Est libero nesciunt recusandae occaecati aut magnam quasi. Nostrum nemo sit voluptatum voluptatem qui.', '2007-02-15 20:00:03');
INSERT INTO `messages` (`id`, `from_user_id`, `to_user_id`, `body`, `created_at`) VALUES ('40', '40', '40', 'Consectetur consequatur fugit fugiat ipsum non pariatur accusamus. Autem dolores voluptatibus nisi omnis est. Veniam rerum voluptatem iusto aliquid id est.', '2005-02-11 07:58:07');
INSERT INTO `messages` (`id`, `from_user_id`, `to_user_id`, `body`, `created_at`) VALUES ('41', '41', '41', 'Quas cupiditate ipsum debitis occaecati aut debitis commodi. Nisi inventore recusandae sit. Quia perspiciatis dolore eum consequuntur voluptatem reprehenderit. Ipsa eos commodi quam architecto sit asperiores.', '2008-10-18 04:20:09');
INSERT INTO `messages` (`id`, `from_user_id`, `to_user_id`, `body`, `created_at`) VALUES ('42', '42', '42', 'Commodi laborum praesentium rerum quidem. Ea impedit rerum a ea blanditiis qui blanditiis. Commodi nesciunt velit nihil illum cum est.', '1999-06-06 20:35:38');
INSERT INTO `messages` (`id`, `from_user_id`, `to_user_id`, `body`, `created_at`) VALUES ('43', '43', '43', 'Numquam omnis nihil ipsum ut molestiae velit ipsa. Quia saepe tenetur ut dolorum maxime qui quasi.', '1993-09-15 01:27:55');
INSERT INTO `messages` (`id`, `from_user_id`, `to_user_id`, `body`, `created_at`) VALUES ('44', '44', '44', 'Modi sunt ut voluptatum nesciunt ut sunt nihil. Ipsum modi est error aut omnis. At consectetur officia aut. Numquam animi voluptates dignissimos dolorem odio debitis.', '1987-03-18 18:37:13');
INSERT INTO `messages` (`id`, `from_user_id`, `to_user_id`, `body`, `created_at`) VALUES ('45', '45', '45', 'Aut magni iure ipsum harum sit autem numquam qui. Corrupti itaque repudiandae perspiciatis a. Officiis sit harum sint velit aut. Asperiores possimus maxime eius ratione. Velit quibusdam libero ut et corporis.', '1989-01-18 13:41:20');
INSERT INTO `messages` (`id`, `from_user_id`, `to_user_id`, `body`, `created_at`) VALUES ('46', '46', '46', 'Repellendus tempora optio beatae eos ut. Perferendis magnam dolorem et iure omnis nisi voluptatem. Autem accusamus eum corporis aperiam ipsam. Et cumque id quam vel quo.', '1977-07-04 21:01:28');
INSERT INTO `messages` (`id`, `from_user_id`, `to_user_id`, `body`, `created_at`) VALUES ('47', '47', '47', 'Architecto officia repellat molestiae debitis explicabo. Molestiae ullam minus aut velit quis nisi possimus. Architecto necessitatibus aliquam tempora voluptates tenetur facere saepe. Architecto ea distinctio quisquam eaque qui quod sit.', '1988-08-25 23:24:54');
INSERT INTO `messages` (`id`, `from_user_id`, `to_user_id`, `body`, `created_at`) VALUES ('48', '48', '48', 'Asperiores quisquam pariatur non quidem qui ut. Ab non iste soluta ipsam. Sit ea fugit quae consequatur. Est neque ut veniam et.', '2003-09-23 22:29:38');
INSERT INTO `messages` (`id`, `from_user_id`, `to_user_id`, `body`, `created_at`) VALUES ('49', '49', '49', 'Voluptatibus rerum earum possimus expedita repudiandae. Eligendi porro nisi unde mollitia tenetur praesentium delectus. Odit tempora a voluptas tenetur assumenda ullam officiis.', '1975-04-04 22:08:16');
INSERT INTO `messages` (`id`, `from_user_id`, `to_user_id`, `body`, `created_at`) VALUES ('50', '50', '50', 'Aut sapiente eum nihil culpa. Aut maxime impedit nobis voluptatem illo iusto. Ratione sit natus eligendi dolores quis enim velit. Quia accusamus tempore qui fugit.', '1977-02-21 09:44:49');
INSERT INTO `messages` (`id`, `from_user_id`, `to_user_id`, `body`, `created_at`) VALUES ('51', '51', '51', 'Ipsam vel autem animi velit et soluta a. Consequatur veritatis rerum voluptatem nemo minima dicta. Quibusdam provident dolores non cumque quidem.', '1970-06-20 11:44:41');
INSERT INTO `messages` (`id`, `from_user_id`, `to_user_id`, `body`, `created_at`) VALUES ('52', '52', '52', 'Dolore eius necessitatibus nihil dolorem ipsa voluptatem. Maxime vel quia pariatur dolor dolorum. Suscipit aut officiis est nihil explicabo. Nisi corrupti nihil quia dignissimos minus dolor dolore. Fugiat suscipit rem quia tempore quidem illum fugiat quo.', '2002-09-09 00:13:39');
INSERT INTO `messages` (`id`, `from_user_id`, `to_user_id`, `body`, `created_at`) VALUES ('53', '53', '53', 'Laudantium sunt dolorem ipsa omnis et. Assumenda fugit ducimus non voluptatem incidunt omnis. Non debitis incidunt eligendi et. Accusantium et alias temporibus porro quasi dolore. Minima nisi dolores non voluptatum neque eos alias.', '2020-05-01 14:35:20');
INSERT INTO `messages` (`id`, `from_user_id`, `to_user_id`, `body`, `created_at`) VALUES ('54', '54', '54', 'Veniam dolorum magni neque nam delectus magnam ut. Eaque eveniet vel neque. Assumenda rerum tempore porro. Repellat ipsam eos vel qui. Quia sint eaque tempora.', '2009-02-12 13:38:31');
INSERT INTO `messages` (`id`, `from_user_id`, `to_user_id`, `body`, `created_at`) VALUES ('55', '55', '55', 'Voluptates consequatur deleniti sed enim nostrum a ab. Voluptatem minus soluta omnis debitis. Adipisci et quia voluptates occaecati harum quod.', '1979-05-08 23:30:50');
INSERT INTO `messages` (`id`, `from_user_id`, `to_user_id`, `body`, `created_at`) VALUES ('56', '56', '56', 'Architecto dolores asperiores beatae harum non quo. Quae dicta laudantium autem. Ut quibusdam in sunt natus ea inventore dolor.', '2009-11-14 03:41:02');
INSERT INTO `messages` (`id`, `from_user_id`, `to_user_id`, `body`, `created_at`) VALUES ('57', '57', '57', 'Nulla repellat aperiam dolorem sit sint. Qui nesciunt est inventore veritatis repellendus. Harum qui nesciunt aut deleniti dolores. Eaque doloremque qui laudantium nesciunt quae.', '1990-07-10 04:12:55');
INSERT INTO `messages` (`id`, `from_user_id`, `to_user_id`, `body`, `created_at`) VALUES ('58', '58', '58', 'Aut non molestiae ex ex. Enim numquam totam quo et laboriosam in. Numquam consequatur nisi modi sint et unde. Blanditiis aut eaque ad sapiente. Accusantium et animi veniam et et.', '1987-07-21 17:09:21');
INSERT INTO `messages` (`id`, `from_user_id`, `to_user_id`, `body`, `created_at`) VALUES ('59', '59', '59', 'Odio accusamus praesentium mollitia maiores quibusdam cupiditate. Fuga officia odit ducimus dicta temporibus et distinctio. Perferendis impedit a exercitationem non enim accusantium modi. Sit aliquid doloribus vitae repellat et id non.', '2018-09-26 13:15:51');
INSERT INTO `messages` (`id`, `from_user_id`, `to_user_id`, `body`, `created_at`) VALUES ('60', '60', '60', 'Possimus porro quidem voluptatem sit perferendis qui. Fugiat praesentium cupiditate explicabo repudiandae. Rerum rerum ea porro non maxime aut non. Ut id libero et dolorem ut qui et.', '2014-09-16 19:26:22');
INSERT INTO `messages` (`id`, `from_user_id`, `to_user_id`, `body`, `created_at`) VALUES ('61', '61', '61', 'Nam dicta sequi ea sunt. Eum quis id voluptatibus explicabo ut laudantium.', '1980-07-25 21:03:53');
INSERT INTO `messages` (`id`, `from_user_id`, `to_user_id`, `body`, `created_at`) VALUES ('62', '62', '62', 'Quidem eos velit molestiae quibusdam eveniet eius minima. Dolorem numquam fugiat quasi quae assumenda tempore fugiat. Voluptas nobis qui et possimus sed.', '1976-06-22 14:10:36');
INSERT INTO `messages` (`id`, `from_user_id`, `to_user_id`, `body`, `created_at`) VALUES ('63', '63', '63', 'Qui impedit aspernatur rerum voluptas eaque debitis. Nam maxime sed expedita eum rerum ipsam enim. Expedita consequuntur corrupti eveniet quibusdam est alias ipsam assumenda. Atque beatae blanditiis voluptatem architecto fugiat.', '2011-08-25 00:27:22');
INSERT INTO `messages` (`id`, `from_user_id`, `to_user_id`, `body`, `created_at`) VALUES ('64', '64', '64', 'Voluptas magnam non nisi fugiat sunt quia. Voluptatibus praesentium quae voluptatem. Repellendus et cum in magnam. Eius non asperiores est qui quo nihil. Saepe cupiditate sit et quaerat quaerat commodi voluptatem.', '1972-10-07 14:43:32');
INSERT INTO `messages` (`id`, `from_user_id`, `to_user_id`, `body`, `created_at`) VALUES ('65', '65', '65', 'Maxime veniam perspiciatis ad perspiciatis maiores amet. Hic impedit quis omnis inventore sit exercitationem voluptatem. Est perferendis dolor ut nulla.', '1985-02-02 10:00:01');
INSERT INTO `messages` (`id`, `from_user_id`, `to_user_id`, `body`, `created_at`) VALUES ('66', '66', '66', 'Voluptatem suscipit et dolorem quis maxime cum. Alias dolor id necessitatibus ad ut et eligendi. Quidem commodi maxime voluptas fugiat sint enim. Iste corrupti voluptatem itaque eveniet.', '2006-08-10 10:47:19');
INSERT INTO `messages` (`id`, `from_user_id`, `to_user_id`, `body`, `created_at`) VALUES ('67', '67', '67', 'Delectus veniam impedit omnis voluptatem nam suscipit. Ea maxime autem dolore rerum facilis fugit aut. Non omnis cumque illo quam consectetur. Quia sint soluta tempora velit enim vel deleniti voluptas.', '1998-05-25 15:22:34');
INSERT INTO `messages` (`id`, `from_user_id`, `to_user_id`, `body`, `created_at`) VALUES ('68', '68', '68', 'Tenetur sit distinctio commodi earum omnis et. Vero mollitia sit tenetur est. Quaerat quia libero incidunt molestiae facere. Possimus illum similique totam vel iure a.', '1999-03-31 23:31:26');
INSERT INTO `messages` (`id`, `from_user_id`, `to_user_id`, `body`, `created_at`) VALUES ('69', '69', '69', 'Aut ratione velit sed cum ipsam. Adipisci quis quis velit molestiae consequatur voluptas laudantium. Excepturi eum quia veritatis atque. Aut quibusdam dolorum et.', '1979-07-30 20:01:12');
INSERT INTO `messages` (`id`, `from_user_id`, `to_user_id`, `body`, `created_at`) VALUES ('70', '70', '70', 'Veniam voluptatem eum enim voluptate. Quam non quidem deserunt sunt nihil. Fuga maiores sed odio quia vel rerum.', '2009-01-29 17:37:29');
INSERT INTO `messages` (`id`, `from_user_id`, `to_user_id`, `body`, `created_at`) VALUES ('71', '71', '71', 'Quidem et libero qui earum et eius esse. Amet doloribus libero debitis. Maxime consequatur nihil non dolor.', '2018-05-13 05:11:25');
INSERT INTO `messages` (`id`, `from_user_id`, `to_user_id`, `body`, `created_at`) VALUES ('72', '72', '72', 'Nihil aut et beatae tempora. Aliquid fuga voluptas distinctio in est.', '2005-01-06 22:40:43');
INSERT INTO `messages` (`id`, `from_user_id`, `to_user_id`, `body`, `created_at`) VALUES ('73', '73', '73', 'Molestias aut tempora ea cupiditate omnis adipisci velit voluptas. Ratione enim vel modi quisquam quaerat enim tempore.', '2012-05-18 13:40:39');
INSERT INTO `messages` (`id`, `from_user_id`, `to_user_id`, `body`, `created_at`) VALUES ('74', '74', '74', 'Facilis ipsa asperiores qui aspernatur. Omnis vero nihil accusantium quaerat ut. Sapiente aliquam quia aliquam hic fugit. Eos quas odit velit saepe officiis.', '1992-09-15 21:06:16');
INSERT INTO `messages` (`id`, `from_user_id`, `to_user_id`, `body`, `created_at`) VALUES ('75', '75', '75', 'Est qui cumque voluptas dolores quidem ut enim. Id est et sit recusandae eligendi quae. Officiis doloremque maxime quis iure doloribus. Non magnam non eum.', '2009-02-12 05:30:09');
INSERT INTO `messages` (`id`, `from_user_id`, `to_user_id`, `body`, `created_at`) VALUES ('76', '76', '76', 'Aut error dolor cumque quam necessitatibus sunt quo dolorem. Eos nihil rerum nesciunt. Incidunt similique maxime quo quos voluptas non.', '2017-09-12 18:22:26');
INSERT INTO `messages` (`id`, `from_user_id`, `to_user_id`, `body`, `created_at`) VALUES ('77', '77', '77', 'Ea quia quia qui vitae. Asperiores amet quas voluptatem nostrum facilis eum. Rerum magnam odit asperiores sapiente accusamus consequatur explicabo. Vero et commodi veniam aut iusto voluptatem ducimus vitae.', '2019-02-21 08:42:45');
INSERT INTO `messages` (`id`, `from_user_id`, `to_user_id`, `body`, `created_at`) VALUES ('78', '78', '78', 'Fugiat rerum qui eveniet officia aut omnis. Qui sunt aperiam fuga qui. Voluptas porro commodi itaque et qui pariatur.', '2001-09-29 05:07:26');
INSERT INTO `messages` (`id`, `from_user_id`, `to_user_id`, `body`, `created_at`) VALUES ('79', '79', '79', 'Dolor et minus est nemo nostrum. Tenetur fuga consequatur quis. Tenetur perspiciatis quibusdam autem sequi ut officiis quae.', '2001-12-28 01:27:07');
INSERT INTO `messages` (`id`, `from_user_id`, `to_user_id`, `body`, `created_at`) VALUES ('80', '80', '80', 'Sit sed accusamus harum provident. In dolorem voluptas nihil officia mollitia nihil quam. Asperiores laborum consequatur dicta ut similique voluptatum reiciendis. Quaerat et et molestias necessitatibus ab.', '1991-08-19 05:03:06');
INSERT INTO `messages` (`id`, `from_user_id`, `to_user_id`, `body`, `created_at`) VALUES ('81', '81', '81', 'At dolorum dolorum facilis consequuntur cumque aut. Ut dolores consequatur cumque dolore quas numquam quia. Consequuntur dolorem quis quaerat totam dolorem. Sed consequuntur quia sunt numquam.', '2009-05-29 08:31:26');
INSERT INTO `messages` (`id`, `from_user_id`, `to_user_id`, `body`, `created_at`) VALUES ('82', '82', '82', 'Ut illo commodi non distinctio iure. Ratione nemo voluptatum voluptatibus ratione commodi. Aliquam quos praesentium voluptatibus eos accusamus tempora.', '2005-10-28 22:03:18');
INSERT INTO `messages` (`id`, `from_user_id`, `to_user_id`, `body`, `created_at`) VALUES ('83', '83', '83', 'Rem consequuntur debitis deleniti soluta quia quo. Animi suscipit rerum sunt veniam et sequi assumenda. Suscipit minima qui fugiat ducimus. Et veniam temporibus quo atque est fugit omnis dicta.', '2016-03-05 01:27:55');
INSERT INTO `messages` (`id`, `from_user_id`, `to_user_id`, `body`, `created_at`) VALUES ('84', '84', '84', 'Aliquid sint dolorem eos. Neque excepturi sint cum ut voluptatem laboriosam dolorem. Aut eius voluptate aut sit ea. Laudantium inventore rem nemo sequi ullam officia. Necessitatibus rerum est aliquid voluptates praesentium consectetur.', '1971-12-13 11:49:31');
INSERT INTO `messages` (`id`, `from_user_id`, `to_user_id`, `body`, `created_at`) VALUES ('85', '85', '85', 'Necessitatibus consequatur et et sunt facilis consequatur cum. Accusamus reprehenderit facilis dolores. Praesentium placeat perferendis mollitia. Placeat delectus in fugiat dolore fugiat.', '2013-08-06 12:51:29');
INSERT INTO `messages` (`id`, `from_user_id`, `to_user_id`, `body`, `created_at`) VALUES ('86', '86', '86', 'Itaque reprehenderit molestiae vel optio at. Consequatur sit natus ea. Omnis nihil molestiae soluta aut. Voluptatem tempore doloribus ab facere animi sed voluptas.', '1994-10-12 02:28:56');
INSERT INTO `messages` (`id`, `from_user_id`, `to_user_id`, `body`, `created_at`) VALUES ('87', '87', '87', 'Eaque molestias provident accusantium aut cupiditate. Laboriosam fugiat ab sunt quia. Occaecati a dolorem aut tempore aut a explicabo.', '2015-04-30 00:50:41');
INSERT INTO `messages` (`id`, `from_user_id`, `to_user_id`, `body`, `created_at`) VALUES ('88', '88', '88', 'Culpa quia qui alias est et et. Itaque id ipsam dolorum id. In fugit quam exercitationem vero. Praesentium ea maxime quibusdam voluptates libero vel natus.', '1988-09-12 13:35:28');
INSERT INTO `messages` (`id`, `from_user_id`, `to_user_id`, `body`, `created_at`) VALUES ('89', '89', '89', 'Quis voluptatem culpa qui animi dolor recusandae delectus. Est minus repudiandae et illo ab rerum porro doloremque.', '2018-04-02 18:50:43');
INSERT INTO `messages` (`id`, `from_user_id`, `to_user_id`, `body`, `created_at`) VALUES ('90', '90', '90', 'Minima delectus aut vero placeat harum odio voluptatem. Sint vel qui earum eos culpa omnis et. Accusantium fugiat quae debitis molestias totam in quis.', '1989-04-18 16:10:31');
INSERT INTO `messages` (`id`, `from_user_id`, `to_user_id`, `body`, `created_at`) VALUES ('91', '91', '91', 'Ea repellat aut accusamus. Non dolore velit dolores deleniti dolore impedit ratione. Dolore omnis animi aspernatur cum minus.', '2002-07-07 11:09:04');
INSERT INTO `messages` (`id`, `from_user_id`, `to_user_id`, `body`, `created_at`) VALUES ('92', '92', '92', 'Rerum voluptatem ut eum voluptatum esse mollitia. In rem libero ipsam aperiam et. Qui quam distinctio expedita tempora id alias. Illum deserunt ut dolor nesciunt. Laudantium accusantium fugiat exercitationem cupiditate autem nam sequi.', '1978-08-10 19:24:32');
INSERT INTO `messages` (`id`, `from_user_id`, `to_user_id`, `body`, `created_at`) VALUES ('93', '93', '93', 'Et omnis enim in ut doloribus et quis. Libero corrupti quia officiis officia molestias est eaque. Aut nobis ut molestiae error aut officiis ipsa. Reiciendis et iure et excepturi voluptatum est. Ut vero voluptas ut.', '2011-04-10 02:37:07');
INSERT INTO `messages` (`id`, `from_user_id`, `to_user_id`, `body`, `created_at`) VALUES ('94', '94', '94', 'Corporis ut omnis cumque saepe autem. Unde minima maiores culpa. Est similique in vel molestiae.', '1988-01-25 21:52:42');
INSERT INTO `messages` (`id`, `from_user_id`, `to_user_id`, `body`, `created_at`) VALUES ('95', '95', '95', 'Necessitatibus sed beatae quos dolores velit sint. Est quae vitae sit sit eum. Culpa rerum eos ut dolor. Magni est corrupti quaerat.', '2004-10-21 15:06:17');
INSERT INTO `messages` (`id`, `from_user_id`, `to_user_id`, `body`, `created_at`) VALUES ('96', '96', '96', 'Vitae dolores dolorem rem ut et consequatur. Explicabo tenetur est consequuntur in incidunt earum iure. Eius veniam occaecati delectus in.', '1994-06-15 01:12:14');
INSERT INTO `messages` (`id`, `from_user_id`, `to_user_id`, `body`, `created_at`) VALUES ('97', '97', '97', 'Minus sit voluptate quae et corrupti eum aliquid. Ullam eos et qui unde ex blanditiis rerum. Voluptatem harum tempore placeat cum eum consequuntur voluptates.', '2005-04-02 07:56:09');
INSERT INTO `messages` (`id`, `from_user_id`, `to_user_id`, `body`, `created_at`) VALUES ('98', '98', '98', 'Earum praesentium nisi officiis hic et. Molestias eius dolor autem mollitia autem assumenda non. Sed beatae voluptas iste aliquid. Ullam qui dolore exercitationem ut eos esse.', '2002-11-21 23:29:59');
INSERT INTO `messages` (`id`, `from_user_id`, `to_user_id`, `body`, `created_at`) VALUES ('99', '99', '99', 'Mollitia maiores labore officiis id et. Qui suscipit et et minima libero tenetur est ut. Tempora autem molestiae id voluptas ab et atque.', '2017-03-10 00:21:44');
INSERT INTO `messages` (`id`, `from_user_id`, `to_user_id`, `body`, `created_at`) VALUES ('100', '100', '100', 'Optio voluptatem excepturi et magni tenetur. Voluptatum dolor id incidunt praesentium ea rerum qui. Corrupti ab qui sed et ea voluptatem fugit. Quo odio omnis quia alias sit libero.', '1995-10-14 06:59:13');
INSERT INTO `messages` (`id`, `from_user_id`, `to_user_id`, `body`, `created_at`) VALUES ('101', '101', '101', 'Quidem alias nihil quae veniam sed hic. Velit quo sed amet reiciendis accusantium officiis et. Iure dignissimos quia consequuntur veritatis rerum voluptatibus. Possimus officia optio natus enim.', '2003-01-28 12:30:39');
INSERT INTO `messages` (`id`, `from_user_id`, `to_user_id`, `body`, `created_at`) VALUES ('102', '102', '102', 'Quia dolorum architecto ex at ipsa aliquid dolor. Velit temporibus repellendus laborum minus rem cumque quo. At aliquid officia quis quis occaecati. Doloribus sapiente amet quibusdam commodi et ad quo.', '2015-02-14 01:19:25');
INSERT INTO `messages` (`id`, `from_user_id`, `to_user_id`, `body`, `created_at`) VALUES ('103', '103', '103', 'Doloribus tenetur a at et. Atque voluptas soluta explicabo quia eius nisi. Qui ea ut harum.', '2008-06-19 15:29:55');
INSERT INTO `messages` (`id`, `from_user_id`, `to_user_id`, `body`, `created_at`) VALUES ('104', '104', '104', 'Ipsa exercitationem consequuntur recusandae id nobis laboriosam qui. Iure recusandae facilis cum suscipit veritatis at et. Animi tenetur repellat sequi aut qui.', '2013-12-08 16:03:50');
INSERT INTO `messages` (`id`, `from_user_id`, `to_user_id`, `body`, `created_at`) VALUES ('105', '105', '105', 'Accusantium eum soluta sed. In et distinctio nemo quam eaque maiores reprehenderit voluptatem. Possimus molestias fuga quasi rerum ut est eligendi et. Beatae quasi officia enim consectetur eligendi iusto.', '1995-03-27 16:44:07');
INSERT INTO `messages` (`id`, `from_user_id`, `to_user_id`, `body`, `created_at`) VALUES ('106', '106', '106', 'Et repellat id placeat qui quia nobis ipsum. Voluptas et qui aut culpa molestiae ea. Eius id omnis porro sint laborum omnis.', '1970-01-07 19:16:25');
INSERT INTO `messages` (`id`, `from_user_id`, `to_user_id`, `body`, `created_at`) VALUES ('107', '107', '107', 'Ducimus porro vitae aperiam quaerat. Nemo autem est eum quam deleniti. Consequuntur rerum qui impedit qui ipsa fugiat qui.', '2015-07-27 00:45:00');
INSERT INTO `messages` (`id`, `from_user_id`, `to_user_id`, `body`, `created_at`) VALUES ('108', '108', '108', 'Voluptas qui debitis et voluptatum est. Exercitationem qui molestiae et dolorem est nulla. At culpa qui possimus ipsum consequatur. Dolore inventore suscipit in molestiae hic quod ipsam asperiores. Voluptate impedit perferendis nihil dolor unde.', '2019-01-11 00:54:09');
INSERT INTO `messages` (`id`, `from_user_id`, `to_user_id`, `body`, `created_at`) VALUES ('109', '109', '109', 'Doloremque est eligendi velit vero fugit quod quam. In voluptatibus minima excepturi sed incidunt. Sed aut accusamus ut non est pariatur officia. Est ex quam placeat dolor accusantium quidem consequuntur praesentium.', '1980-06-11 06:15:59');
INSERT INTO `messages` (`id`, `from_user_id`, `to_user_id`, `body`, `created_at`) VALUES ('110', '110', '110', 'Corporis voluptas rerum provident qui suscipit distinctio sit architecto. Quis cupiditate occaecati cupiditate dolor dolores quia. Vel laboriosam dolores qui iusto. Repellendus voluptatem sit pariatur nihil aut.', '2004-03-19 04:50:05');
INSERT INTO `messages` (`id`, `from_user_id`, `to_user_id`, `body`, `created_at`) VALUES ('111', '111', '111', 'Quaerat maxime nemo corporis esse expedita. Ullam enim sed deserunt nam ut veniam. Dignissimos placeat veniam laborum. Asperiores sint dicta a dignissimos quia quaerat perferendis.', '2007-11-11 04:53:43');
INSERT INTO `messages` (`id`, `from_user_id`, `to_user_id`, `body`, `created_at`) VALUES ('112', '112', '112', 'Placeat optio voluptatem odio et non. Sequi accusantium nostrum sit sit. Qui molestiae cumque aliquam nihil est nemo est hic. Quia sit veritatis voluptatem quos ut perspiciatis. Sunt autem similique atque nihil.', '1996-12-17 16:56:41');
INSERT INTO `messages` (`id`, `from_user_id`, `to_user_id`, `body`, `created_at`) VALUES ('113', '113', '113', 'At eveniet sit et voluptatem ut. Adipisci minus id maxime alias totam. Rerum corporis qui nostrum illo et.', '2012-08-17 07:58:25');
INSERT INTO `messages` (`id`, `from_user_id`, `to_user_id`, `body`, `created_at`) VALUES ('114', '114', '114', 'Aliquid et asperiores ab quis et quaerat ipsam. Ea excepturi animi repellendus praesentium labore at aut qui. Iusto id delectus perferendis ut nam deserunt. Facere rerum voluptatum ipsa voluptatum facere.', '1997-10-09 06:21:57');
INSERT INTO `messages` (`id`, `from_user_id`, `to_user_id`, `body`, `created_at`) VALUES ('115', '115', '115', 'Culpa pariatur architecto cupiditate quo. Id eligendi quas accusamus reprehenderit autem temporibus omnis quia.', '2001-06-28 16:01:56');
INSERT INTO `messages` (`id`, `from_user_id`, `to_user_id`, `body`, `created_at`) VALUES ('116', '116', '116', 'Magnam dignissimos repudiandae ut sit. Maxime modi minima nulla commodi iure qui aspernatur voluptates. Molestiae possimus delectus dolor aut corporis qui non. Fugit et consectetur quis tempora enim cum.', '2014-05-26 19:01:38');
INSERT INTO `messages` (`id`, `from_user_id`, `to_user_id`, `body`, `created_at`) VALUES ('117', '117', '117', 'Occaecati provident voluptatem voluptatibus laudantium ratione. Autem vitae ut saepe. Corporis sed excepturi quod quia quod commodi. Ut repudiandae voluptatem inventore blanditiis et magni accusantium.', '2005-03-24 21:51:00');
INSERT INTO `messages` (`id`, `from_user_id`, `to_user_id`, `body`, `created_at`) VALUES ('118', '118', '118', 'Animi vero quae atque et sit a. Dolore tempore natus dolor consectetur velit at vel. Qui et deserunt ipsam recusandae repudiandae sint. Aspernatur excepturi quos dignissimos voluptas.', '2007-06-13 21:58:02');
INSERT INTO `messages` (`id`, `from_user_id`, `to_user_id`, `body`, `created_at`) VALUES ('119', '119', '119', 'Ratione adipisci quia reiciendis facere et ducimus. Dolorem quia vitae explicabo dolores. Asperiores asperiores neque minus est.', '2019-05-17 10:51:45');
INSERT INTO `messages` (`id`, `from_user_id`, `to_user_id`, `body`, `created_at`) VALUES ('120', '120', '120', 'Molestiae labore nulla nam. Quisquam ullam totam autem aut officiis distinctio. Veniam labore qui tempora illo assumenda eaque non. Eos nihil eaque esse hic illo excepturi nobis.', '1992-10-17 08:39:03');
INSERT INTO `messages` (`id`, `from_user_id`, `to_user_id`, `body`, `created_at`) VALUES ('121', '1', '1', 'Accusamus inventore nihil eveniet. Qui sapiente cupiditate et tempora magni fugit totam vitae. Facilis vitae enim voluptatum voluptatum.', '1997-10-28 04:45:42');
INSERT INTO `messages` (`id`, `from_user_id`, `to_user_id`, `body`, `created_at`) VALUES ('122', '2', '2', 'Delectus sed repellendus aliquam nobis. Nam rem accusamus necessitatibus sit. Tempora quo dolor quis non nihil tempore. Dolorem aut ex architecto aperiam aliquid et unde. Eaque incidunt cumque voluptatibus modi non aut.', '1992-01-14 21:21:05');
INSERT INTO `messages` (`id`, `from_user_id`, `to_user_id`, `body`, `created_at`) VALUES ('123', '3', '3', 'Adipisci quibusdam eos doloremque similique repellat et eligendi. Perspiciatis est dolorum sed illum quia accusamus. Omnis voluptatem alias dolorem debitis est temporibus aut. Explicabo aliquam id earum natus.', '2002-03-24 00:10:46');
INSERT INTO `messages` (`id`, `from_user_id`, `to_user_id`, `body`, `created_at`) VALUES ('124', '4', '4', 'Explicabo odit provident laboriosam ex veniam praesentium itaque. Architecto distinctio ullam ratione odio atque sint. Dolorem optio illo sed possimus debitis iure. Omnis consectetur est quia id tenetur cupiditate impedit.', '1991-12-12 08:52:47');
INSERT INTO `messages` (`id`, `from_user_id`, `to_user_id`, `body`, `created_at`) VALUES ('125', '5', '5', 'Quia nemo neque dolores et fuga. Facilis et voluptatem sed ut non omnis aperiam. Pariatur qui consequatur eum eligendi ab.', '1993-04-10 08:29:09');
INSERT INTO `messages` (`id`, `from_user_id`, `to_user_id`, `body`, `created_at`) VALUES ('126', '6', '6', 'Et assumenda veritatis eligendi. Sunt alias tempore ea eum ea rerum fugit quo. Distinctio asperiores est impedit eveniet.', '1974-07-06 18:25:34');
INSERT INTO `messages` (`id`, `from_user_id`, `to_user_id`, `body`, `created_at`) VALUES ('127', '7', '7', 'Aut ea voluptatem quisquam quis nihil praesentium ullam ut. Nostrum et ut error non ratione architecto dolorum. Illum cumque nostrum nesciunt. Eum pariatur distinctio autem. Totam commodi pariatur ipsa in placeat.', '1976-11-27 18:53:49');
INSERT INTO `messages` (`id`, `from_user_id`, `to_user_id`, `body`, `created_at`) VALUES ('128', '8', '8', 'Natus et modi rerum voluptatem quaerat est repellat praesentium. Deleniti sint rerum explicabo. Numquam consectetur voluptatem rem aut. Ex quidem aliquam libero.', '1983-03-02 19:22:59');
INSERT INTO `messages` (`id`, `from_user_id`, `to_user_id`, `body`, `created_at`) VALUES ('129', '9', '9', 'Veniam consequatur consequatur vero non ducimus. Est deserunt libero voluptatum tenetur exercitationem quo. Expedita pariatur qui officia qui soluta molestias.', '2004-11-24 16:51:36');
INSERT INTO `messages` (`id`, `from_user_id`, `to_user_id`, `body`, `created_at`) VALUES ('130', '10', '10', 'Placeat beatae ratione aut laudantium quis. Porro officiis qui qui eos aspernatur nulla corporis ut. Ut aut dolorem est rerum.', '1984-04-29 11:17:25');
INSERT INTO `messages` (`id`, `from_user_id`, `to_user_id`, `body`, `created_at`) VALUES ('131', '11', '11', 'Minus non voluptatum quia id maiores provident. Libero quia ipsa dolorem fugiat. Voluptatibus optio mollitia quia at dolorum.', '1980-04-10 19:37:53');
INSERT INTO `messages` (`id`, `from_user_id`, `to_user_id`, `body`, `created_at`) VALUES ('132', '12', '12', 'Sint velit iure minus quia aliquid quia fuga. Corporis repellat adipisci ea veritatis aliquid velit corrupti. Est reprehenderit fuga aut atque sapiente ipsam. Nesciunt doloribus sint aspernatur aspernatur eos quibusdam iste quia.', '1989-05-30 01:01:09');
INSERT INTO `messages` (`id`, `from_user_id`, `to_user_id`, `body`, `created_at`) VALUES ('133', '13', '13', 'Dolores maiores voluptas quo suscipit minima. Necessitatibus recusandae accusantium rerum tenetur culpa rerum illum. Repudiandae omnis labore dolore aut.', '2009-02-06 21:13:45');
INSERT INTO `messages` (`id`, `from_user_id`, `to_user_id`, `body`, `created_at`) VALUES ('134', '14', '14', 'Minima numquam molestiae labore quia cumque alias. Facere eaque quia non laboriosam ea quibusdam id. Ut quia sint eum repellendus. Ratione ut libero cupiditate ut iure.', '1993-01-30 18:31:05');
INSERT INTO `messages` (`id`, `from_user_id`, `to_user_id`, `body`, `created_at`) VALUES ('135', '15', '15', 'Eius et cupiditate aut pariatur. Omnis explicabo et error corrupti beatae qui sint eum.', '1993-02-11 07:19:04');
INSERT INTO `messages` (`id`, `from_user_id`, `to_user_id`, `body`, `created_at`) VALUES ('136', '16', '16', 'Blanditiis autem in ab praesentium. Harum aut eveniet similique quia ea. Eveniet voluptatem vitae repellendus aut iste.', '2016-09-19 23:08:41');
INSERT INTO `messages` (`id`, `from_user_id`, `to_user_id`, `body`, `created_at`) VALUES ('137', '17', '17', 'Quis aut quia voluptatem laborum explicabo repellendus iusto. Amet ut magnam nesciunt deserunt. Officia qui quod doloribus illum illum earum. Recusandae deleniti quos nihil iusto magni.', '2010-08-16 17:40:41');
INSERT INTO `messages` (`id`, `from_user_id`, `to_user_id`, `body`, `created_at`) VALUES ('138', '18', '18', 'Hic aliquam tempore quidem ducimus. Molestiae nobis tempore quo quos voluptatum assumenda. Corrupti quia nisi fugiat doloribus harum. Fugit amet omnis similique temporibus sed fugit.', '2000-01-24 09:17:01');
INSERT INTO `messages` (`id`, `from_user_id`, `to_user_id`, `body`, `created_at`) VALUES ('139', '19', '19', 'Ut et dolor odit architecto recusandae aut. Nihil voluptas dolor pariatur enim.', '2005-01-11 03:01:04');
INSERT INTO `messages` (`id`, `from_user_id`, `to_user_id`, `body`, `created_at`) VALUES ('140', '20', '20', 'Optio nulla aut minima illum officiis corporis accusamus molestias. Aliquam qui earum deserunt assumenda fugiat dolore. Nihil accusamus quidem ab reiciendis rem.', '2003-06-26 11:33:53');
INSERT INTO `messages` (`id`, `from_user_id`, `to_user_id`, `body`, `created_at`) VALUES ('141', '21', '21', 'Consectetur maiores qui omnis vero commodi asperiores labore. Quis suscipit sunt deleniti non unde vel dignissimos inventore. Dolore quod sunt dolor quae sunt.', '1994-12-20 05:22:14');
INSERT INTO `messages` (`id`, `from_user_id`, `to_user_id`, `body`, `created_at`) VALUES ('142', '22', '22', 'Culpa autem eum odio aut est dolores omnis. Repudiandae sit hic doloribus beatae. Possimus iure reprehenderit cum fuga culpa veniam aliquam.', '1994-05-16 17:58:01');
INSERT INTO `messages` (`id`, `from_user_id`, `to_user_id`, `body`, `created_at`) VALUES ('143', '23', '23', 'Similique et eius optio voluptatem accusamus hic ipsum et. Saepe cum adipisci ipsam itaque est praesentium. Cum asperiores provident voluptatibus nobis. Eos id iste mollitia quia.', '1995-09-19 11:32:43');
INSERT INTO `messages` (`id`, `from_user_id`, `to_user_id`, `body`, `created_at`) VALUES ('144', '24', '24', 'In rem consequuntur et rerum ducimus et. Quia dolore et cum veritatis.', '1994-10-19 20:20:26');
INSERT INTO `messages` (`id`, `from_user_id`, `to_user_id`, `body`, `created_at`) VALUES ('145', '25', '25', 'Ut consequatur sit assumenda error. Sit omnis corrupti corrupti dolore repellendus. Autem nihil ipsum molestiae qui voluptatum rerum nihil.', '2009-04-02 13:19:43');
INSERT INTO `messages` (`id`, `from_user_id`, `to_user_id`, `body`, `created_at`) VALUES ('146', '26', '26', 'Ducimus neque excepturi accusantium commodi qui explicabo. Et eligendi consequuntur voluptas. Nemo laboriosam quo quaerat et nesciunt.', '2001-03-21 17:36:45');
INSERT INTO `messages` (`id`, `from_user_id`, `to_user_id`, `body`, `created_at`) VALUES ('147', '27', '27', 'Deserunt voluptas ad voluptate ad. In autem quasi ut voluptas voluptas ea exercitationem modi. Commodi voluptate aut consequatur sit rerum commodi nobis. Et sed quia quibusdam minima.', '2010-12-27 19:31:58');
INSERT INTO `messages` (`id`, `from_user_id`, `to_user_id`, `body`, `created_at`) VALUES ('148', '28', '28', 'Aut eos et voluptas sunt quia corporis suscipit. Nam totam et officia voluptatem dolor nihil facere quisquam. Deserunt voluptatibus odit et assumenda velit voluptatem.', '1993-04-13 16:18:28');
INSERT INTO `messages` (`id`, `from_user_id`, `to_user_id`, `body`, `created_at`) VALUES ('149', '29', '29', 'Reprehenderit pariatur et quod dolores est ut. Enim molestias in eos est et quidem.', '1973-08-23 22:47:44');
INSERT INTO `messages` (`id`, `from_user_id`, `to_user_id`, `body`, `created_at`) VALUES ('150', '30', '30', 'Rerum odio ea repudiandae vel id. Quam est cumque molestiae mollitia rerum odit.', '1984-10-29 02:06:34');
INSERT INTO `messages` (`id`, `from_user_id`, `to_user_id`, `body`, `created_at`) VALUES ('151', '31', '31', 'Porro eaque a ut voluptas. Et consequuntur asperiores sed et. Reprehenderit esse delectus qui nesciunt. Est et et debitis vero recusandae nostrum quasi.', '1993-12-31 19:16:21');
INSERT INTO `messages` (`id`, `from_user_id`, `to_user_id`, `body`, `created_at`) VALUES ('152', '32', '32', 'Omnis minima voluptatibus veritatis consequatur. Dignissimos molestiae debitis odit consequatur facere accusamus necessitatibus. Fugit libero quidem dolor consequatur accusamus illum voluptatem.', '2003-12-11 20:58:44');
INSERT INTO `messages` (`id`, `from_user_id`, `to_user_id`, `body`, `created_at`) VALUES ('153', '33', '33', 'Alias corrupti veniam asperiores recusandae eos. Numquam animi non rem occaecati est assumenda. Tenetur odit quae aut omnis nostrum voluptatibus natus. Nobis amet sed doloribus quibusdam ab.', '1972-05-13 06:11:40');
INSERT INTO `messages` (`id`, `from_user_id`, `to_user_id`, `body`, `created_at`) VALUES ('154', '34', '34', 'Nisi est voluptate eaque non vel. Nesciunt aut rerum doloribus. Accusamus eum sed sequi eaque rem.', '1991-10-15 06:34:47');
INSERT INTO `messages` (`id`, `from_user_id`, `to_user_id`, `body`, `created_at`) VALUES ('155', '35', '35', 'Molestiae eos ea qui sit. Optio maiores occaecati sit est sit ea. Sequi saepe adipisci expedita qui qui provident. Quia fugiat nemo esse non explicabo eligendi aut.', '1989-10-01 13:51:04');
INSERT INTO `messages` (`id`, `from_user_id`, `to_user_id`, `body`, `created_at`) VALUES ('156', '36', '36', 'Ad ipsam atque qui repudiandae. Consequatur quo consequatur nihil eum ut enim. Temporibus consequuntur beatae ea corporis sint rerum molestiae veniam. Accusamus ad reiciendis rerum et deserunt ut placeat.', '2006-11-02 11:11:58');
INSERT INTO `messages` (`id`, `from_user_id`, `to_user_id`, `body`, `created_at`) VALUES ('157', '37', '37', 'Sed necessitatibus doloribus sint enim. Aut laboriosam culpa nesciunt. Ipsum voluptatum quia distinctio aperiam deleniti laudantium ut. Ullam voluptatem dolores exercitationem explicabo similique est sed et.', '1978-02-10 22:12:28');
INSERT INTO `messages` (`id`, `from_user_id`, `to_user_id`, `body`, `created_at`) VALUES ('158', '38', '38', 'Non atque quaerat consequatur non. Hic sit corporis qui voluptatibus et nobis. Quisquam dolorem consectetur et cum.', '1973-09-15 08:41:27');
INSERT INTO `messages` (`id`, `from_user_id`, `to_user_id`, `body`, `created_at`) VALUES ('159', '39', '39', 'Veniam veritatis laboriosam quibusdam ad aspernatur. Sunt voluptatem rem ad veniam omnis. Ipsa saepe illo eum.', '2019-09-15 04:41:16');
INSERT INTO `messages` (`id`, `from_user_id`, `to_user_id`, `body`, `created_at`) VALUES ('160', '40', '40', 'Ut rerum sunt saepe qui officiis error soluta. Blanditiis officiis maiores eveniet ad quas iste.', '1970-11-15 13:47:22');
INSERT INTO `messages` (`id`, `from_user_id`, `to_user_id`, `body`, `created_at`) VALUES ('161', '41', '41', 'Consectetur iure voluptatum aut nisi iure quibusdam exercitationem. Mollitia dolore odit officiis libero. Ullam tempora sed et voluptatem repellendus.', '1976-01-17 17:42:10');
INSERT INTO `messages` (`id`, `from_user_id`, `to_user_id`, `body`, `created_at`) VALUES ('162', '42', '42', 'Id similique voluptatem explicabo est suscipit fugit sed deserunt. Voluptas neque possimus mollitia aperiam. Sit voluptas id et velit. Temporibus et modi qui animi cumque et.', '1987-04-04 11:58:29');
INSERT INTO `messages` (`id`, `from_user_id`, `to_user_id`, `body`, `created_at`) VALUES ('163', '43', '43', 'Id iste sit dicta culpa voluptatum quisquam. Sint aut id deserunt minus voluptatem dolores. Quibusdam est minima ipsum corporis. Consequatur laborum aut fuga atque.', '1991-05-09 19:10:42');
INSERT INTO `messages` (`id`, `from_user_id`, `to_user_id`, `body`, `created_at`) VALUES ('164', '44', '44', 'Qui minus enim consequatur quis provident impedit. Magni eveniet non animi eum atque. Vitae maiores et eligendi a nemo et in non. Qui nostrum id et cum.', '1999-09-07 07:42:14');
INSERT INTO `messages` (`id`, `from_user_id`, `to_user_id`, `body`, `created_at`) VALUES ('165', '45', '45', 'Vel hic error cum quia vitae. Iste doloremque veniam et et repudiandae iste ea. Accusantium consequatur et rerum accusantium quia.', '1982-07-31 11:10:15');
INSERT INTO `messages` (`id`, `from_user_id`, `to_user_id`, `body`, `created_at`) VALUES ('166', '46', '46', 'Rerum maxime qui cupiditate debitis. Excepturi harum natus in et iste ipsam dolor. Placeat ipsum ea quia animi. Magnam fugit ea magni commodi autem aperiam.', '1980-02-21 10:40:52');
INSERT INTO `messages` (`id`, `from_user_id`, `to_user_id`, `body`, `created_at`) VALUES ('167', '47', '47', 'Incidunt sapiente praesentium voluptas voluptas maxime omnis enim. Excepturi at quae suscipit. Iure voluptates aut quibusdam sequi aut.', '2008-11-10 20:21:43');
INSERT INTO `messages` (`id`, `from_user_id`, `to_user_id`, `body`, `created_at`) VALUES ('168', '48', '48', 'Ipsa nihil ad dolorem nam eum. Repudiandae omnis impedit repudiandae cupiditate et natus ut. Eos aut et consequatur iste voluptate omnis. Omnis provident dolor sed.', '2000-12-22 09:54:09');
INSERT INTO `messages` (`id`, `from_user_id`, `to_user_id`, `body`, `created_at`) VALUES ('169', '49', '49', 'Vel nihil esse in iste et temporibus quo. Iusto doloremque nam sed nam quo dolor quidem. Temporibus veritatis soluta facere beatae. Et quia nesciunt ullam rerum aut.', '2000-09-07 15:40:39');
INSERT INTO `messages` (`id`, `from_user_id`, `to_user_id`, `body`, `created_at`) VALUES ('170', '50', '50', 'Laboriosam corrupti magnam sed repellendus esse autem nulla. Recusandae sint ducimus amet enim. Explicabo et deserunt laudantium et adipisci.', '1982-08-02 21:57:47');
INSERT INTO `messages` (`id`, `from_user_id`, `to_user_id`, `body`, `created_at`) VALUES ('171', '51', '51', 'Repellendus officia inventore quasi maxime. Quia nemo placeat eum quo. Facilis temporibus iusto esse eos. Totam necessitatibus quia molestiae explicabo fugiat nesciunt sed. Sint commodi similique eos et iure.', '2010-09-10 17:19:37');
INSERT INTO `messages` (`id`, `from_user_id`, `to_user_id`, `body`, `created_at`) VALUES ('172', '52', '52', 'Minus fugiat et eum aut rem. Sit aspernatur rerum voluptatem doloribus. Repellendus ex ex labore aut officiis soluta.', '2009-03-29 09:45:56');
INSERT INTO `messages` (`id`, `from_user_id`, `to_user_id`, `body`, `created_at`) VALUES ('173', '53', '53', 'Repellendus totam qui voluptas voluptatem est aut aut. Doloremque aut quaerat odit. Consequatur veniam ut voluptates animi rerum suscipit. Fugiat delectus et consequatur repellendus veritatis iure in.', '1996-08-13 08:33:30');
INSERT INTO `messages` (`id`, `from_user_id`, `to_user_id`, `body`, `created_at`) VALUES ('174', '54', '54', 'Suscipit sed qui accusantium perspiciatis corporis porro. Saepe aspernatur ullam fugit velit est sint. Nihil quo error reprehenderit quae.', '1997-08-28 15:05:36');
INSERT INTO `messages` (`id`, `from_user_id`, `to_user_id`, `body`, `created_at`) VALUES ('175', '55', '55', 'Cumque nostrum rem excepturi nesciunt et ducimus qui est. Labore omnis perferendis ut libero quasi. Sint repellendus illum qui quaerat qui. Ut itaque quod reprehenderit ratione ipsum.', '1979-04-03 21:43:37');
INSERT INTO `messages` (`id`, `from_user_id`, `to_user_id`, `body`, `created_at`) VALUES ('176', '56', '56', 'Ex est quaerat eum voluptatum magnam. Suscipit eligendi voluptas dolor laudantium. Porro officia corrupti nam perspiciatis harum. Laborum amet voluptate quisquam vero vel.', '1971-04-12 10:58:07');
INSERT INTO `messages` (`id`, `from_user_id`, `to_user_id`, `body`, `created_at`) VALUES ('177', '57', '57', 'Sunt tenetur ratione voluptatum quam exercitationem tempora. Dolor aut itaque soluta sit nemo sed. Nihil fugiat est omnis suscipit.', '1972-08-18 03:41:41');
INSERT INTO `messages` (`id`, `from_user_id`, `to_user_id`, `body`, `created_at`) VALUES ('178', '58', '58', 'Maiores sint corrupti ut asperiores neque unde qui. Tempora reprehenderit voluptate eum at aperiam. Laudantium dolores dignissimos non similique libero dolorem. Voluptatibus nihil quo dicta autem rem.', '1986-05-20 07:58:51');
INSERT INTO `messages` (`id`, `from_user_id`, `to_user_id`, `body`, `created_at`) VALUES ('179', '59', '59', 'Repellat corporis quia deserunt tempora. Cupiditate ab tempore optio dolore qui. Voluptatum sed placeat laboriosam quia est. Laborum sed fuga vel fugit et fugit dolorum quo.', '1976-05-30 10:43:50');
INSERT INTO `messages` (`id`, `from_user_id`, `to_user_id`, `body`, `created_at`) VALUES ('180', '60', '60', 'Voluptatem aut occaecati voluptas explicabo. Libero sit aut sint non.', '1987-09-24 18:44:13');
INSERT INTO `messages` (`id`, `from_user_id`, `to_user_id`, `body`, `created_at`) VALUES ('181', '61', '61', 'Quaerat blanditiis odio et aut. Omnis accusamus qui est neque. Laborum et cupiditate cum et omnis voluptas deserunt.', '1990-06-19 10:26:06');
INSERT INTO `messages` (`id`, `from_user_id`, `to_user_id`, `body`, `created_at`) VALUES ('182', '62', '62', 'Vel ratione aliquam eveniet totam rem. Voluptate delectus quidem atque error veritatis. Rerum dolor ut porro. Optio odio iusto aut voluptatem.', '2009-02-27 12:58:14');
INSERT INTO `messages` (`id`, `from_user_id`, `to_user_id`, `body`, `created_at`) VALUES ('183', '63', '63', 'Et veritatis architecto ipsa eaque. Quisquam esse nulla totam sint soluta corporis ut. Quod earum sed ut.', '1973-04-30 00:58:41');
INSERT INTO `messages` (`id`, `from_user_id`, `to_user_id`, `body`, `created_at`) VALUES ('184', '64', '64', 'Odio impedit cupiditate et unde est est animi. Officia et et nobis aliquam. Quod recusandae temporibus beatae voluptate aut dolore. Eligendi praesentium ut perferendis.', '1995-05-27 23:46:10');
INSERT INTO `messages` (`id`, `from_user_id`, `to_user_id`, `body`, `created_at`) VALUES ('185', '65', '65', 'Consequatur reiciendis earum quia sed dignissimos quia. Quasi debitis placeat libero. Sunt rem eos quia.', '1978-06-05 04:31:18');
INSERT INTO `messages` (`id`, `from_user_id`, `to_user_id`, `body`, `created_at`) VALUES ('186', '66', '66', 'Quasi sed perferendis similique facilis voluptatum. Libero illo qui voluptatum quasi perferendis est. Quasi molestiae quam reiciendis nemo sed impedit ipsam.', '1995-08-16 10:10:57');
INSERT INTO `messages` (`id`, `from_user_id`, `to_user_id`, `body`, `created_at`) VALUES ('187', '67', '67', 'Minima ab ratione aperiam qui illum. Fugiat praesentium est quis id explicabo quia fugit. Non est porro libero. Voluptate ducimus sed ut.', '1975-11-19 11:53:51');
INSERT INTO `messages` (`id`, `from_user_id`, `to_user_id`, `body`, `created_at`) VALUES ('188', '68', '68', 'Dolores ullam quas totam nihil molestiae reprehenderit id. Molestiae non nisi qui voluptatem est molestiae. Blanditiis et provident aut.', '2013-01-19 13:44:40');
INSERT INTO `messages` (`id`, `from_user_id`, `to_user_id`, `body`, `created_at`) VALUES ('189', '69', '69', 'Minima vero dolore qui necessitatibus animi aut in at. Minima autem nam autem. Et culpa in adipisci aliquid ut voluptatum doloribus. Ad omnis corrupti dolor commodi.', '1975-10-16 13:53:33');
INSERT INTO `messages` (`id`, `from_user_id`, `to_user_id`, `body`, `created_at`) VALUES ('190', '70', '70', 'Voluptatum consequatur et perspiciatis nisi et. In eligendi at voluptatibus sapiente sunt maiores sapiente. Recusandae praesentium laudantium sequi vero ut.', '2001-01-12 01:13:04');
INSERT INTO `messages` (`id`, `from_user_id`, `to_user_id`, `body`, `created_at`) VALUES ('191', '71', '71', 'Laudantium hic ut illum recusandae quia. A quis voluptate hic odio eum nihil adipisci. Esse soluta itaque ut itaque impedit et.', '1981-10-26 18:56:14');
INSERT INTO `messages` (`id`, `from_user_id`, `to_user_id`, `body`, `created_at`) VALUES ('192', '72', '72', 'Blanditiis tempore et et quia voluptatibus deleniti. Necessitatibus numquam officia temporibus qui sed repellat beatae quod. Inventore esse asperiores labore esse voluptates maxime ex. Sunt enim rerum velit soluta ad eum veniam.', '1982-01-26 00:09:31');
INSERT INTO `messages` (`id`, `from_user_id`, `to_user_id`, `body`, `created_at`) VALUES ('193', '73', '73', 'Illum rem sed sit aliquid totam cupiditate officiis. Et dicta doloribus natus iure. Vero in molestias aut. Illo impedit delectus beatae.', '2018-05-07 16:28:43');
INSERT INTO `messages` (`id`, `from_user_id`, `to_user_id`, `body`, `created_at`) VALUES ('194', '74', '74', 'Numquam magni hic ipsum consequatur. Cupiditate cumque enim et aut. Dolore omnis cumque aut eum non. Vel dolores vero recusandae qui quisquam ut.', '2000-01-30 13:20:30');
INSERT INTO `messages` (`id`, `from_user_id`, `to_user_id`, `body`, `created_at`) VALUES ('195', '75', '75', 'Ducimus nihil neque saepe. Aut id quasi harum fuga odio quo.', '2003-03-10 13:04:52');
INSERT INTO `messages` (`id`, `from_user_id`, `to_user_id`, `body`, `created_at`) VALUES ('196', '76', '76', 'Vel quia voluptates quam consectetur. Rerum laborum illo beatae perferendis quaerat tempora. Soluta ad reiciendis ut numquam accusamus.', '2000-05-12 04:35:36');
INSERT INTO `messages` (`id`, `from_user_id`, `to_user_id`, `body`, `created_at`) VALUES ('197', '77', '77', 'Ratione odio sunt saepe voluptatibus rerum. Sit asperiores quasi quisquam aut. Sed laudantium magni et quia enim et expedita. Perferendis ut inventore nihil voluptatem. Pariatur placeat voluptas quas.', '1989-05-24 02:09:31');
INSERT INTO `messages` (`id`, `from_user_id`, `to_user_id`, `body`, `created_at`) VALUES ('198', '78', '78', 'Sapiente modi et iusto molestiae. Veritatis velit recusandae non at architecto. At itaque adipisci dolores autem ut. Sequi est rerum voluptate minus voluptas.', '1975-10-01 22:05:27');
INSERT INTO `messages` (`id`, `from_user_id`, `to_user_id`, `body`, `created_at`) VALUES ('199', '79', '79', 'Ut repellat facilis officia quis cupiditate rerum aspernatur ex. Blanditiis in nulla cupiditate excepturi id inventore veritatis. Consequatur rerum facere fuga velit minima. Ut non suscipit maiores culpa expedita ipsum magni sunt.', '1987-11-23 00:20:40');
INSERT INTO `messages` (`id`, `from_user_id`, `to_user_id`, `body`, `created_at`) VALUES ('200', '80', '80', 'At nihil molestiae sequi reprehenderit corporis. Ut necessitatibus aut quo voluptatem omnis.', '1990-02-28 02:47:44');
INSERT INTO `messages` (`id`, `from_user_id`, `to_user_id`, `body`, `created_at`) VALUES ('201', '81', '81', 'Deserunt minus at repellendus ratione blanditiis eius quod. Eum officia illum et sint optio vero. Nulla sed non maxime delectus.', '1981-11-12 19:14:34');
INSERT INTO `messages` (`id`, `from_user_id`, `to_user_id`, `body`, `created_at`) VALUES ('202', '82', '82', 'Velit inventore numquam voluptatum impedit autem vitae voluptatibus. Quos odit aut placeat quia deleniti qui inventore reiciendis. Ut officiis voluptas eum qui rerum ut labore.', '2013-09-01 17:34:19');
INSERT INTO `messages` (`id`, `from_user_id`, `to_user_id`, `body`, `created_at`) VALUES ('203', '83', '83', 'Quam ipsa corrupti pariatur odio modi. Sapiente repellendus corporis aliquid iure. Enim cum qui aut. Sed tempora aut exercitationem alias est.', '1985-07-17 00:59:27');
INSERT INTO `messages` (`id`, `from_user_id`, `to_user_id`, `body`, `created_at`) VALUES ('204', '84', '84', 'Aspernatur ad consequatur officiis et aut repellat iusto occaecati. Molestiae occaecati hic sint expedita. Quo architecto dolorem animi molestiae sint optio tempora.', '2001-09-22 09:39:58');
INSERT INTO `messages` (`id`, `from_user_id`, `to_user_id`, `body`, `created_at`) VALUES ('205', '85', '85', 'Eius dolor voluptatem neque animi provident. Aut vel voluptatem commodi ipsa velit. Aspernatur qui pariatur aut tempora. Dolor dicta delectus voluptate qui provident ullam.', '1972-02-15 07:41:43');
INSERT INTO `messages` (`id`, `from_user_id`, `to_user_id`, `body`, `created_at`) VALUES ('206', '86', '86', 'Reprehenderit unde ut rem laudantium. Sit rerum sapiente ex impedit. Illum necessitatibus velit officiis officia quis. Vel voluptas ipsum laborum. Excepturi similique corporis consequuntur quis aliquid temporibus asperiores eos.', '2018-09-12 09:15:42');
INSERT INTO `messages` (`id`, `from_user_id`, `to_user_id`, `body`, `created_at`) VALUES ('207', '87', '87', 'Accusantium ex dolores quo quis. Assumenda necessitatibus delectus harum ab quos architecto. Enim quasi qui aut debitis. Minima laborum nemo facilis fuga in.', '1983-07-23 14:33:10');
INSERT INTO `messages` (`id`, `from_user_id`, `to_user_id`, `body`, `created_at`) VALUES ('208', '88', '88', 'Quis quod possimus soluta ratione et. Aut saepe a commodi quos quibusdam incidunt. Tempore quos et totam quaerat et quia libero similique. Voluptas esse aut blanditiis placeat.', '2003-01-21 12:31:00');
INSERT INTO `messages` (`id`, `from_user_id`, `to_user_id`, `body`, `created_at`) VALUES ('209', '89', '89', 'Omnis adipisci dolor doloremque ut. Tenetur quo omnis sit voluptatem dolorum. A enim alias similique quidem et.', '2010-07-15 10:02:42');
INSERT INTO `messages` (`id`, `from_user_id`, `to_user_id`, `body`, `created_at`) VALUES ('210', '90', '90', 'Reiciendis dolor sunt dolores sint dolorum. Ratione voluptas et libero ad. Impedit vitae totam consequuntur. Dolore et iusto quibusdam expedita.', '2007-09-03 09:21:49');
INSERT INTO `messages` (`id`, `from_user_id`, `to_user_id`, `body`, `created_at`) VALUES ('211', '91', '91', 'Corporis aliquid ducimus eos dolorem consequatur. Molestias est doloribus fuga accusantium alias. Voluptatibus voluptatem quod eaque aut ut.', '2011-11-24 12:20:34');
INSERT INTO `messages` (`id`, `from_user_id`, `to_user_id`, `body`, `created_at`) VALUES ('212', '92', '92', 'Qui asperiores assumenda dignissimos placeat exercitationem quam. Veritatis quo ut facilis fugiat rerum laudantium. Eos ea cum accusantium id. Maiores voluptatem optio magnam id cum.', '1976-02-29 13:34:27');
INSERT INTO `messages` (`id`, `from_user_id`, `to_user_id`, `body`, `created_at`) VALUES ('213', '93', '93', 'Culpa illo eaque vitae et tempora consequuntur ea. Odio saepe dicta ut consequuntur incidunt sed. Qui sint sed rem doloremque doloribus nesciunt. Et officia deserunt voluptatem unde dolore ea incidunt autem.', '2016-11-28 12:43:36');
INSERT INTO `messages` (`id`, `from_user_id`, `to_user_id`, `body`, `created_at`) VALUES ('214', '94', '94', 'A quod et suscipit et. Consequatur quia dicta harum doloremque exercitationem occaecati deleniti. Deleniti quis quia pariatur rerum sunt.', '1974-10-18 03:14:54');
INSERT INTO `messages` (`id`, `from_user_id`, `to_user_id`, `body`, `created_at`) VALUES ('215', '95', '95', 'Minus perspiciatis aut at aut maiores sit rerum neque. Est id enim repellat minima vel ab. Autem optio iusto tenetur eum in.', '1978-02-04 03:13:47');
INSERT INTO `messages` (`id`, `from_user_id`, `to_user_id`, `body`, `created_at`) VALUES ('216', '96', '96', 'Ipsum velit reprehenderit id impedit autem laudantium. Voluptas eligendi non odit molestiae quibusdam voluptatem. Sint quod et excepturi ex facere. Aut quis ea tenetur.', '2003-10-30 21:21:00');
INSERT INTO `messages` (`id`, `from_user_id`, `to_user_id`, `body`, `created_at`) VALUES ('217', '97', '97', 'Tenetur nihil molestiae autem labore exercitationem. Sunt perspiciatis labore laudantium iure dolor. Consequatur voluptas ab aut fugiat ipsa nisi aut.', '2018-03-17 04:19:17');
INSERT INTO `messages` (`id`, `from_user_id`, `to_user_id`, `body`, `created_at`) VALUES ('218', '98', '98', 'Nemo aliquid ea eveniet natus qui sed. Tempora qui iure voluptas consequuntur blanditiis. Vitae praesentium incidunt sequi dignissimos et est sed neque.', '1998-11-09 19:22:15');
INSERT INTO `messages` (`id`, `from_user_id`, `to_user_id`, `body`, `created_at`) VALUES ('219', '99', '99', 'Eius facere ratione fuga ea sed fuga illo similique. Repellendus sit et molestiae. Fugit corporis in corrupti iure perspiciatis iste. Quis itaque eligendi quos minus dolores.', '1977-02-17 04:19:21');
INSERT INTO `messages` (`id`, `from_user_id`, `to_user_id`, `body`, `created_at`) VALUES ('220', '100', '100', 'Dolor quidem blanditiis assumenda iste vitae. Perspiciatis ex sapiente voluptas itaque quo molestiae. Illum incidunt officiis cupiditate minima nihil doloremque eveniet ut.', '1990-02-02 09:26:26');
INSERT INTO `messages` (`id`, `from_user_id`, `to_user_id`, `body`, `created_at`) VALUES ('221', '101', '101', 'Corrupti laboriosam perspiciatis laudantium voluptatem pariatur. Quidem ducimus impedit enim in. Blanditiis eius qui quia eos unde dolorum illo.', '1985-07-21 17:37:42');
INSERT INTO `messages` (`id`, `from_user_id`, `to_user_id`, `body`, `created_at`) VALUES ('222', '102', '102', 'Amet dolores quod deserunt non ipsum saepe officiis. Accusantium corporis quia aut excepturi. In quibusdam magni facere adipisci veniam qui.', '2003-09-27 19:53:10');
INSERT INTO `messages` (`id`, `from_user_id`, `to_user_id`, `body`, `created_at`) VALUES ('223', '103', '103', 'Harum ipsum corrupti earum rem ipsam ad ut quia. Omnis quidem in dignissimos et autem quis magni. Sint autem quia voluptas voluptatem ratione.', '2020-03-20 18:21:43');
INSERT INTO `messages` (`id`, `from_user_id`, `to_user_id`, `body`, `created_at`) VALUES ('224', '104', '104', 'Voluptatem sint temporibus vel harum aliquid qui vel. Mollitia aut aut perferendis exercitationem fuga nihil et.', '2002-12-22 21:50:25');
INSERT INTO `messages` (`id`, `from_user_id`, `to_user_id`, `body`, `created_at`) VALUES ('225', '105', '105', 'Cumque earum aut ut. Ipsam id quo excepturi voluptates modi et non delectus. Consequatur enim aperiam illo velit optio enim tempore.', '1991-08-22 19:15:20');
INSERT INTO `messages` (`id`, `from_user_id`, `to_user_id`, `body`, `created_at`) VALUES ('226', '106', '106', 'Placeat est quia veniam. Cupiditate deserunt molestias sint est voluptas debitis. Reprehenderit soluta reprehenderit excepturi voluptatum dolor. Mollitia ratione nulla repellendus ut.', '1995-11-25 11:48:18');
INSERT INTO `messages` (`id`, `from_user_id`, `to_user_id`, `body`, `created_at`) VALUES ('227', '107', '107', 'Eos sed amet quisquam ea molestiae commodi. Possimus veniam in sit fugiat in. Totam ut harum officia. Dolor dolores doloremque facere voluptatum.', '1978-11-22 00:57:36');
INSERT INTO `messages` (`id`, `from_user_id`, `to_user_id`, `body`, `created_at`) VALUES ('228', '108', '108', 'Cumque eveniet recusandae tenetur qui sunt sapiente ea. Omnis corporis tempora vel quod. Maiores facilis aut voluptas voluptates cumque. Officiis labore id dolorem minus quia fugit.', '2010-03-13 19:02:56');
INSERT INTO `messages` (`id`, `from_user_id`, `to_user_id`, `body`, `created_at`) VALUES ('229', '109', '109', 'Dolorum recusandae ut perspiciatis ut et itaque. Impedit aliquid omnis rerum optio amet. Corrupti voluptatum hic iusto autem. Eos dolorum architecto enim ipsa.', '1973-01-11 06:19:40');
INSERT INTO `messages` (`id`, `from_user_id`, `to_user_id`, `body`, `created_at`) VALUES ('230', '110', '110', 'Eum unde fuga tempora labore accusamus. Qui accusantium voluptatem debitis molestias. Quasi tempore non ipsum rerum et.', '1971-01-07 21:39:53');
INSERT INTO `messages` (`id`, `from_user_id`, `to_user_id`, `body`, `created_at`) VALUES ('231', '111', '111', 'Ut eos est sed iure. Non corporis nam tempora praesentium.', '1990-04-05 11:21:33');
INSERT INTO `messages` (`id`, `from_user_id`, `to_user_id`, `body`, `created_at`) VALUES ('232', '112', '112', 'Ipsa eaque fuga voluptatem ratione doloribus eaque unde. Et rem perferendis sed aliquam.', '1970-04-11 10:04:43');
INSERT INTO `messages` (`id`, `from_user_id`, `to_user_id`, `body`, `created_at`) VALUES ('233', '113', '113', 'Et voluptatem aspernatur dolor cum. Nemo est consequatur maxime accusantium dolorem placeat. Hic laudantium laborum perferendis dolores eos. Modi nesciunt enim alias ut sed totam.', '1983-08-12 20:25:22');
INSERT INTO `messages` (`id`, `from_user_id`, `to_user_id`, `body`, `created_at`) VALUES ('234', '114', '114', 'Voluptas praesentium reiciendis nihil facilis aliquid. In porro recusandae eum eos nulla aliquam nam quis. Ratione laboriosam officia esse exercitationem dolor.', '1970-02-20 08:46:52');
INSERT INTO `messages` (`id`, `from_user_id`, `to_user_id`, `body`, `created_at`) VALUES ('235', '115', '115', 'Eius maiores minus eos cum. Quod est veritatis quis iusto eius et facere pariatur. In quisquam voluptatem corrupti dolore ut tempore et harum. Quis in magnam eius voluptates.', '1984-09-01 21:58:08');
INSERT INTO `messages` (`id`, `from_user_id`, `to_user_id`, `body`, `created_at`) VALUES ('236', '116', '116', 'Consequatur vitae voluptatem voluptatem dolorem cum aut. Error temporibus eaque hic iste minus laboriosam. Delectus aut quae sit repellendus ducimus et. Minima fuga facere eligendi error quis qui nulla.', '1978-05-17 12:06:45');
INSERT INTO `messages` (`id`, `from_user_id`, `to_user_id`, `body`, `created_at`) VALUES ('237', '117', '117', 'Assumenda sint sunt quisquam. Repudiandae voluptas reprehenderit soluta dignissimos a voluptate asperiores. Itaque repellat tempora omnis reprehenderit. Rerum quia dicta numquam nostrum est.', '2002-11-06 12:27:47');
INSERT INTO `messages` (`id`, `from_user_id`, `to_user_id`, `body`, `created_at`) VALUES ('238', '118', '118', 'Tenetur qui dicta eos enim delectus. Quas quae hic ratione quia. Minima non dolor velit ea eum quod deserunt.', '1976-02-24 02:15:40');
INSERT INTO `messages` (`id`, `from_user_id`, `to_user_id`, `body`, `created_at`) VALUES ('239', '119', '119', 'Quo et sit quisquam. Impedit eveniet labore soluta. Autem asperiores ad blanditiis unde sapiente aut ratione. Non dignissimos non sint adipisci corporis corrupti qui. Id pariatur perferendis voluptatem sint et quae incidunt nemo.', '2015-09-11 12:01:14');
INSERT INTO `messages` (`id`, `from_user_id`, `to_user_id`, `body`, `created_at`) VALUES ('240', '120', '120', 'Occaecati est repellat qui quibusdam non ea excepturi. Ipsa voluptatum voluptatem voluptas sed iste. Voluptates nostrum possimus doloremque commodi eum.', '1979-08-18 01:56:52');
INSERT INTO `messages` (`id`, `from_user_id`, `to_user_id`, `body`, `created_at`) VALUES ('241', '1', '1', 'Sint quia praesentium assumenda eos ex vero. Et incidunt voluptas impedit non similique velit tempora. Officia vel labore est repudiandae autem odit.', '2011-12-10 08:54:48');
INSERT INTO `messages` (`id`, `from_user_id`, `to_user_id`, `body`, `created_at`) VALUES ('242', '2', '2', 'Repellat asperiores incidunt ut optio. Omnis aut unde deserunt. Saepe est doloremque reiciendis et deserunt ut.', '1986-08-20 12:21:56');
INSERT INTO `messages` (`id`, `from_user_id`, `to_user_id`, `body`, `created_at`) VALUES ('243', '3', '3', 'Ipsam veniam dolor soluta iusto. Esse reiciendis repudiandae voluptas ipsam quo eum quo molestias. Ex qui commodi ea et.', '1974-07-03 16:11:01');
INSERT INTO `messages` (`id`, `from_user_id`, `to_user_id`, `body`, `created_at`) VALUES ('244', '4', '4', 'Rerum est voluptas voluptates placeat est accusantium. Corrupti quisquam nam totam et quae. Quam dolores inventore vel dolorum.', '1980-06-29 23:56:49');
INSERT INTO `messages` (`id`, `from_user_id`, `to_user_id`, `body`, `created_at`) VALUES ('245', '5', '5', 'Sunt consequatur ipsam et earum modi veritatis nam. Qui omnis nemo vel labore blanditiis quasi quod. Ad repudiandae commodi sit debitis ut. Dicta enim fuga sed dolores.', '2006-09-22 03:59:17');
INSERT INTO `messages` (`id`, `from_user_id`, `to_user_id`, `body`, `created_at`) VALUES ('246', '6', '6', 'Tempora assumenda ut modi numquam dolore ipsa est. Repellendus aspernatur architecto ut aut voluptatibus magnam. Veritatis eum delectus et et.', '1993-01-06 15:37:39');
INSERT INTO `messages` (`id`, `from_user_id`, `to_user_id`, `body`, `created_at`) VALUES ('247', '7', '7', 'Sed soluta ad odio repudiandae ipsam quis sequi. Architecto consequatur ut quia officia ex consequuntur porro et. Quaerat quasi quo aliquid.', '2004-10-17 04:12:50');
INSERT INTO `messages` (`id`, `from_user_id`, `to_user_id`, `body`, `created_at`) VALUES ('248', '8', '8', 'At natus et odit ab ad. Dolores rerum debitis consectetur repellendus. Delectus maxime qui libero ipsam et quis dolor.', '2016-10-17 12:03:57');
INSERT INTO `messages` (`id`, `from_user_id`, `to_user_id`, `body`, `created_at`) VALUES ('249', '9', '9', 'Minima fuga cum quos voluptas harum. Porro iste aut accusamus consequuntur sequi atque tempora odit. Rerum quis aut est id quo dicta alias. Alias velit vel qui culpa voluptatem expedita fugit atque.', '2008-10-25 18:29:27');
INSERT INTO `messages` (`id`, `from_user_id`, `to_user_id`, `body`, `created_at`) VALUES ('250', '10', '10', 'Et omnis delectus qui provident velit dolor. Qui recusandae voluptatem qui facere id numquam qui. Veritatis perspiciatis hic suscipit debitis aut quia odit.', '1989-03-05 18:32:19');
INSERT INTO `messages` (`id`, `from_user_id`, `to_user_id`, `body`, `created_at`) VALUES ('251', '11', '11', 'Reprehenderit aut aut rem quas repellat et neque beatae. Eum aut est quam eum ab officiis quo dolores. Autem illum pariatur dolores tenetur error.', '1983-05-15 09:11:06');
INSERT INTO `messages` (`id`, `from_user_id`, `to_user_id`, `body`, `created_at`) VALUES ('252', '12', '12', 'Nostrum nemo beatae et repellat. Vero tenetur ullam non facere quasi incidunt ab. Iste corporis vel et quam aut repudiandae magnam.', '1971-07-10 00:42:32');
INSERT INTO `messages` (`id`, `from_user_id`, `to_user_id`, `body`, `created_at`) VALUES ('253', '13', '13', 'Qui architecto nobis repudiandae. Repellendus sit ut tempore suscipit culpa quos eos laborum. Mollitia dolorem architecto inventore ullam odit velit.', '1994-11-24 20:18:16');
INSERT INTO `messages` (`id`, `from_user_id`, `to_user_id`, `body`, `created_at`) VALUES ('254', '14', '14', 'Doloribus id et est minus. Temporibus eaque deleniti et et. Deserunt nihil sed ut dolorem autem fugiat molestiae adipisci. Voluptatem saepe laboriosam sapiente occaecati atque illo commodi.', '1985-10-29 14:15:15');
INSERT INTO `messages` (`id`, `from_user_id`, `to_user_id`, `body`, `created_at`) VALUES ('255', '15', '15', 'Quibusdam ducimus qui qui omnis officia. Tempore expedita consequuntur est maxime eos. Excepturi exercitationem cumque quia nesciunt. Dolore deserunt qui eum hic sapiente.', '2004-08-11 15:46:15');
INSERT INTO `messages` (`id`, `from_user_id`, `to_user_id`, `body`, `created_at`) VALUES ('256', '16', '16', 'Impedit voluptate reprehenderit consequatur eveniet nam minima culpa voluptate. Illo magni vero dolor ratione sapiente aut ea. Est ullam voluptatem quisquam omnis dolor.', '1985-06-09 17:26:37');
INSERT INTO `messages` (`id`, `from_user_id`, `to_user_id`, `body`, `created_at`) VALUES ('257', '17', '17', 'Earum aut ipsa amet hic saepe. Corporis suscipit inventore minima inventore voluptate. Quia saepe ullam possimus quod esse dolorem fugit qui. Ipsum est eveniet non atque consectetur.', '1987-12-13 16:17:17');
INSERT INTO `messages` (`id`, `from_user_id`, `to_user_id`, `body`, `created_at`) VALUES ('258', '18', '18', 'Ipsam temporibus soluta aut quaerat quia. Quam adipisci dolorem sint doloremque sit. Magnam modi minus deserunt quod laboriosam omnis eos consequatur.', '1994-05-27 19:40:52');
INSERT INTO `messages` (`id`, `from_user_id`, `to_user_id`, `body`, `created_at`) VALUES ('259', '19', '19', 'Dolorum et deleniti aliquid est at vitae. Maiores occaecati nisi numquam quae ullam. Itaque possimus odio blanditiis corrupti culpa voluptatem voluptatem.', '2010-05-01 05:10:36');
INSERT INTO `messages` (`id`, `from_user_id`, `to_user_id`, `body`, `created_at`) VALUES ('260', '20', '20', 'Molestiae tempore ad maxime corrupti pariatur. Alias quo quia sed mollitia consequuntur quibusdam quo magni. Ad sed laudantium ea cupiditate.', '1997-05-19 03:06:34');
INSERT INTO `messages` (`id`, `from_user_id`, `to_user_id`, `body`, `created_at`) VALUES ('261', '21', '21', 'Dignissimos nisi quis ex dolorem error eligendi eaque. Inventore id odio cupiditate delectus est rem. Voluptatem voluptatum ipsum amet. Reiciendis provident odit maiores provident consequatur voluptatibus.', '2011-03-30 17:06:46');
INSERT INTO `messages` (`id`, `from_user_id`, `to_user_id`, `body`, `created_at`) VALUES ('262', '22', '22', 'Voluptas sint nisi unde nemo. Recusandae voluptates porro quis optio molestiae. Natus quae qui explicabo laboriosam. Sapiente blanditiis et est minima.', '1972-05-12 10:24:37');
INSERT INTO `messages` (`id`, `from_user_id`, `to_user_id`, `body`, `created_at`) VALUES ('263', '23', '23', 'Architecto reprehenderit quidem voluptate quo nisi. Illo assumenda beatae vero distinctio et vitae voluptatem. Occaecati provident in sed est.', '2012-02-22 13:22:12');
INSERT INTO `messages` (`id`, `from_user_id`, `to_user_id`, `body`, `created_at`) VALUES ('264', '24', '24', 'Mollitia rerum et officiis placeat. Sit non adipisci vel et laudantium quia. Nobis praesentium similique et officiis nihil quia debitis. Accusantium at itaque eos sit sit beatae.', '1985-09-04 21:06:50');
INSERT INTO `messages` (`id`, `from_user_id`, `to_user_id`, `body`, `created_at`) VALUES ('265', '25', '25', 'Sed perferendis veniam culpa adipisci molestias quia eius laboriosam. Id deserunt quam illo ea. Enim quas quas quis libero. Dolorem eaque enim magni aspernatur qui sequi.', '2008-12-13 14:53:13');
INSERT INTO `messages` (`id`, `from_user_id`, `to_user_id`, `body`, `created_at`) VALUES ('266', '26', '26', 'Repellat ut mollitia neque non aut pariatur distinctio. Inventore dolorem expedita recusandae quia tenetur veritatis molestias exercitationem. Ab earum aperiam sint enim enim.', '1999-01-25 05:40:18');
INSERT INTO `messages` (`id`, `from_user_id`, `to_user_id`, `body`, `created_at`) VALUES ('267', '27', '27', 'Facilis qui iusto velit. Quasi eligendi sed officiis sint aperiam eum. Sed sapiente assumenda consectetur totam qui doloribus aut. Optio eius eos quisquam beatae amet.', '1988-04-24 17:40:16');
INSERT INTO `messages` (`id`, `from_user_id`, `to_user_id`, `body`, `created_at`) VALUES ('268', '28', '28', 'Provident ut beatae fuga quo cupiditate rem. Reiciendis aut est nihil magnam quos inventore. Inventore rem a explicabo molestiae.', '2013-01-16 14:36:50');
INSERT INTO `messages` (`id`, `from_user_id`, `to_user_id`, `body`, `created_at`) VALUES ('269', '29', '29', 'Eum numquam omnis laborum at. Deleniti quis sunt est ut et dolores.', '1995-05-17 13:35:15');
INSERT INTO `messages` (`id`, `from_user_id`, `to_user_id`, `body`, `created_at`) VALUES ('270', '30', '30', 'Placeat dolor magni non vel quos. Accusamus consectetur hic eum voluptates.', '1983-08-03 21:40:01');
INSERT INTO `messages` (`id`, `from_user_id`, `to_user_id`, `body`, `created_at`) VALUES ('271', '31', '31', 'Officiis accusamus dolores aliquam qui. Corporis dolores illum dolore et magni. Quasi ut alias delectus consequuntur.', '2017-09-02 20:16:08');
INSERT INTO `messages` (`id`, `from_user_id`, `to_user_id`, `body`, `created_at`) VALUES ('272', '32', '32', 'Rem et quo aut amet quia adipisci magni. Ducimus nobis maxime in ex id voluptatibus praesentium. Debitis ut odio consectetur reprehenderit repudiandae animi.', '2019-10-10 17:06:01');
INSERT INTO `messages` (`id`, `from_user_id`, `to_user_id`, `body`, `created_at`) VALUES ('273', '33', '33', 'Sed reiciendis numquam expedita voluptas dolorem similique. At ut dicta quibusdam architecto. Nam ut qui qui voluptas cupiditate.', '2018-11-19 17:48:55');
INSERT INTO `messages` (`id`, `from_user_id`, `to_user_id`, `body`, `created_at`) VALUES ('274', '34', '34', 'Sit dolorem et veritatis nostrum vitae consequatur. Alias tempore enim unde est nam blanditiis. Magnam ullam aut dicta sit quae et officia quos. Voluptatem inventore sint et sed officiis enim voluptas ut.', '1996-11-07 17:36:31');
INSERT INTO `messages` (`id`, `from_user_id`, `to_user_id`, `body`, `created_at`) VALUES ('275', '35', '35', 'Sunt consequatur eum voluptatum quia asperiores. Minus facere non ut quae impedit nobis possimus qui. Amet magnam iste quaerat fugiat. Hic assumenda ut possimus eaque voluptate enim.', '1988-08-16 06:18:46');
INSERT INTO `messages` (`id`, `from_user_id`, `to_user_id`, `body`, `created_at`) VALUES ('276', '36', '36', 'Dolor aliquid ut blanditiis molestias. Eveniet commodi aspernatur excepturi consequatur. Et in dolores laborum aperiam rerum dolor autem. Laudantium est consequatur sint in corrupti recusandae quas.', '2017-04-29 21:13:50');
INSERT INTO `messages` (`id`, `from_user_id`, `to_user_id`, `body`, `created_at`) VALUES ('277', '37', '37', 'Ut minima nobis iure consequatur consequatur nihil. Ipsam qui perspiciatis rerum quos eveniet doloribus voluptas. At hic et a pariatur deserunt. Voluptas aspernatur voluptate magnam consequatur in quae. Ut sed officia vel quaerat.', '1993-02-23 06:00:04');
INSERT INTO `messages` (`id`, `from_user_id`, `to_user_id`, `body`, `created_at`) VALUES ('278', '38', '38', 'Aliquid est sit ducimus. Est omnis commodi et et.', '2007-05-21 15:15:18');
INSERT INTO `messages` (`id`, `from_user_id`, `to_user_id`, `body`, `created_at`) VALUES ('279', '39', '39', 'Veniam quia totam sapiente maiores perferendis iusto pariatur. Neque esse magni consequatur commodi. A natus amet occaecati facilis molestiae eos earum sed. Ut rerum fuga sunt modi qui.', '2014-08-11 20:45:52');
INSERT INTO `messages` (`id`, `from_user_id`, `to_user_id`, `body`, `created_at`) VALUES ('280', '40', '40', 'Voluptatibus molestiae aliquid harum aut velit esse quia. Ut non sapiente rerum tempore vel ea iure rerum. Sed odit eum laboriosam hic neque.', '1974-09-16 16:18:12');
INSERT INTO `messages` (`id`, `from_user_id`, `to_user_id`, `body`, `created_at`) VALUES ('281', '41', '41', 'Sed rerum exercitationem pariatur aliquid illo commodi. Deleniti temporibus vitae aspernatur earum consequatur exercitationem dolore ducimus. Iusto id quidem quia. Consequatur voluptatum quo id.', '1981-10-20 10:08:43');
INSERT INTO `messages` (`id`, `from_user_id`, `to_user_id`, `body`, `created_at`) VALUES ('282', '42', '42', 'Illo dolorem quo sint ab nemo. Voluptates non provident et consequatur blanditiis non eaque. Est amet nisi aut nihil itaque vero officia. Numquam error iusto sequi quos.', '1987-03-15 17:30:19');
INSERT INTO `messages` (`id`, `from_user_id`, `to_user_id`, `body`, `created_at`) VALUES ('283', '43', '43', 'Doloribus eligendi pariatur dolorem aut porro aut qui. Sint ipsam dolorem nostrum in id. Eos unde et ratione. Sed dolor aut consequatur cum itaque.', '1991-11-30 22:35:56');
INSERT INTO `messages` (`id`, `from_user_id`, `to_user_id`, `body`, `created_at`) VALUES ('284', '44', '44', 'Exercitationem amet impedit porro perspiciatis. Id amet et sequi maxime inventore soluta. Sed ut vitae et.', '1987-09-27 00:52:04');
INSERT INTO `messages` (`id`, `from_user_id`, `to_user_id`, `body`, `created_at`) VALUES ('285', '45', '45', 'Unde et qui quia eius. Magni voluptatem error eligendi ducimus illum est temporibus. Laborum quo assumenda perspiciatis ut deserunt alias. Voluptatibus provident omnis voluptas. Veniam sit perferendis consequatur nemo mollitia.', '2014-11-26 20:16:50');
INSERT INTO `messages` (`id`, `from_user_id`, `to_user_id`, `body`, `created_at`) VALUES ('286', '46', '46', 'Neque quibusdam aut possimus et quis voluptas distinctio. Aliquid est provident consequatur minima exercitationem qui. Soluta sint quibusdam reiciendis aspernatur sapiente eos voluptas. Molestiae laudantium fugit asperiores sit consequuntur.', '1995-12-12 08:24:07');
INSERT INTO `messages` (`id`, `from_user_id`, `to_user_id`, `body`, `created_at`) VALUES ('287', '47', '47', 'Asperiores blanditiis molestiae sunt at et consequatur corporis. Non debitis non nisi et ullam id. Modi laboriosam architecto dicta unde possimus est.', '1990-08-03 04:38:22');
INSERT INTO `messages` (`id`, `from_user_id`, `to_user_id`, `body`, `created_at`) VALUES ('288', '48', '48', 'Vel expedita vel maiores pariatur consequatur sunt mollitia. Est qui repudiandae non et voluptas vel aut. Explicabo molestiae nam aut voluptatem est. Iusto aut assumenda magni nulla enim voluptas quaerat. Illum non voluptates cum voluptas.', '1994-01-14 17:51:30');
INSERT INTO `messages` (`id`, `from_user_id`, `to_user_id`, `body`, `created_at`) VALUES ('289', '49', '49', 'Hic praesentium exercitationem sit et quod molestias. Sint aliquam quo quod officiis saepe.', '1987-06-14 00:54:44');
INSERT INTO `messages` (`id`, `from_user_id`, `to_user_id`, `body`, `created_at`) VALUES ('290', '50', '50', 'Sunt quasi aspernatur natus quidem fugit dolore perspiciatis. Aliquid quas voluptas enim deserunt libero. Tempora nulla quibusdam consequatur vel. Exercitationem qui aut voluptatibus iste.', '1986-11-26 13:14:49');
INSERT INTO `messages` (`id`, `from_user_id`, `to_user_id`, `body`, `created_at`) VALUES ('291', '51', '51', 'Doloribus ipsa dolorem ducimus odio. Nostrum incidunt deserunt maiores et repudiandae iusto. Soluta hic repellat voluptas nihil debitis. Eos fugit velit ea dolor nihil dicta.', '1988-03-17 04:44:04');
INSERT INTO `messages` (`id`, `from_user_id`, `to_user_id`, `body`, `created_at`) VALUES ('292', '52', '52', 'Quibusdam ex sequi natus ullam sit aliquid. Minus et sed sint repellendus omnis ullam iure. Quasi qui perferendis et dicta qui voluptas reiciendis.', '2019-08-26 21:45:07');
INSERT INTO `messages` (`id`, `from_user_id`, `to_user_id`, `body`, `created_at`) VALUES ('293', '53', '53', 'Id eaque atque perferendis tempora optio facilis. Totam similique laborum ratione illum totam. Tempore totam dolorum blanditiis ipsa soluta quia.', '2006-12-04 18:00:00');
INSERT INTO `messages` (`id`, `from_user_id`, `to_user_id`, `body`, `created_at`) VALUES ('294', '54', '54', 'Ut sapiente possimus aut molestiae libero. Quia quia deleniti in quod. Est molestiae laborum earum recusandae et ut est. Dignissimos rerum autem corrupti molestias qui illum autem.', '1970-12-03 12:15:19');
INSERT INTO `messages` (`id`, `from_user_id`, `to_user_id`, `body`, `created_at`) VALUES ('295', '55', '55', 'Placeat unde mollitia rerum quas. Et rerum omnis autem dignissimos. Ea sed voluptatem dolorum laudantium illo. Ut omnis nihil consectetur accusamus mollitia sed. Officia aut et distinctio quas odio iusto.', '2005-08-06 10:14:20');
INSERT INTO `messages` (`id`, `from_user_id`, `to_user_id`, `body`, `created_at`) VALUES ('296', '56', '56', 'Est aspernatur et omnis voluptate delectus eius perferendis. Enim natus atque explicabo doloribus ab.', '2010-11-30 05:41:24');
INSERT INTO `messages` (`id`, `from_user_id`, `to_user_id`, `body`, `created_at`) VALUES ('297', '57', '57', 'Et corporis et quidem dolorem veritatis impedit eum. Et deserunt repellat quo aut nisi. Ut iste qui quia qui dolorem praesentium dolor ut.', '1991-05-09 15:58:23');
INSERT INTO `messages` (`id`, `from_user_id`, `to_user_id`, `body`, `created_at`) VALUES ('298', '58', '58', 'Aut enim et hic non. Aspernatur doloremque vitae deleniti harum nostrum. Eos minima amet ipsum incidunt minima corrupti. Laudantium aut occaecati ut perferendis quasi quia.', '1973-01-26 08:31:55');
INSERT INTO `messages` (`id`, `from_user_id`, `to_user_id`, `body`, `created_at`) VALUES ('299', '59', '59', 'Ad aliquam sint assumenda fugit et a. Rerum illo et qui assumenda temporibus ut. Sint tempora consequatur aut aut consectetur suscipit sed.', '1994-01-24 06:14:51');
INSERT INTO `messages` (`id`, `from_user_id`, `to_user_id`, `body`, `created_at`) VALUES ('300', '60', '60', 'Repellat sint facere distinctio sit. Id assumenda vero minima explicabo omnis dolores. Est laudantium qui dolorem dolorum soluta et explicabo. Doloremque ad veniam voluptates facilis cum. Recusandae ea in voluptas.', '2020-05-09 10:18:10');
INSERT INTO `messages` (`id`, `from_user_id`, `to_user_id`, `body`, `created_at`) VALUES ('301', '61', '61', 'Tempora aut ea culpa architecto. Consequatur laboriosam consectetur distinctio at mollitia quia omnis. Dolor aliquid nihil consequatur ea maxime nisi.', '2015-05-29 13:45:02');
INSERT INTO `messages` (`id`, `from_user_id`, `to_user_id`, `body`, `created_at`) VALUES ('302', '62', '62', 'Aut ex omnis libero expedita est deleniti dignissimos. Architecto et architecto asperiores velit eum. Nemo odio illo autem delectus voluptatibus soluta.', '1991-06-30 17:22:05');
INSERT INTO `messages` (`id`, `from_user_id`, `to_user_id`, `body`, `created_at`) VALUES ('303', '63', '63', 'Provident qui et qui aspernatur molestias reiciendis ipsa laboriosam. Aut aperiam quisquam et. Consectetur aliquam laborum necessitatibus aliquam facere voluptatem deserunt.', '2009-11-06 17:13:15');
INSERT INTO `messages` (`id`, `from_user_id`, `to_user_id`, `body`, `created_at`) VALUES ('304', '64', '64', 'Et maxime consectetur labore ipsa accusamus qui voluptates quia. Commodi reprehenderit sequi nobis voluptatibus deserunt dolor. Nobis aliquam hic autem. Cupiditate iusto laborum quae.', '1973-05-16 03:50:31');
INSERT INTO `messages` (`id`, `from_user_id`, `to_user_id`, `body`, `created_at`) VALUES ('305', '65', '65', 'Et sunt consequatur perferendis sint rerum. Quidem dolorem aliquid earum in. Exercitationem assumenda enim ut inventore atque voluptates. Sit ut nobis porro ut eligendi.', '1978-07-01 21:13:51');
INSERT INTO `messages` (`id`, `from_user_id`, `to_user_id`, `body`, `created_at`) VALUES ('306', '66', '66', 'Sunt sint est delectus tenetur facere. Suscipit blanditiis adipisci doloribus optio. Inventore ipsa sed laborum blanditiis est.', '1977-01-29 02:12:56');
INSERT INTO `messages` (`id`, `from_user_id`, `to_user_id`, `body`, `created_at`) VALUES ('307', '67', '67', 'Error voluptatem distinctio esse voluptatum autem. Doloremque quidem iusto minus dolor nam. Aperiam sit est recusandae veritatis maiores est.', '1989-07-26 04:15:32');
INSERT INTO `messages` (`id`, `from_user_id`, `to_user_id`, `body`, `created_at`) VALUES ('308', '68', '68', 'Reprehenderit veniam voluptatem possimus consequatur est unde minus. Aut at cupiditate soluta libero doloremque recusandae qui.', '1999-02-13 11:04:56');
INSERT INTO `messages` (`id`, `from_user_id`, `to_user_id`, `body`, `created_at`) VALUES ('309', '69', '69', 'Consequatur aut ullam quam corrupti. Sit cum veniam sint omnis animi dolores magnam alias. Totam deserunt ut quasi debitis labore.', '2001-11-14 15:31:13');
INSERT INTO `messages` (`id`, `from_user_id`, `to_user_id`, `body`, `created_at`) VALUES ('310', '70', '70', 'Explicabo sapiente et excepturi accusamus rerum et fugiat. Vel alias molestiae nulla laboriosam nihil sed.', '1973-11-06 16:46:22');
INSERT INTO `messages` (`id`, `from_user_id`, `to_user_id`, `body`, `created_at`) VALUES ('311', '71', '71', 'Consequuntur consequuntur et consectetur quia quo et. Sequi sapiente non aut nemo dolor. Odio est esse repudiandae.', '2000-12-05 09:43:57');
INSERT INTO `messages` (`id`, `from_user_id`, `to_user_id`, `body`, `created_at`) VALUES ('312', '72', '72', 'In a voluptas voluptatibus. Nulla voluptatum dignissimos ab et. Molestiae architecto nulla in qui eius perferendis.', '2018-02-08 20:52:47');
INSERT INTO `messages` (`id`, `from_user_id`, `to_user_id`, `body`, `created_at`) VALUES ('313', '73', '73', 'Et sed incidunt nemo non ipsam cumque. Sed facilis earum alias repudiandae voluptatem velit. Minus aliquid atque ab nulla. Explicabo porro voluptatem cum minus. Soluta dolorem perferendis quia nostrum voluptas nulla dicta.', '1977-11-24 15:44:50');
INSERT INTO `messages` (`id`, `from_user_id`, `to_user_id`, `body`, `created_at`) VALUES ('314', '74', '74', 'Deserunt nemo id necessitatibus tenetur hic saepe omnis. Iure deleniti aut et quia nobis consequatur non vel. Et similique rerum aliquam at suscipit quis eligendi.', '2015-05-22 07:52:01');
INSERT INTO `messages` (`id`, `from_user_id`, `to_user_id`, `body`, `created_at`) VALUES ('315', '75', '75', 'Eos id eligendi distinctio non iusto illum repellat. Fugiat et accusantium sunt esse totam. Quo tempore nostrum et totam quia omnis. Dicta exercitationem eum facere qui.', '1974-11-24 06:03:42');
INSERT INTO `messages` (`id`, `from_user_id`, `to_user_id`, `body`, `created_at`) VALUES ('316', '76', '76', 'Qui quaerat assumenda omnis est. Et tempora quasi ad eaque. Aut quaerat distinctio quod et nostrum nihil. Tenetur quidem qui distinctio a repellendus quia omnis quia.', '1975-12-13 12:25:14');
INSERT INTO `messages` (`id`, `from_user_id`, `to_user_id`, `body`, `created_at`) VALUES ('317', '77', '77', 'Quia officiis qui quas illo. Nam nisi provident adipisci impedit ut. Enim nesciunt quasi nam facere. Quibusdam omnis qui quisquam rerum tempora. Voluptates molestiae nihil id minus repellat.', '1987-01-28 00:09:12');
INSERT INTO `messages` (`id`, `from_user_id`, `to_user_id`, `body`, `created_at`) VALUES ('318', '78', '78', 'Quo officiis esse suscipit dolorem. Mollitia velit labore alias est nesciunt veniam. Sunt vel voluptatem accusantium ut ea et. Nulla odio voluptatem sunt eum cum pariatur corrupti.', '1990-08-12 05:36:59');
INSERT INTO `messages` (`id`, `from_user_id`, `to_user_id`, `body`, `created_at`) VALUES ('319', '79', '79', 'Eaque sit aperiam consectetur. Nisi dolorem minima quasi maiores. Quidem et iste et doloremque magni. Labore tempore odio eum.', '1973-09-13 17:54:51');
INSERT INTO `messages` (`id`, `from_user_id`, `to_user_id`, `body`, `created_at`) VALUES ('320', '80', '80', 'Pariatur magnam tenetur aperiam atque in. Deleniti sit deserunt facere cupiditate. Repudiandae blanditiis reprehenderit corrupti voluptas voluptate quis consequuntur veritatis.', '2020-03-07 19:42:32');
INSERT INTO `messages` (`id`, `from_user_id`, `to_user_id`, `body`, `created_at`) VALUES ('321', '81', '81', 'Rerum et tempora deleniti autem consequatur qui maxime. Tenetur ea harum quae minima at eos. Sit error iste cupiditate quas architecto vitae.', '1996-02-04 05:12:16');
INSERT INTO `messages` (`id`, `from_user_id`, `to_user_id`, `body`, `created_at`) VALUES ('322', '82', '82', 'Quisquam autem ea ratione. Ullam quia illo omnis asperiores. Asperiores perferendis soluta debitis a impedit qui. Et tempore expedita voluptate ullam commodi reprehenderit.', '1981-05-23 20:00:19');
INSERT INTO `messages` (`id`, `from_user_id`, `to_user_id`, `body`, `created_at`) VALUES ('323', '83', '83', 'Fuga ratione delectus blanditiis nesciunt est. Et voluptas ut quas placeat minima. Commodi reprehenderit nemo enim dolores.', '2016-11-18 08:11:51');
INSERT INTO `messages` (`id`, `from_user_id`, `to_user_id`, `body`, `created_at`) VALUES ('324', '84', '84', 'Ipsam laboriosam dolorem vel earum sequi non nihil. Ut vitae et et qui omnis quis. Non voluptates aut dolorem non repellendus. Sed fugit beatae eius nisi quaerat nihil explicabo occaecati.', '1986-03-29 20:35:08');
INSERT INTO `messages` (`id`, `from_user_id`, `to_user_id`, `body`, `created_at`) VALUES ('325', '85', '85', 'Autem vero labore id perspiciatis ea ullam. Occaecati beatae tenetur voluptatum nulla dolore nesciunt. Ut et mollitia quasi accusamus accusantium sunt. Aut facilis ad consectetur est assumenda voluptas praesentium. Sit eligendi occaecati deserunt assumenda deserunt praesentium quidem omnis.', '1992-08-24 10:15:51');
INSERT INTO `messages` (`id`, `from_user_id`, `to_user_id`, `body`, `created_at`) VALUES ('326', '86', '86', 'Similique delectus quas necessitatibus officia. Harum voluptatem unde excepturi sit tempora ut voluptatibus voluptas.', '1996-11-25 03:24:03');
INSERT INTO `messages` (`id`, `from_user_id`, `to_user_id`, `body`, `created_at`) VALUES ('327', '87', '87', 'Asperiores temporibus sed voluptatibus praesentium. Et et quibusdam ipsum vel. Voluptatem exercitationem sed cum est velit. Voluptatem quae qui laborum quaerat et repellat consequatur.', '1982-01-30 08:29:28');
INSERT INTO `messages` (`id`, `from_user_id`, `to_user_id`, `body`, `created_at`) VALUES ('328', '88', '88', 'Ab delectus harum voluptatibus veniam praesentium similique. Perspiciatis nostrum non quisquam aut sed. Dolor tenetur minima voluptatibus inventore ratione aut sunt.', '1993-04-03 15:50:42');
INSERT INTO `messages` (`id`, `from_user_id`, `to_user_id`, `body`, `created_at`) VALUES ('329', '89', '89', 'Mollitia cumque sit quae excepturi. Esse exercitationem quos incidunt tempora praesentium ut. Culpa eos nostrum dolores et. Qui et perferendis accusamus asperiores quaerat atque cumque aut.', '1972-04-30 22:55:07');
INSERT INTO `messages` (`id`, `from_user_id`, `to_user_id`, `body`, `created_at`) VALUES ('330', '90', '90', 'Pariatur ut voluptas sint velit modi. Vel accusamus quisquam perferendis quae. In est reprehenderit est rem est.', '1992-01-01 12:47:22');
INSERT INTO `messages` (`id`, `from_user_id`, `to_user_id`, `body`, `created_at`) VALUES ('331', '91', '91', 'In consectetur et eum provident rerum ut. Nihil eos voluptatibus error consequatur quasi. Ad qui dolor ad eveniet quas ut. Sed doloribus natus quo rerum.', '1988-01-24 17:54:42');
INSERT INTO `messages` (`id`, `from_user_id`, `to_user_id`, `body`, `created_at`) VALUES ('332', '92', '92', 'Qui ea id inventore repellat. Harum voluptatibus praesentium omnis voluptas fuga iusto delectus. Quia ea quas similique rerum asperiores aut officia.', '1974-01-21 02:59:00');
INSERT INTO `messages` (`id`, `from_user_id`, `to_user_id`, `body`, `created_at`) VALUES ('333', '93', '93', 'Accusamus dolorem sed tenetur sed non doloribus aliquid ipsum. Quisquam labore facilis eaque quia qui sit est vel. In doloremque sit ea magnam quisquam voluptas.', '1994-07-04 21:20:32');
INSERT INTO `messages` (`id`, `from_user_id`, `to_user_id`, `body`, `created_at`) VALUES ('334', '94', '94', 'Est vitae a nihil iusto porro nulla animi. Ipsam aut sunt soluta est. Aut pariatur voluptas amet iure ipsa harum.', '1988-10-08 19:25:31');
INSERT INTO `messages` (`id`, `from_user_id`, `to_user_id`, `body`, `created_at`) VALUES ('335', '95', '95', 'Sed inventore voluptas consequatur sunt dolores blanditiis. Cupiditate praesentium dignissimos non. Aperiam maiores eos ut dolorem.', '1996-02-18 12:21:39');
INSERT INTO `messages` (`id`, `from_user_id`, `to_user_id`, `body`, `created_at`) VALUES ('336', '96', '96', 'Cum at consequatur dolorem quis magni. Saepe doloribus placeat voluptatibus amet architecto ad. Qui sit reprehenderit quo doloribus qui saepe consequatur.', '2008-02-14 11:00:30');
INSERT INTO `messages` (`id`, `from_user_id`, `to_user_id`, `body`, `created_at`) VALUES ('337', '97', '97', 'Dignissimos et expedita aut odio. Vel possimus rerum quia cum vel at. Illum nulla quae inventore tempora dolores vero deleniti at.', '1973-05-10 15:34:15');
INSERT INTO `messages` (`id`, `from_user_id`, `to_user_id`, `body`, `created_at`) VALUES ('338', '98', '98', 'Rem quibusdam molestiae repellendus quaerat non quae iure consequatur. Soluta labore sint est eos reprehenderit. Quaerat nam id ut et ut et quaerat. Error rem non sit maxime.', '1993-04-22 03:43:00');
INSERT INTO `messages` (`id`, `from_user_id`, `to_user_id`, `body`, `created_at`) VALUES ('339', '99', '99', 'Pariatur rerum sapiente quibusdam et officiis eligendi aperiam atque. Autem sapiente repudiandae inventore sunt. Sit ea veritatis quis laudantium magni.', '1976-10-01 08:42:17');
INSERT INTO `messages` (`id`, `from_user_id`, `to_user_id`, `body`, `created_at`) VALUES ('340', '100', '100', 'Debitis molestias cumque ea perspiciatis accusantium eaque. Magni qui aperiam dignissimos et praesentium repellendus quasi rerum. Sit excepturi non nam mollitia praesentium exercitationem.', '1989-06-02 13:32:09');
INSERT INTO `messages` (`id`, `from_user_id`, `to_user_id`, `body`, `created_at`) VALUES ('341', '101', '101', 'Dicta dolorem voluptas est rem reiciendis eligendi voluptas et. Similique quidem odit praesentium fuga. Rerum ad assumenda consequatur placeat sunt quasi. Quasi optio quia quibusdam eaque tempora velit.', '2001-11-16 11:51:08');
INSERT INTO `messages` (`id`, `from_user_id`, `to_user_id`, `body`, `created_at`) VALUES ('342', '102', '102', 'Quis optio quos quod est deleniti ipsa. Aut distinctio quia voluptatum asperiores. Est nam quas ducimus temporibus saepe incidunt aspernatur ut.', '2004-07-04 09:39:59');
INSERT INTO `messages` (`id`, `from_user_id`, `to_user_id`, `body`, `created_at`) VALUES ('343', '103', '103', 'Consequatur in quia ea. Et eos quisquam aspernatur facilis sed sit quisquam. Esse consequatur molestias qui enim odit perferendis rerum.', '1996-08-19 04:09:00');
INSERT INTO `messages` (`id`, `from_user_id`, `to_user_id`, `body`, `created_at`) VALUES ('344', '104', '104', 'Ipsam molestias necessitatibus occaecati sed doloribus hic. Aut dolor et consequatur nobis ducimus. Sed dolores eos dignissimos ipsam. Itaque enim dolores natus. Quidem quam qui et voluptas.', '2015-01-13 10:23:06');
INSERT INTO `messages` (`id`, `from_user_id`, `to_user_id`, `body`, `created_at`) VALUES ('345', '105', '105', 'Et sequi quae quas praesentium aperiam. Officia sit non aperiam eum placeat voluptates.', '1993-04-03 09:27:53');
INSERT INTO `messages` (`id`, `from_user_id`, `to_user_id`, `body`, `created_at`) VALUES ('346', '106', '106', 'Eos laudantium quis et delectus doloribus molestiae. Architecto est numquam sed sequi. Aut impedit omnis consequuntur repudiandae. Non libero eius qui culpa. Est vero eum blanditiis explicabo impedit.', '2009-10-13 14:30:52');
INSERT INTO `messages` (`id`, `from_user_id`, `to_user_id`, `body`, `created_at`) VALUES ('347', '107', '107', 'Qui quidem eum laboriosam placeat molestiae nulla delectus nam. Quidem itaque facere illo in distinctio quos. Sequi veniam dignissimos est tempora earum dolorum qui.', '1974-11-26 18:22:12');
INSERT INTO `messages` (`id`, `from_user_id`, `to_user_id`, `body`, `created_at`) VALUES ('348', '108', '108', 'Aliquid qui molestiae sunt sint sint. Facere cumque earum et aut est eum. Dolores sit nostrum rem quisquam quia nesciunt qui. Necessitatibus est molestias qui.', '1988-08-18 15:56:12');
INSERT INTO `messages` (`id`, `from_user_id`, `to_user_id`, `body`, `created_at`) VALUES ('349', '109', '109', 'Magnam id magni ipsa. Molestiae autem ratione vitae itaque ullam praesentium tempora natus. Temporibus quaerat pariatur ut. In sit distinctio saepe omnis quo et itaque.', '2014-02-26 20:07:09');
INSERT INTO `messages` (`id`, `from_user_id`, `to_user_id`, `body`, `created_at`) VALUES ('350', '110', '110', 'Qui tempora qui reiciendis sed ut sunt. Quidem repudiandae vitae eius dicta aut quam sit. Praesentium distinctio architecto explicabo quia iste. Repellendus aspernatur tenetur nihil inventore odio ut.', '1980-03-08 08:03:42');
INSERT INTO `messages` (`id`, `from_user_id`, `to_user_id`, `body`, `created_at`) VALUES ('351', '111', '111', 'Et est molestias sunt aut explicabo. Quia et molestiae nesciunt. Facere et et repellendus sunt. Quis harum alias dolorum cum delectus suscipit.', '1996-02-28 16:43:56');
INSERT INTO `messages` (`id`, `from_user_id`, `to_user_id`, `body`, `created_at`) VALUES ('352', '112', '112', 'Dolorem omnis occaecati autem voluptatum dolores fuga maiores. Et tenetur aperiam sequi et. Distinctio sed qui in porro sed. Ut consequatur dolore et sed doloribus.', '1999-06-24 08:29:40');
INSERT INTO `messages` (`id`, `from_user_id`, `to_user_id`, `body`, `created_at`) VALUES ('353', '113', '113', 'Corrupti et rerum quia quia voluptatem quia saepe. Porro et aliquid eveniet tenetur accusantium voluptate. Ducimus corrupti adipisci est molestiae.', '1991-02-06 18:33:10');
INSERT INTO `messages` (`id`, `from_user_id`, `to_user_id`, `body`, `created_at`) VALUES ('354', '114', '114', 'Aliquam qui facilis fugit eaque. Voluptas rerum nihil esse qui. Necessitatibus quos voluptates quia magnam eveniet sed consequatur error. Aliquid temporibus repellat suscipit natus expedita esse hic.', '1984-06-09 23:06:47');
INSERT INTO `messages` (`id`, `from_user_id`, `to_user_id`, `body`, `created_at`) VALUES ('355', '115', '115', 'Odit laborum quisquam quae similique omnis. Hic nulla doloremque consectetur quasi aut vel aliquam. Temporibus provident et sint dicta non aut et.', '2020-05-28 08:49:53');
INSERT INTO `messages` (`id`, `from_user_id`, `to_user_id`, `body`, `created_at`) VALUES ('356', '116', '116', 'Est enim illo illo aut occaecati. Illum quia tenetur quaerat rerum voluptatem esse consequatur. Quia sint placeat fuga omnis quia. Esse unde est nisi qui voluptas. Et quibusdam libero nihil quia exercitationem quisquam.', '1997-12-24 08:59:10');
INSERT INTO `messages` (`id`, `from_user_id`, `to_user_id`, `body`, `created_at`) VALUES ('357', '117', '117', 'Velit dignissimos consequatur nulla commodi vel. Aut earum culpa ducimus. Odio magni vel fugit odit eveniet ullam.', '2012-11-11 20:28:45');
INSERT INTO `messages` (`id`, `from_user_id`, `to_user_id`, `body`, `created_at`) VALUES ('358', '118', '118', 'Qui et ea rerum consequuntur. Quis at reprehenderit consectetur aut earum voluptatum explicabo asperiores. Quis aut error expedita est qui exercitationem ipsum.', '1981-03-26 18:10:00');
INSERT INTO `messages` (`id`, `from_user_id`, `to_user_id`, `body`, `created_at`) VALUES ('359', '119', '119', 'Tempore qui neque sunt voluptas id. Possimus ad sit consequatur excepturi et dolorum. Amet autem dolorem voluptas aliquam et debitis. Enim cumque quisquam et sed eos dolores.', '1992-05-28 20:48:21');
INSERT INTO `messages` (`id`, `from_user_id`, `to_user_id`, `body`, `created_at`) VALUES ('360', '120', '120', 'Reprehenderit ut labore quidem et numquam sint non. Soluta quis quibusdam quia perferendis voluptatum in eos soluta. Totam libero id voluptatibus sed sunt. Ut similique tempore corrupti ea dignissimos voluptatem. Quos aut vel quae sapiente.', '2012-03-18 22:35:17');
INSERT INTO `messages` (`id`, `from_user_id`, `to_user_id`, `body`, `created_at`) VALUES ('361', '1', '1', 'Ipsam dignissimos voluptatem voluptatem et quaerat repellendus enim nemo. Numquam quod dolore magni delectus.', '2008-08-27 19:28:18');
INSERT INTO `messages` (`id`, `from_user_id`, `to_user_id`, `body`, `created_at`) VALUES ('362', '2', '2', 'Temporibus non qui quas error aut et. Architecto rem et iusto aspernatur ea ipsam fugit.', '2003-10-10 13:56:24');
INSERT INTO `messages` (`id`, `from_user_id`, `to_user_id`, `body`, `created_at`) VALUES ('363', '3', '3', 'Ipsam sit dolor doloremque perferendis. Quaerat aliquid vel consequatur non est asperiores atque. Dolores culpa nihil odio vitae.', '1984-05-10 09:16:58');
INSERT INTO `messages` (`id`, `from_user_id`, `to_user_id`, `body`, `created_at`) VALUES ('364', '4', '4', 'Vel est ipsum et. Neque labore ea sed et aut et ut sint. Iure qui adipisci ipsam dicta dolore. Assumenda ut est quo atque maxime ea ab magni.', '2017-02-03 09:37:56');
INSERT INTO `messages` (`id`, `from_user_id`, `to_user_id`, `body`, `created_at`) VALUES ('365', '5', '5', 'Et incidunt doloribus laborum. Explicabo itaque ut voluptatem nam quidem rerum consequatur aspernatur. Rem ut aliquid autem pariatur exercitationem autem est. At quod possimus ratione. Molestiae laboriosam ipsam id doloremque laboriosam voluptatibus facere rerum.', '1971-06-14 15:04:06');
INSERT INTO `messages` (`id`, `from_user_id`, `to_user_id`, `body`, `created_at`) VALUES ('366', '6', '6', 'Quo molestias quaerat omnis blanditiis labore rem ea. Et aliquid qui nihil sapiente et quo voluptate consequatur. Quibusdam sit aperiam aut id.', '1978-05-29 07:08:47');
INSERT INTO `messages` (`id`, `from_user_id`, `to_user_id`, `body`, `created_at`) VALUES ('367', '7', '7', 'Qui consequatur tenetur voluptas omnis. Reprehenderit voluptas commodi modi qui sequi officiis. Quidem magnam dignissimos nostrum tempora rerum voluptatibus ab enim. Quae iste incidunt magnam voluptatum occaecati reprehenderit.', '2009-06-19 15:30:00');
INSERT INTO `messages` (`id`, `from_user_id`, `to_user_id`, `body`, `created_at`) VALUES ('368', '8', '8', 'Veniam tempora fugit ipsum esse quasi. Adipisci tempore architecto facilis autem optio quasi. Esse at dolor sapiente velit porro voluptatibus.', '2015-07-19 10:09:51');
INSERT INTO `messages` (`id`, `from_user_id`, `to_user_id`, `body`, `created_at`) VALUES ('369', '9', '9', 'Veritatis quod minima excepturi accusamus reiciendis voluptas. Inventore et iure non sed.', '2009-03-28 01:52:50');
INSERT INTO `messages` (`id`, `from_user_id`, `to_user_id`, `body`, `created_at`) VALUES ('370', '10', '10', 'Eum quod dolorem officiis non laudantium. Sunt dolores molestias animi vitae quia. Sapiente expedita magnam ea et. Doloribus doloremque iure eos quaerat rerum hic.', '2005-07-23 06:20:59');
INSERT INTO `messages` (`id`, `from_user_id`, `to_user_id`, `body`, `created_at`) VALUES ('371', '11', '11', 'Eius velit corrupti et optio perspiciatis. Dicta at quo impedit aut ea. Necessitatibus et maxime velit possimus.', '2002-04-25 22:49:32');
INSERT INTO `messages` (`id`, `from_user_id`, `to_user_id`, `body`, `created_at`) VALUES ('372', '12', '12', 'Dolor minus asperiores debitis maiores placeat quod id id. Sed dolores molestias iusto dolore suscipit sunt enim. Deserunt consequatur harum et qui aut est.', '1975-08-29 16:10:03');
INSERT INTO `messages` (`id`, `from_user_id`, `to_user_id`, `body`, `created_at`) VALUES ('373', '13', '13', 'Est quibusdam saepe debitis animi. Libero nihil et sed magnam. Nisi doloribus numquam molestias occaecati porro quia provident.', '1994-09-21 17:01:12');
INSERT INTO `messages` (`id`, `from_user_id`, `to_user_id`, `body`, `created_at`) VALUES ('374', '14', '14', 'Saepe cumque voluptatem dolores vel voluptas quo. Facilis quos voluptates in et delectus fuga. Inventore adipisci est omnis numquam explicabo nobis culpa. Maiores aut expedita consequatur.', '2015-06-20 14:59:39');
INSERT INTO `messages` (`id`, `from_user_id`, `to_user_id`, `body`, `created_at`) VALUES ('375', '15', '15', 'Quos et accusamus et. Sunt sunt inventore debitis nam. Vel perspiciatis nam dolor repudiandae aut repellendus. Et et quisquam qui et aut illo quasi.', '2001-08-06 21:57:52');
INSERT INTO `messages` (`id`, `from_user_id`, `to_user_id`, `body`, `created_at`) VALUES ('376', '16', '16', 'Beatae tempore officiis optio maiores assumenda fugiat minima vero. Eum dolore quod occaecati et dignissimos. Optio error in cumque veniam officiis reprehenderit.', '1973-08-06 19:40:00');
INSERT INTO `messages` (`id`, `from_user_id`, `to_user_id`, `body`, `created_at`) VALUES ('377', '17', '17', 'Dolore nulla aperiam blanditiis qui ut ex quas. Dolorem optio aut sint ut. Sunt quasi autem rerum.', '1993-04-26 21:18:12');
INSERT INTO `messages` (`id`, `from_user_id`, `to_user_id`, `body`, `created_at`) VALUES ('378', '18', '18', 'Totam earum exercitationem fugit. Velit qui et modi veniam ut consequuntur corrupti dolorem. Autem laborum unde quo consequatur voluptate quia doloremque. Est porro sint impedit quos ipsum earum ipsum.', '2003-09-09 10:26:42');
INSERT INTO `messages` (`id`, `from_user_id`, `to_user_id`, `body`, `created_at`) VALUES ('379', '19', '19', 'Odit eaque eaque iusto inventore nam earum. At ut reiciendis delectus. Sit reprehenderit ea incidunt molestiae.', '2008-11-24 21:40:20');
INSERT INTO `messages` (`id`, `from_user_id`, `to_user_id`, `body`, `created_at`) VALUES ('380', '20', '20', 'Eveniet ab earum sapiente in dolores. Illum sit blanditiis rem voluptatem nobis. Consequatur et tempore cupiditate rerum magnam ut quo et. Voluptatem veritatis maiores eius nostrum odio voluptates quae. Non architecto architecto est sit non.', '2002-03-09 19:21:31');
INSERT INTO `messages` (`id`, `from_user_id`, `to_user_id`, `body`, `created_at`) VALUES ('381', '21', '21', 'Repellat cum architecto itaque. Accusamus voluptatum consequatur ad sit dolorum fugiat vel. Enim sequi ut optio laboriosam officia. Vitae non modi quaerat et quia.', '2016-12-24 10:34:34');
INSERT INTO `messages` (`id`, `from_user_id`, `to_user_id`, `body`, `created_at`) VALUES ('382', '22', '22', 'Labore dignissimos dolor voluptatem rerum nobis. Quam possimus at voluptate ut voluptas quia. Magni et dicta quos. Totam aspernatur vitae adipisci consectetur iusto nihil rem.', '2017-04-14 19:27:14');
INSERT INTO `messages` (`id`, `from_user_id`, `to_user_id`, `body`, `created_at`) VALUES ('383', '23', '23', 'Velit quis mollitia repellat sit. Id qui et voluptatem voluptas consectetur alias sint provident. Nesciunt illum sit soluta aliquid asperiores id.', '2003-12-20 23:12:09');
INSERT INTO `messages` (`id`, `from_user_id`, `to_user_id`, `body`, `created_at`) VALUES ('384', '24', '24', 'Eum aliquid qui molestiae nisi error quis provident sed. Ea veniam odio ea ut et id.', '2014-05-12 16:59:22');
INSERT INTO `messages` (`id`, `from_user_id`, `to_user_id`, `body`, `created_at`) VALUES ('385', '25', '25', 'Dolore consequuntur ducimus dolorum voluptates in temporibus. Rerum et hic ipsa error. Cum quisquam commodi rerum perferendis laborum facilis in nemo.', '2019-03-22 05:13:06');
INSERT INTO `messages` (`id`, `from_user_id`, `to_user_id`, `body`, `created_at`) VALUES ('386', '26', '26', 'Ut molestias omnis illum qui magni occaecati eius doloribus. Qui autem iste quas voluptate omnis fugit. Fugiat commodi porro ducimus eum.', '1980-05-01 19:02:54');
INSERT INTO `messages` (`id`, `from_user_id`, `to_user_id`, `body`, `created_at`) VALUES ('387', '27', '27', 'Sint doloribus consequatur sit laudantium est voluptas. Id non impedit aut quidem. Rem et molestiae voluptatem ut ipsa et accusantium. Numquam qui blanditiis ut aut vitae porro fugiat.', '1998-10-13 09:07:27');
INSERT INTO `messages` (`id`, `from_user_id`, `to_user_id`, `body`, `created_at`) VALUES ('388', '28', '28', 'Ea aut eos distinctio earum laboriosam praesentium. Et in nisi quia earum quos tempora eos error. Est laboriosam quia et sit autem sunt. Minus in sint veniam culpa pariatur.', '1993-05-19 04:39:19');
INSERT INTO `messages` (`id`, `from_user_id`, `to_user_id`, `body`, `created_at`) VALUES ('389', '29', '29', 'Enim corrupti ex tenetur nulla id. Repellendus odit vitae in blanditiis sed quis nesciunt. Facere neque facere et sed provident consequuntur nostrum voluptatem. Fugit est blanditiis optio.', '2012-12-14 04:17:21');
INSERT INTO `messages` (`id`, `from_user_id`, `to_user_id`, `body`, `created_at`) VALUES ('390', '30', '30', 'Qui accusamus omnis aliquid commodi. Consequuntur sunt illum vero rerum aliquam nihil quia expedita. Aspernatur quia consequatur commodi corporis. Hic magni nobis doloribus mollitia omnis.', '1972-12-08 03:40:50');
INSERT INTO `messages` (`id`, `from_user_id`, `to_user_id`, `body`, `created_at`) VALUES ('391', '31', '31', 'Veniam molestiae et eveniet voluptas dolores. Quas sit ut fuga quas. In vitae occaecati laudantium dolores velit beatae. Aliquid fugit laboriosam dolorem eveniet modi voluptates expedita magni.', '2013-12-30 22:53:06');
INSERT INTO `messages` (`id`, `from_user_id`, `to_user_id`, `body`, `created_at`) VALUES ('392', '32', '32', 'Corporis quis est dolorum ipsum accusamus. In magnam illo nisi ut pariatur in. Maxime similique possimus est rerum.', '1990-09-16 16:25:22');
INSERT INTO `messages` (`id`, `from_user_id`, `to_user_id`, `body`, `created_at`) VALUES ('393', '33', '33', 'Quis quia ut consectetur dolore eos magni. Facere aut beatae velit expedita. Nam odit praesentium qui quaerat. Quia non odit blanditiis architecto natus sit.', '1971-12-30 05:15:58');
INSERT INTO `messages` (`id`, `from_user_id`, `to_user_id`, `body`, `created_at`) VALUES ('394', '34', '34', 'Ab qui cumque qui sunt. Repellat voluptates libero quis aut repellat voluptas officia. Omnis dolor natus consequatur occaecati dolorem itaque. Harum quis corrupti voluptatem enim tempora. Et beatae amet nemo error provident.', '1993-11-16 13:27:50');
INSERT INTO `messages` (`id`, `from_user_id`, `to_user_id`, `body`, `created_at`) VALUES ('395', '35', '35', 'Laudantium alias voluptatem ex autem. Perferendis et ullam fugit dignissimos voluptatem qui nam. Labore aut eum dolor quia nam accusantium consequatur occaecati. Delectus autem reprehenderit hic.', '1993-05-24 14:29:28');
INSERT INTO `messages` (`id`, `from_user_id`, `to_user_id`, `body`, `created_at`) VALUES ('396', '36', '36', 'Consequatur adipisci ut inventore optio ut officia eum. Consequuntur ut laudantium nisi laudantium aspernatur sit. Eveniet facere optio voluptas quisquam voluptatum nulla et. Ut praesentium eveniet cupiditate illum ipsa non voluptatem.', '2012-07-15 16:38:38');
INSERT INTO `messages` (`id`, `from_user_id`, `to_user_id`, `body`, `created_at`) VALUES ('397', '37', '37', 'Id quia quo cupiditate. Sint fuga et qui qui. A deleniti aspernatur et commodi voluptas cum. Non nam suscipit labore inventore iste.', '1990-10-19 09:02:02');
INSERT INTO `messages` (`id`, `from_user_id`, `to_user_id`, `body`, `created_at`) VALUES ('398', '38', '38', 'Ea soluta velit assumenda tenetur libero. Quibusdam vero vitae voluptas ut aut quae. Et maiores enim incidunt numquam. Voluptates quis maxime consectetur voluptas.', '2018-08-20 10:35:31');
INSERT INTO `messages` (`id`, `from_user_id`, `to_user_id`, `body`, `created_at`) VALUES ('399', '39', '39', 'Consectetur doloremque tempora est dignissimos repellat consequuntur asperiores. Officiis quia non eligendi tenetur deleniti incidunt et. Error consequatur pariatur doloribus.', '2018-11-28 19:55:21');
INSERT INTO `messages` (`id`, `from_user_id`, `to_user_id`, `body`, `created_at`) VALUES ('400', '40', '40', 'Est non id aut voluptatibus assumenda voluptas. Et sed quos velit deserunt aperiam assumenda magnam. Numquam molestias rem molestiae reiciendis.', '2016-10-11 18:16:53');
INSERT INTO `messages` (`id`, `from_user_id`, `to_user_id`, `body`, `created_at`) VALUES ('401', '41', '41', 'Quaerat ut necessitatibus est suscipit quis unde omnis. Aut quae ea ut dolores temporibus. Necessitatibus officia et ducimus.', '1970-12-23 00:49:05');
INSERT INTO `messages` (`id`, `from_user_id`, `to_user_id`, `body`, `created_at`) VALUES ('402', '42', '42', 'Excepturi itaque fugiat ut ex nam. Dolor accusamus ea atque magnam voluptas. Doloribus reprehenderit sequi dolorem eum eius ut non.', '1974-04-21 21:33:31');
INSERT INTO `messages` (`id`, `from_user_id`, `to_user_id`, `body`, `created_at`) VALUES ('403', '43', '43', 'Beatae repudiandae quam ut quae fugit sed. Molestiae quia nihil ipsam odit. Molestiae id sed consectetur consequatur quae.', '2019-07-12 15:54:41');
INSERT INTO `messages` (`id`, `from_user_id`, `to_user_id`, `body`, `created_at`) VALUES ('404', '44', '44', 'Dolor voluptas odit similique numquam tempora. Itaque et ut at quasi. Et quae sit aut ut.', '1982-05-02 13:32:20');
INSERT INTO `messages` (`id`, `from_user_id`, `to_user_id`, `body`, `created_at`) VALUES ('405', '45', '45', 'Ut asperiores molestias id nihil molestiae. Optio beatae labore officiis non tenetur. Laborum optio exercitationem vitae. Aperiam nobis ullam in omnis.', '1990-10-25 13:38:23');
INSERT INTO `messages` (`id`, `from_user_id`, `to_user_id`, `body`, `created_at`) VALUES ('406', '46', '46', 'Voluptatibus voluptatem dignissimos voluptatibus nobis eum reiciendis. Explicabo dolore iste pariatur mollitia commodi neque. Modi eos consequatur inventore qui. Omnis molestiae suscipit veritatis quas aliquid.', '1992-12-10 09:01:49');
INSERT INTO `messages` (`id`, `from_user_id`, `to_user_id`, `body`, `created_at`) VALUES ('407', '47', '47', 'Sed voluptas sed cupiditate autem eligendi odit alias. Fugit nulla reprehenderit eius eum. Temporibus quis rerum dicta.', '2010-06-05 02:05:16');
INSERT INTO `messages` (`id`, `from_user_id`, `to_user_id`, `body`, `created_at`) VALUES ('408', '48', '48', 'Iusto et qui ducimus ea. Consequatur perspiciatis corporis in ut dolor officiis. Vel vitae sed possimus porro.', '2009-08-19 10:01:26');
INSERT INTO `messages` (`id`, `from_user_id`, `to_user_id`, `body`, `created_at`) VALUES ('409', '49', '49', 'Ducimus deleniti numquam sunt quia id. Veniam voluptate qui et non tempore ut esse. Debitis velit consequuntur sit consectetur eos qui iste rerum.', '1995-04-19 21:12:35');
INSERT INTO `messages` (`id`, `from_user_id`, `to_user_id`, `body`, `created_at`) VALUES ('410', '50', '50', 'Necessitatibus ea libero rerum fugiat error. Autem quibusdam iusto quidem ut velit doloribus. Nulla pariatur voluptatem et maiores asperiores neque ut sunt.', '2000-08-24 07:31:46');
INSERT INTO `messages` (`id`, `from_user_id`, `to_user_id`, `body`, `created_at`) VALUES ('411', '51', '51', 'Unde commodi quaerat qui voluptatibus. Minus est beatae quasi. Incidunt dolorum voluptatem facilis a aspernatur ipsa minus.', '2009-08-31 21:20:00');
INSERT INTO `messages` (`id`, `from_user_id`, `to_user_id`, `body`, `created_at`) VALUES ('412', '52', '52', 'Voluptas deleniti aut veniam molestiae enim laborum rerum. Quo reiciendis aperiam aut voluptas consequatur sed fuga excepturi. Modi temporibus et est. Commodi perferendis saepe voluptatum est culpa accusamus.', '1979-05-30 10:00:13');
INSERT INTO `messages` (`id`, `from_user_id`, `to_user_id`, `body`, `created_at`) VALUES ('413', '53', '53', 'Temporibus est quia ducimus commodi praesentium. Architecto tenetur eos recusandae quibusdam.', '2014-07-21 05:18:31');
INSERT INTO `messages` (`id`, `from_user_id`, `to_user_id`, `body`, `created_at`) VALUES ('414', '54', '54', 'Velit quae possimus recusandae placeat qui aut fuga. Commodi laudantium modi repellendus maxime nihil ratione sed. Facere qui incidunt aut eveniet qui qui eos. Suscipit natus animi consequatur.', '1971-06-15 13:11:22');
INSERT INTO `messages` (`id`, `from_user_id`, `to_user_id`, `body`, `created_at`) VALUES ('415', '55', '55', 'Asperiores perferendis aut explicabo. Odit alias quam necessitatibus est rerum voluptas ut. Ratione porro laborum dolor est distinctio quia rerum quae. Et voluptatem ut sit dolorem aut ea. Quae aut quod ipsum praesentium.', '1996-07-25 04:51:11');
INSERT INTO `messages` (`id`, `from_user_id`, `to_user_id`, `body`, `created_at`) VALUES ('416', '56', '56', 'Culpa iusto veniam et eos sit ut. Dolores cupiditate maxime sed.', '2015-08-14 08:24:03');
INSERT INTO `messages` (`id`, `from_user_id`, `to_user_id`, `body`, `created_at`) VALUES ('417', '57', '57', 'Vel nobis qui enim excepturi. Est deserunt maxime aspernatur in. Possimus voluptatem libero architecto perferendis nemo soluta est. Minima facere quas dolor dolor ipsum praesentium.', '2020-02-06 21:25:29');
INSERT INTO `messages` (`id`, `from_user_id`, `to_user_id`, `body`, `created_at`) VALUES ('418', '58', '58', 'Sunt ipsa repudiandae occaecati. Nemo dolores sed dignissimos id impedit ipsam. Est harum dolorem voluptas assumenda qui voluptas. Eum sed totam in distinctio quas.', '1980-07-17 21:38:34');
INSERT INTO `messages` (`id`, `from_user_id`, `to_user_id`, `body`, `created_at`) VALUES ('419', '59', '59', 'Quibusdam explicabo sit consequatur omnis itaque doloremque. Consectetur vel et reprehenderit nulla voluptatem accusantium. Placeat labore aspernatur sit quas.', '2002-04-04 20:38:06');
INSERT INTO `messages` (`id`, `from_user_id`, `to_user_id`, `body`, `created_at`) VALUES ('420', '60', '60', 'Earum maiores impedit delectus enim voluptatem sit. Molestias voluptatum dolores voluptatem.', '1995-07-01 12:26:14');
INSERT INTO `messages` (`id`, `from_user_id`, `to_user_id`, `body`, `created_at`) VALUES ('421', '61', '61', 'Nisi possimus et porro voluptates maiores enim voluptas eaque. Voluptatem et qui aperiam. Necessitatibus iusto numquam rem.', '1996-05-30 11:24:45');
INSERT INTO `messages` (`id`, `from_user_id`, `to_user_id`, `body`, `created_at`) VALUES ('422', '62', '62', 'Ipsam rerum qui totam et non dolor odio. Magni aspernatur vel qui. Minima animi consequatur illum est voluptas qui ut.', '2002-11-05 17:49:38');
INSERT INTO `messages` (`id`, `from_user_id`, `to_user_id`, `body`, `created_at`) VALUES ('423', '63', '63', 'Veritatis necessitatibus consequatur quibusdam laborum. Optio dolorum voluptatem eos sed voluptate. Eveniet consectetur dolorem consectetur enim rerum maiores. Facere cumque quis odit natus aperiam quis.', '2006-06-27 07:49:10');
INSERT INTO `messages` (`id`, `from_user_id`, `to_user_id`, `body`, `created_at`) VALUES ('424', '64', '64', 'Perspiciatis vero et aut aliquid dolor veniam. Voluptatem qui sunt temporibus odio. Reiciendis maxime aperiam voluptas quo qui. Sed repellendus eum a aut placeat et.', '2003-12-10 18:00:11');
INSERT INTO `messages` (`id`, `from_user_id`, `to_user_id`, `body`, `created_at`) VALUES ('425', '65', '65', 'Aut totam accusantium tempore numquam nihil sed. Qui iusto corrupti autem corrupti omnis blanditiis et. Soluta consequatur neque veritatis consequatur magnam. Vero odit quo repellat.', '1994-11-26 06:13:08');
INSERT INTO `messages` (`id`, `from_user_id`, `to_user_id`, `body`, `created_at`) VALUES ('426', '66', '66', 'Ut iste nesciunt tempora amet aliquid. Earum aut accusantium vitae corporis. Id sequi quia voluptas nam nulla beatae. Nostrum cum dolore blanditiis itaque aut.', '1982-04-09 05:25:25');
INSERT INTO `messages` (`id`, `from_user_id`, `to_user_id`, `body`, `created_at`) VALUES ('427', '67', '67', 'Temporibus aut architecto delectus sit. Quia maxime veritatis ullam repellat laborum sed mollitia consectetur. Culpa sunt reprehenderit quia ea totam quo dolores.', '1983-01-09 18:13:35');
INSERT INTO `messages` (`id`, `from_user_id`, `to_user_id`, `body`, `created_at`) VALUES ('428', '68', '68', 'Eum placeat repellat voluptate iusto quisquam. Amet ut totam perferendis assumenda sapiente. Aut omnis autem nulla dolor. Aut nulla nostrum quis molestiae dolor voluptas unde consequatur.', '2007-03-03 04:46:09');
INSERT INTO `messages` (`id`, `from_user_id`, `to_user_id`, `body`, `created_at`) VALUES ('429', '69', '69', 'Quas omnis dolores qui adipisci corrupti sit. Ut veritatis non repellendus unde sed quisquam fuga. Impedit aut dolores est accusamus. Laudantium molestias quia quis voluptatem nemo. Officiis est non rerum cumque.', '1985-11-09 05:29:55');
INSERT INTO `messages` (`id`, `from_user_id`, `to_user_id`, `body`, `created_at`) VALUES ('430', '70', '70', 'Debitis quo repellendus aut. Recusandae accusantium repudiandae autem ut. Et deleniti pariatur quia dignissimos praesentium placeat itaque.', '1998-01-16 00:40:48');
INSERT INTO `messages` (`id`, `from_user_id`, `to_user_id`, `body`, `created_at`) VALUES ('431', '71', '71', 'Eum quos qui ipsam excepturi. Dolorem rerum harum in at ut cumque nulla. Enim deserunt ipsam veritatis commodi. Accusamus corporis consequatur asperiores nobis.', '2009-08-25 23:03:55');
INSERT INTO `messages` (`id`, `from_user_id`, `to_user_id`, `body`, `created_at`) VALUES ('432', '72', '72', 'Delectus voluptatem alias suscipit necessitatibus provident iste consequatur. Nihil dignissimos et architecto tempore repellendus voluptas. Et qui veritatis ullam quas sunt accusantium illum.', '1989-10-10 23:56:40');
INSERT INTO `messages` (`id`, `from_user_id`, `to_user_id`, `body`, `created_at`) VALUES ('433', '73', '73', 'Minus odit id expedita aut velit nihil. Qui unde necessitatibus velit. Inventore ut cupiditate perferendis ipsam.', '1996-05-22 06:11:20');
INSERT INTO `messages` (`id`, `from_user_id`, `to_user_id`, `body`, `created_at`) VALUES ('434', '74', '74', 'Fugiat sapiente necessitatibus ducimus alias. Temporibus ipsa quia cum culpa voluptatum enim. Sunt vel fugit id iste. Recusandae tempora sequi qui et.', '2009-09-04 08:05:28');
INSERT INTO `messages` (`id`, `from_user_id`, `to_user_id`, `body`, `created_at`) VALUES ('435', '75', '75', 'Facilis accusamus laborum iusto maxime at iste neque quos. Quis aperiam at aliquid magnam et. Unde qui molestias velit quae et corporis.', '1974-10-08 16:49:46');
INSERT INTO `messages` (`id`, `from_user_id`, `to_user_id`, `body`, `created_at`) VALUES ('436', '76', '76', 'Dicta dignissimos beatae nisi rem ullam necessitatibus sed. Sit et sit molestias et. Optio quas excepturi id quia quae. Aliquam error praesentium voluptatum quo. Consequatur omnis et natus itaque facilis et doloremque ad.', '1975-11-09 22:20:41');
INSERT INTO `messages` (`id`, `from_user_id`, `to_user_id`, `body`, `created_at`) VALUES ('437', '77', '77', 'Voluptatem facere quia nihil enim et aut. Est aliquam ipsum quibusdam sapiente ex laboriosam velit. Ex veniam a est sed ut voluptatem laboriosam et.', '1975-02-27 14:37:47');
INSERT INTO `messages` (`id`, `from_user_id`, `to_user_id`, `body`, `created_at`) VALUES ('438', '78', '78', 'Corrupti aut praesentium consequatur id aperiam a enim. In id hic provident. Consequatur velit eligendi quia aut.', '2000-06-16 14:40:22');
INSERT INTO `messages` (`id`, `from_user_id`, `to_user_id`, `body`, `created_at`) VALUES ('439', '79', '79', 'Odit eius aut sunt aliquam vitae recusandae. Et quis voluptas sint. Vero dolorem esse veniam quaerat quis laborum quidem.', '1998-12-25 06:24:27');
INSERT INTO `messages` (`id`, `from_user_id`, `to_user_id`, `body`, `created_at`) VALUES ('440', '80', '80', 'Reprehenderit ipsum laudantium iure ea tempora. Quis commodi et dignissimos exercitationem. Officiis itaque id necessitatibus id commodi accusamus sunt. Fugiat voluptates molestiae eius dicta.', '2001-06-28 18:45:16');
INSERT INTO `messages` (`id`, `from_user_id`, `to_user_id`, `body`, `created_at`) VALUES ('441', '81', '81', 'Officiis necessitatibus culpa dolorem exercitationem et. Et corporis et eius officia. Et recusandae quis voluptatem sit.', '2020-04-09 08:34:04');
INSERT INTO `messages` (`id`, `from_user_id`, `to_user_id`, `body`, `created_at`) VALUES ('442', '82', '82', 'Corrupti quisquam ullam expedita distinctio in. Nesciunt eum odit velit iusto enim nesciunt. Nesciunt pariatur unde velit ut molestiae.', '2018-08-12 15:29:50');
INSERT INTO `messages` (`id`, `from_user_id`, `to_user_id`, `body`, `created_at`) VALUES ('443', '83', '83', 'Consequuntur excepturi doloribus est quaerat velit. Molestiae excepturi praesentium ut dolore. Amet omnis ut hic tempore. Accusantium et quia rem veniam velit enim temporibus.', '1984-02-25 00:36:31');
INSERT INTO `messages` (`id`, `from_user_id`, `to_user_id`, `body`, `created_at`) VALUES ('444', '84', '84', 'Laborum illo nihil debitis nobis dolor iste molestiae. Architecto eos quidem delectus.', '1977-11-03 20:34:39');
INSERT INTO `messages` (`id`, `from_user_id`, `to_user_id`, `body`, `created_at`) VALUES ('445', '85', '85', 'Est nisi itaque alias hic. Est quod vel est dicta. Illo eligendi asperiores illo fugiat et dolorem. Tempora quaerat ab commodi occaecati.', '2012-02-03 07:10:36');
INSERT INTO `messages` (`id`, `from_user_id`, `to_user_id`, `body`, `created_at`) VALUES ('446', '86', '86', 'Odio nulla deleniti voluptates. Et mollitia odio ut qui in. Nobis tempora ea similique illum.', '1998-03-19 17:45:17');
INSERT INTO `messages` (`id`, `from_user_id`, `to_user_id`, `body`, `created_at`) VALUES ('447', '87', '87', 'Sunt perspiciatis qui quasi sit nam. Inventore voluptatem dolorem repellat et corporis consectetur.', '1992-11-16 20:42:21');
INSERT INTO `messages` (`id`, `from_user_id`, `to_user_id`, `body`, `created_at`) VALUES ('448', '88', '88', 'Voluptatem qui voluptatem laborum nostrum cum. Hic laudantium perspiciatis modi. Non dolorum omnis sed. Eum explicabo ut et officia dolorum exercitationem ratione.', '1982-07-22 03:22:00');
INSERT INTO `messages` (`id`, `from_user_id`, `to_user_id`, `body`, `created_at`) VALUES ('449', '89', '89', 'Odit possimus aliquam nam qui ipsum. Consequatur voluptas consequatur nostrum facere. Quis sequi sed quam.', '2004-04-18 02:35:33');
INSERT INTO `messages` (`id`, `from_user_id`, `to_user_id`, `body`, `created_at`) VALUES ('450', '90', '90', 'Dignissimos exercitationem unde consectetur error. Nemo pariatur consequatur eveniet optio accusantium. Impedit qui maiores a blanditiis similique quo iste. Non delectus ducimus et qui.', '1986-03-17 10:03:22');
INSERT INTO `messages` (`id`, `from_user_id`, `to_user_id`, `body`, `created_at`) VALUES ('451', '91', '91', 'Et nam quis recusandae blanditiis. Quod fugiat aut impedit qui numquam exercitationem. Quam autem culpa iure dolore dolores. Ut error sint eveniet et voluptatem aliquid vel.', '1987-02-22 19:25:32');
INSERT INTO `messages` (`id`, `from_user_id`, `to_user_id`, `body`, `created_at`) VALUES ('452', '92', '92', 'Sed voluptate corporis consequatur soluta sed. Et vel vitae suscipit velit at qui dolores. Voluptatem sint facilis ipsam odio.', '1982-03-02 02:36:59');
INSERT INTO `messages` (`id`, `from_user_id`, `to_user_id`, `body`, `created_at`) VALUES ('453', '93', '93', 'Quia dolor accusantium veritatis distinctio. Qui voluptatum laudantium aut facilis voluptatum aut dignissimos. Qui quas et culpa assumenda quae ducimus minus.', '1998-08-02 23:52:33');
INSERT INTO `messages` (`id`, `from_user_id`, `to_user_id`, `body`, `created_at`) VALUES ('454', '94', '94', 'Corrupti sunt sunt et at maiores. Doloribus eveniet fugit debitis dolorum a reprehenderit. Excepturi voluptate dolorem eos consequatur sunt tempora atque veritatis. Delectus consequatur autem a facere eius labore vel.', '2017-02-23 11:32:09');
INSERT INTO `messages` (`id`, `from_user_id`, `to_user_id`, `body`, `created_at`) VALUES ('455', '95', '95', 'Voluptates quisquam sapiente quasi quod ipsam quis minus. Officiis aut necessitatibus id. Aut qui et excepturi.', '2007-05-21 18:20:03');
INSERT INTO `messages` (`id`, `from_user_id`, `to_user_id`, `body`, `created_at`) VALUES ('456', '96', '96', 'Corporis neque reiciendis sit. Et earum doloribus laudantium sunt voluptas. Praesentium mollitia sed consequatur dolores labore amet.', '1972-05-30 02:13:30');
INSERT INTO `messages` (`id`, `from_user_id`, `to_user_id`, `body`, `created_at`) VALUES ('457', '97', '97', 'Ipsum doloremque velit aspernatur iure. Dignissimos voluptates tenetur veniam facilis tenetur assumenda consectetur. Odio voluptatem vero sint quasi rerum. Itaque recusandae optio voluptate corrupti eos fuga.', '1977-11-28 16:21:45');
INSERT INTO `messages` (`id`, `from_user_id`, `to_user_id`, `body`, `created_at`) VALUES ('458', '98', '98', 'Sapiente dignissimos culpa ut eum esse voluptatem. Molestias aspernatur sed a. Sed rem accusamus sit dolorem cumque. Vel quibusdam dolores hic pariatur aperiam dolorem.', '1980-10-12 07:18:08');
INSERT INTO `messages` (`id`, `from_user_id`, `to_user_id`, `body`, `created_at`) VALUES ('459', '99', '99', 'Eius tenetur aspernatur accusantium laudantium unde voluptatem. Suscipit quis ipsam dicta. Laudantium tempore veniam praesentium harum. Atque fuga magni qui perspiciatis voluptas ut.', '1988-08-11 07:32:41');
INSERT INTO `messages` (`id`, `from_user_id`, `to_user_id`, `body`, `created_at`) VALUES ('460', '100', '100', 'Nam cupiditate cum voluptates mollitia quia ipsum ratione blanditiis. Dolor et ea ut excepturi laboriosam natus similique qui. Enim dolorem similique eveniet. Et nemo inventore occaecati.', '1988-12-17 11:53:32');
INSERT INTO `messages` (`id`, `from_user_id`, `to_user_id`, `body`, `created_at`) VALUES ('461', '101', '101', 'Nisi soluta quia incidunt maxime. Id sunt asperiores animi id rerum. Officiis possimus quis corrupti sapiente. Omnis ad aut qui officia ipsam.', '2008-01-17 06:08:29');
INSERT INTO `messages` (`id`, `from_user_id`, `to_user_id`, `body`, `created_at`) VALUES ('462', '102', '102', 'A autem eaque minus velit quae quod quas. Rerum qui tenetur aliquid hic. Saepe soluta ea alias est sint. Tempore quam porro sit qui perspiciatis ut amet.', '2012-07-14 00:48:37');
INSERT INTO `messages` (`id`, `from_user_id`, `to_user_id`, `body`, `created_at`) VALUES ('463', '103', '103', 'Libero totam maxime nihil est tempore corrupti voluptate doloremque. Veniam sit rerum dignissimos adipisci. Voluptatem quia velit minima ut quo tempore eum est.', '2017-03-02 14:02:59');
INSERT INTO `messages` (`id`, `from_user_id`, `to_user_id`, `body`, `created_at`) VALUES ('464', '104', '104', 'Cum voluptatem voluptas reprehenderit laudantium cum impedit totam omnis. Praesentium iste porro eos deserunt odit. Molestiae optio ducimus architecto. Eos consequatur necessitatibus eum labore et inventore asperiores.', '1974-04-18 21:42:55');
INSERT INTO `messages` (`id`, `from_user_id`, `to_user_id`, `body`, `created_at`) VALUES ('465', '105', '105', 'Soluta iure ex omnis explicabo. Aut repellendus occaecati et et est. Eius ut repudiandae occaecati et.', '1977-11-11 07:00:43');
INSERT INTO `messages` (`id`, `from_user_id`, `to_user_id`, `body`, `created_at`) VALUES ('466', '106', '106', 'Velit deleniti ipsam suscipit consequuntur doloribus. Sunt recusandae minima eaque praesentium dolores. Sequi deleniti non eaque quibusdam. Cumque qui distinctio aut aliquam eius minus iure. Est ducimus doloremque aut sit et voluptatem.', '1973-11-09 19:59:23');
INSERT INTO `messages` (`id`, `from_user_id`, `to_user_id`, `body`, `created_at`) VALUES ('467', '107', '107', 'Non dignissimos facilis explicabo. Qui omnis ex in. Quia ut error eligendi est vitae. Omnis facilis eveniet quis id recusandae totam pariatur.', '2011-01-25 18:22:26');
INSERT INTO `messages` (`id`, `from_user_id`, `to_user_id`, `body`, `created_at`) VALUES ('468', '108', '108', 'Autem quia eligendi esse velit minima rerum voluptas. Magnam amet quaerat qui et. Eum eum delectus dicta aspernatur aut. Id dolorum maiores aperiam quos aut.', '1988-12-29 18:39:53');
INSERT INTO `messages` (`id`, `from_user_id`, `to_user_id`, `body`, `created_at`) VALUES ('469', '109', '109', 'Molestiae vel pariatur rerum ab et ullam. Nobis magnam ab sint asperiores. Quaerat recusandae exercitationem debitis quas.', '1990-08-11 06:40:26');
INSERT INTO `messages` (`id`, `from_user_id`, `to_user_id`, `body`, `created_at`) VALUES ('470', '110', '110', 'Necessitatibus aut ea quia est qui. Est animi quia exercitationem magnam a unde. Nihil assumenda vel illo repellat sint. Repellendus fugit ad quibusdam.', '2008-05-29 12:26:02');
INSERT INTO `messages` (`id`, `from_user_id`, `to_user_id`, `body`, `created_at`) VALUES ('471', '111', '111', 'Quo quod sed voluptates excepturi dicta doloribus et. Ullam fuga fuga deserunt aut ea qui. Est perspiciatis quo et. Corporis occaecati sit ut et.', '2005-09-01 02:16:12');
INSERT INTO `messages` (`id`, `from_user_id`, `to_user_id`, `body`, `created_at`) VALUES ('472', '112', '112', 'Aut quia et laudantium dolores. Molestiae similique ipsa fuga suscipit asperiores. Nostrum ea magni aut at qui sit. Voluptatem nihil vitae est et.', '2004-04-27 03:00:59');
INSERT INTO `messages` (`id`, `from_user_id`, `to_user_id`, `body`, `created_at`) VALUES ('473', '113', '113', 'Tenetur accusantium accusantium assumenda earum quae. Alias eos aut nam error eius sit sed. Sequi sint dolorum consequatur totam autem quos ut. In ad reiciendis ut quibusdam corrupti placeat soluta ut.', '1994-05-10 15:46:45');
INSERT INTO `messages` (`id`, `from_user_id`, `to_user_id`, `body`, `created_at`) VALUES ('474', '114', '114', 'Omnis et occaecati maiores aut provident consequatur tempora deserunt. Necessitatibus et harum aut maxime dolor non. Culpa voluptatem et cupiditate asperiores dolorum libero maiores. Voluptatem culpa modi delectus voluptates delectus laudantium.', '1996-02-18 06:37:36');
INSERT INTO `messages` (`id`, `from_user_id`, `to_user_id`, `body`, `created_at`) VALUES ('475', '115', '115', 'Quis voluptatibus porro placeat. Consectetur odit nam ratione voluptatem tempora animi. Ut adipisci veniam et voluptatum illum sed.', '1982-10-02 18:56:31');
INSERT INTO `messages` (`id`, `from_user_id`, `to_user_id`, `body`, `created_at`) VALUES ('476', '116', '116', 'Dolor quia officiis facere eos sequi nihil earum corrupti. Laudantium eum porro ab.', '1970-12-09 03:17:27');
INSERT INTO `messages` (`id`, `from_user_id`, `to_user_id`, `body`, `created_at`) VALUES ('477', '117', '117', 'Et voluptatem officia facilis ipsa quia sint. Labore molestiae quo sed aut et blanditiis. Qui et incidunt nisi omnis amet dolorum omnis explicabo.', '2018-04-13 02:19:38');
INSERT INTO `messages` (`id`, `from_user_id`, `to_user_id`, `body`, `created_at`) VALUES ('478', '118', '118', 'Et est ex assumenda ut veritatis consectetur. Accusantium explicabo quia eos. Molestias atque quo et accusantium sint.', '1999-06-23 07:12:12');
INSERT INTO `messages` (`id`, `from_user_id`, `to_user_id`, `body`, `created_at`) VALUES ('479', '119', '119', 'Dolorem sapiente omnis consequatur cum enim nihil. Temporibus veritatis qui fugiat ut neque. Repudiandae aliquam omnis non aperiam adipisci maxime.', '1978-01-08 06:49:52');
INSERT INTO `messages` (`id`, `from_user_id`, `to_user_id`, `body`, `created_at`) VALUES ('480', '120', '120', 'Aut labore at natus quia. Quas totam eum minus distinctio aut. Sit ut aperiam voluptatem excepturi quia.', '1976-02-04 08:34:50');
INSERT INTO `messages` (`id`, `from_user_id`, `to_user_id`, `body`, `created_at`) VALUES ('481', '1', '1', 'Commodi exercitationem deleniti dolore iusto autem est in. Illum at sint qui. Et possimus aut recusandae voluptas a a. Iusto ratione enim et earum a.', '1989-03-05 21:06:47');
INSERT INTO `messages` (`id`, `from_user_id`, `to_user_id`, `body`, `created_at`) VALUES ('482', '2', '2', 'Provident provident nihil dolor perspiciatis ea minima. Sunt eos minima atque voluptas soluta tenetur. Sed aut atque voluptatem nemo. Natus saepe adipisci eum. Dolorem doloribus ex nihil.', '1986-05-31 06:06:38');
INSERT INTO `messages` (`id`, `from_user_id`, `to_user_id`, `body`, `created_at`) VALUES ('483', '3', '3', 'Consectetur ullam cumque exercitationem nesciunt ut debitis. Tempora dolor et illo accusantium omnis. Cum dolorem doloribus tempora eos. Repudiandae tenetur cum ut et exercitationem est impedit.', '2001-11-14 14:26:05');
INSERT INTO `messages` (`id`, `from_user_id`, `to_user_id`, `body`, `created_at`) VALUES ('484', '4', '4', 'Sunt sed voluptatum necessitatibus cumque. Nemo eligendi dolores alias velit dolorem enim ad. Eum atque deleniti et consectetur magni.', '1989-02-25 15:07:01');
INSERT INTO `messages` (`id`, `from_user_id`, `to_user_id`, `body`, `created_at`) VALUES ('485', '5', '5', 'Quis veniam minus voluptas fugit maxime incidunt. Amet autem optio magnam consequatur quasi earum aperiam. Sapiente et animi laudantium nobis molestiae. Ut accusamus minus deleniti rerum ut ea. Est aspernatur voluptatem incidunt sapiente aperiam eum sit nemo.', '1995-01-30 17:30:50');
INSERT INTO `messages` (`id`, `from_user_id`, `to_user_id`, `body`, `created_at`) VALUES ('486', '6', '6', 'Maiores sed sint corporis eligendi. Consequuntur error quas quos et. Corporis magnam quia eligendi molestiae quo. Ad iure iure sed maiores.', '1974-11-28 07:17:36');
INSERT INTO `messages` (`id`, `from_user_id`, `to_user_id`, `body`, `created_at`) VALUES ('487', '7', '7', 'Praesentium sed vel error modi ullam perspiciatis. Fugit officia ut unde minus ut alias est. Occaecati alias suscipit enim ab.', '2010-04-01 02:46:17');
INSERT INTO `messages` (`id`, `from_user_id`, `to_user_id`, `body`, `created_at`) VALUES ('488', '8', '8', 'Animi cum eius repellat id eaque autem possimus. Autem sint qui assumenda odio saepe nemo tenetur. Consectetur rerum voluptatem et amet voluptatem qui laborum molestiae.', '2019-03-04 19:25:54');
INSERT INTO `messages` (`id`, `from_user_id`, `to_user_id`, `body`, `created_at`) VALUES ('489', '9', '9', 'Dolor quas error recusandae soluta. Ipsam molestias nihil dolorem dignissimos est. Quibusdam dolorum aperiam excepturi ipsum autem.', '2003-01-15 14:27:28');
INSERT INTO `messages` (`id`, `from_user_id`, `to_user_id`, `body`, `created_at`) VALUES ('490', '10', '10', 'Qui repellat cum animi occaecati. Illo quo omnis aut et eos voluptatem facilis vero. Labore cum iusto laudantium excepturi velit suscipit. Id quae voluptatem similique ut excepturi.', '1979-06-27 02:20:59');
INSERT INTO `messages` (`id`, `from_user_id`, `to_user_id`, `body`, `created_at`) VALUES ('491', '11', '11', 'Fuga ut asperiores velit nisi. Architecto minima nesciunt labore sit ut perferendis. Nobis dolores voluptatem voluptatum tenetur ut.', '2010-09-17 13:07:36');
INSERT INTO `messages` (`id`, `from_user_id`, `to_user_id`, `body`, `created_at`) VALUES ('492', '12', '12', 'Enim aut in non eum. Eos quis sed ut ex dolores ratione. Voluptas excepturi assumenda inventore molestias aut assumenda et. Et porro est quo quas inventore ex inventore.', '2005-10-12 06:32:15');
INSERT INTO `messages` (`id`, `from_user_id`, `to_user_id`, `body`, `created_at`) VALUES ('493', '13', '13', 'Alias nulla ipsa similique rerum fugit qui corporis maiores. Aut rerum sit atque qui illum ut earum. Et ut excepturi esse fugiat. Debitis exercitationem ut sit ullam sint.', '1978-08-12 14:04:00');
INSERT INTO `messages` (`id`, `from_user_id`, `to_user_id`, `body`, `created_at`) VALUES ('494', '14', '14', 'Et temporibus iusto et aut. Non consequatur id quasi numquam. Nemo et consequatur at eum.', '1974-02-03 07:36:11');
INSERT INTO `messages` (`id`, `from_user_id`, `to_user_id`, `body`, `created_at`) VALUES ('495', '15', '15', 'Quas labore dolores vel repudiandae aut suscipit aut sed. Vel veritatis consequatur accusantium quae itaque officiis. Molestiae voluptatem repellendus occaecati est. Exercitationem ullam voluptatum nulla repellat fugit.', '2016-08-02 05:04:59');
INSERT INTO `messages` (`id`, `from_user_id`, `to_user_id`, `body`, `created_at`) VALUES ('496', '16', '16', 'Voluptatem et harum ut necessitatibus. Saepe reiciendis laborum aut voluptate eius. Ut reprehenderit minus sunt eaque et dolor voluptatem.', '1972-01-04 16:57:42');
INSERT INTO `messages` (`id`, `from_user_id`, `to_user_id`, `body`, `created_at`) VALUES ('497', '17', '17', 'Laborum cupiditate officia quos ad. Occaecati fugit eaque soluta labore. Rerum iure ut ut ea. Vel est illo molestiae molestiae facere laborum dignissimos et.', '1985-01-15 23:39:38');
INSERT INTO `messages` (`id`, `from_user_id`, `to_user_id`, `body`, `created_at`) VALUES ('498', '18', '18', 'Quos quasi pariatur odit voluptatem aut. Eveniet porro natus rerum voluptatem ratione blanditiis quis. Ipsum assumenda sequi architecto rerum omnis reiciendis animi tenetur. Adipisci necessitatibus id voluptate non et quis voluptatem.', '2018-01-18 04:06:44');
INSERT INTO `messages` (`id`, `from_user_id`, `to_user_id`, `body`, `created_at`) VALUES ('499', '19', '19', 'Placeat quo dolorem hic. Repellendus perspiciatis repellat in. Temporibus sapiente aut saepe dolor velit. Autem ratione at vero omnis aliquid adipisci. Vitae porro et non hic sit ea tenetur omnis.', '1974-08-01 17:44:53');
INSERT INTO `messages` (`id`, `from_user_id`, `to_user_id`, `body`, `created_at`) VALUES ('500', '20', '20', 'Eos repellat consequuntur non iste. Est nam laudantium dolores ullam veniam. Provident eos quam praesentium soluta eligendi quo. Quis eveniet perferendis iure aut et et nemo.', '2003-02-18 07:49:18');
INSERT INTO `messages` (`id`, `from_user_id`, `to_user_id`, `body`, `created_at`) VALUES ('501', '21', '21', 'Ducimus sed quam odio totam assumenda accusantium assumenda. Accusantium dolore repudiandae dolorem culpa. Sint cum non harum sapiente enim reprehenderit. Dolore illum fugit voluptas. Corrupti ipsam aperiam dolore dicta a neque doloremque.', '1992-10-11 14:17:39');
INSERT INTO `messages` (`id`, `from_user_id`, `to_user_id`, `body`, `created_at`) VALUES ('502', '22', '22', 'Dolor ut unde et non consequatur impedit ut. Pariatur cupiditate dolor quasi molestias. Soluta nesciunt dignissimos nulla ullam.', '1995-08-20 00:35:53');
INSERT INTO `messages` (`id`, `from_user_id`, `to_user_id`, `body`, `created_at`) VALUES ('503', '23', '23', 'Tempore dicta est voluptatum ducimus aliquid exercitationem. Quo occaecati provident distinctio voluptatem quis. Et non enim provident provident possimus inventore. Ut perferendis fuga quam consequatur.', '1974-09-14 06:49:16');
INSERT INTO `messages` (`id`, `from_user_id`, `to_user_id`, `body`, `created_at`) VALUES ('504', '24', '24', 'Maxime optio autem iure maiores nihil. Voluptas iusto quis maxime aperiam nulla. Nihil in veritatis eum suscipit quod. Voluptatem laboriosam sit repellat perspiciatis cumque.', '2010-01-12 04:25:37');
INSERT INTO `messages` (`id`, `from_user_id`, `to_user_id`, `body`, `created_at`) VALUES ('505', '25', '25', 'Qui temporibus unde atque est omnis. Laborum libero quo voluptatem officia nesciunt minima impedit. Ea totam expedita dolores ut cupiditate.', '2010-03-27 19:44:19');
INSERT INTO `messages` (`id`, `from_user_id`, `to_user_id`, `body`, `created_at`) VALUES ('506', '26', '26', 'Laboriosam eos quos sint dolorem aperiam perspiciatis tempore. Numquam eos laborum voluptatum fuga sed. Molestiae nostrum maiores id sint. Ab ad consequatur quisquam ab eos voluptates beatae.', '1973-05-24 23:32:48');
INSERT INTO `messages` (`id`, `from_user_id`, `to_user_id`, `body`, `created_at`) VALUES ('507', '27', '27', 'Quisquam facere at quae placeat veniam. Odit exercitationem enim adipisci. Vel quas ex dolor nostrum voluptatem saepe. Qui et et veritatis est. Quas modi et assumenda nisi.', '2009-10-03 01:55:28');
INSERT INTO `messages` (`id`, `from_user_id`, `to_user_id`, `body`, `created_at`) VALUES ('508', '28', '28', 'Voluptas ut hic quo excepturi voluptatem eius voluptatem. Suscipit ut nisi eaque velit omnis. Est libero quidem mollitia non et qui numquam. Et iste vel tempore asperiores est.', '1994-06-28 00:57:42');
INSERT INTO `messages` (`id`, `from_user_id`, `to_user_id`, `body`, `created_at`) VALUES ('509', '29', '29', 'Autem sit sed consequatur blanditiis iure repellendus. Maxime et et debitis. Commodi atque omnis autem facere.', '2012-05-02 17:56:14');
INSERT INTO `messages` (`id`, `from_user_id`, `to_user_id`, `body`, `created_at`) VALUES ('510', '30', '30', 'Sit accusantium omnis quia quis in est. Est eius ut voluptates quos.', '2001-01-23 10:56:57');
INSERT INTO `messages` (`id`, `from_user_id`, `to_user_id`, `body`, `created_at`) VALUES ('511', '31', '31', 'Sed doloremque rem repudiandae voluptatem quae maxime architecto. Sint nihil hic iste sed. Quidem vitae qui reprehenderit asperiores enim quia consequatur. Quam nobis cumque doloremque quaerat possimus nihil aut a.', '2012-02-24 04:22:55');
INSERT INTO `messages` (`id`, `from_user_id`, `to_user_id`, `body`, `created_at`) VALUES ('512', '32', '32', 'Est iure omnis necessitatibus dolor amet numquam. Quo voluptates minima deserunt esse ullam non distinctio numquam. Hic laborum velit placeat vel culpa molestiae ullam. Et ex consequatur vel voluptas officia provident.', '1982-04-18 01:03:49');
INSERT INTO `messages` (`id`, `from_user_id`, `to_user_id`, `body`, `created_at`) VALUES ('513', '33', '33', 'Laborum et iure qui quidem. Rem vel beatae voluptate doloribus illo.', '1979-09-13 09:47:27');
INSERT INTO `messages` (`id`, `from_user_id`, `to_user_id`, `body`, `created_at`) VALUES ('514', '34', '34', 'Illo doloribus placeat deleniti ut. Rerum aut suscipit neque qui. Qui dolore in dolorum quo atque eveniet. Porro temporibus quos at qui soluta quis.', '1970-08-18 05:53:49');
INSERT INTO `messages` (`id`, `from_user_id`, `to_user_id`, `body`, `created_at`) VALUES ('515', '35', '35', 'Maiores officia quisquam quos odio. Iste et nulla quas a voluptatum non molestiae. Minus laborum est in labore doloremque. Veniam doloribus sint doloribus velit vel.', '1997-07-17 23:22:30');
INSERT INTO `messages` (`id`, `from_user_id`, `to_user_id`, `body`, `created_at`) VALUES ('516', '36', '36', 'Veritatis officiis consequatur est temporibus provident dolores ex. Tenetur et aliquid nihil optio dolor et.', '2017-09-14 02:07:46');
INSERT INTO `messages` (`id`, `from_user_id`, `to_user_id`, `body`, `created_at`) VALUES ('517', '37', '37', 'Quia aliquam exercitationem consequatur illum et ducimus. Dolorum assumenda fugit natus iusto. Possimus nam qui rem temporibus quam. Et quae occaecati optio occaecati voluptatem debitis rerum.', '2011-03-06 00:29:51');
INSERT INTO `messages` (`id`, `from_user_id`, `to_user_id`, `body`, `created_at`) VALUES ('518', '38', '38', 'Qui et rerum magnam. Eaque aut distinctio natus voluptatem. Itaque debitis et ad doloribus enim accusantium dolorem aut.', '1980-05-25 04:10:15');
INSERT INTO `messages` (`id`, `from_user_id`, `to_user_id`, `body`, `created_at`) VALUES ('519', '39', '39', 'Aut iusto dolorem pariatur dicta. Ducimus consequatur non repudiandae et beatae veritatis. Consequuntur debitis ullam iste. Repudiandae id deserunt qui repellendus porro accusamus alias necessitatibus.', '2017-01-27 02:26:35');
INSERT INTO `messages` (`id`, `from_user_id`, `to_user_id`, `body`, `created_at`) VALUES ('520', '40', '40', 'Commodi ducimus debitis consectetur accusamus officia. Beatae in similique in velit rerum. Aut fugiat ducimus dolores ut sequi officiis.', '2017-07-13 13:06:12');
INSERT INTO `messages` (`id`, `from_user_id`, `to_user_id`, `body`, `created_at`) VALUES ('521', '41', '41', 'Necessitatibus dicta sit voluptatem nisi repellendus est temporibus provident. Velit est ea perspiciatis doloribus.', '1991-03-27 00:05:28');
INSERT INTO `messages` (`id`, `from_user_id`, `to_user_id`, `body`, `created_at`) VALUES ('522', '42', '42', 'Possimus amet qui consequatur libero dolor voluptatem. Quis est quis dolor repellendus earum. Reiciendis enim tempora sed maxime. Quibusdam doloremque porro libero voluptatem eius.', '2007-09-27 00:40:09');
INSERT INTO `messages` (`id`, `from_user_id`, `to_user_id`, `body`, `created_at`) VALUES ('523', '43', '43', 'Sint non ex et sequi et dolorem. Iste illum atque possimus qui vel error nihil. Quod aperiam quae odio voluptatem optio omnis. Assumenda soluta voluptas labore illo.', '1996-01-18 10:15:09');
INSERT INTO `messages` (`id`, `from_user_id`, `to_user_id`, `body`, `created_at`) VALUES ('524', '44', '44', 'Ratione deleniti asperiores nobis eveniet. Qui tempora nobis molestias quia eveniet est aperiam ut. Vel nisi et blanditiis cum et autem architecto. Magnam maiores distinctio et ducimus tenetur.', '1972-10-01 07:03:50');
INSERT INTO `messages` (`id`, `from_user_id`, `to_user_id`, `body`, `created_at`) VALUES ('525', '45', '45', 'Officiis ipsum quia ipsam tempore aliquid quo. Odio adipisci libero quam commodi sit in. Rerum enim vitae minus laboriosam nesciunt suscipit. Incidunt ut fuga voluptatibus rem et architecto distinctio. Labore deleniti quo consequatur pariatur pariatur aspernatur.', '1974-06-05 20:10:31');
INSERT INTO `messages` (`id`, `from_user_id`, `to_user_id`, `body`, `created_at`) VALUES ('526', '46', '46', 'Delectus eos quisquam quis corporis quaerat repellendus. Repudiandae facere porro voluptas odio saepe aliquid culpa enim. Nemo ab voluptas tenetur iste. Consequatur consequuntur aliquam error distinctio veniam dolore animi. Voluptas est quis quam repellat harum et ad.', '2001-03-02 10:46:09');
INSERT INTO `messages` (`id`, `from_user_id`, `to_user_id`, `body`, `created_at`) VALUES ('527', '47', '47', 'Dolore qui ratione atque ratione. Earum est sint sunt nisi. Dolorem odit sapiente dolorem. Aliquam quaerat suscipit sunt. Corporis quos eum minima delectus consequatur ut in.', '1983-02-15 11:51:33');
INSERT INTO `messages` (`id`, `from_user_id`, `to_user_id`, `body`, `created_at`) VALUES ('528', '48', '48', 'Nihil cumque harum ut et illum quis. Quia eos asperiores quasi et. Quod in vel impedit repudiandae nam consequatur quas.', '2011-07-01 18:58:16');
INSERT INTO `messages` (`id`, `from_user_id`, `to_user_id`, `body`, `created_at`) VALUES ('529', '49', '49', 'Aut vel quia qui et libero cupiditate minus. Ratione enim culpa quos. Illum quasi et aut ut occaecati consequuntur aut. Rerum nihil molestias maxime veritatis et illo.', '2019-02-10 23:06:29');
INSERT INTO `messages` (`id`, `from_user_id`, `to_user_id`, `body`, `created_at`) VALUES ('530', '50', '50', 'Est est totam sed consequuntur deleniti debitis sit. Est ut enim corporis in. Aliquam libero quia aut odio et. Non expedita voluptatem ipsum voluptatibus molestias.', '1971-09-30 19:33:11');
INSERT INTO `messages` (`id`, `from_user_id`, `to_user_id`, `body`, `created_at`) VALUES ('531', '51', '51', 'Expedita possimus magni dolorum autem a. Asperiores quis tempore atque sit ut aliquid. Similique voluptatem pariatur optio sint labore deserunt.', '2006-02-18 09:53:50');
INSERT INTO `messages` (`id`, `from_user_id`, `to_user_id`, `body`, `created_at`) VALUES ('532', '52', '52', 'Nihil et quidem facere facere aut exercitationem. Odit vel et quia sint earum aut debitis. Ut aperiam non explicabo a nihil reiciendis vitae.', '1999-07-21 01:04:44');
INSERT INTO `messages` (`id`, `from_user_id`, `to_user_id`, `body`, `created_at`) VALUES ('533', '53', '53', 'Praesentium libero ad voluptatum quod. Molestiae consequatur reiciendis eligendi eaque adipisci tempora nobis. Vel aut repellendus doloremque animi rerum dolor asperiores. Dolore dolore sint vel repellendus corrupti.', '1985-08-29 03:40:13');
INSERT INTO `messages` (`id`, `from_user_id`, `to_user_id`, `body`, `created_at`) VALUES ('534', '54', '54', 'Eum ipsum nihil id dolores iure. Libero et aliquid dolorem accusantium ipsam dolore minus. Doloribus reprehenderit veritatis minus assumenda. Aliquid pariatur optio amet nihil.', '1976-07-19 02:12:38');
INSERT INTO `messages` (`id`, `from_user_id`, `to_user_id`, `body`, `created_at`) VALUES ('535', '55', '55', 'Earum vitae qui tempore fugit sunt voluptates. Et inventore laboriosam dolores sit architecto voluptatibus. Dolorem ea et dolorem minus quis sapiente.', '1982-04-14 13:25:31');
INSERT INTO `messages` (`id`, `from_user_id`, `to_user_id`, `body`, `created_at`) VALUES ('536', '56', '56', 'Inventore totam aut dolore ipsam adipisci enim numquam. Velit et nostrum officia maxime temporibus et. Quasi fugiat quo ullam autem debitis amet et. Qui debitis qui inventore voluptates corrupti.', '2012-04-27 07:40:57');
INSERT INTO `messages` (`id`, `from_user_id`, `to_user_id`, `body`, `created_at`) VALUES ('537', '57', '57', 'In ut ipsum sint porro dolorem ab tenetur atque. Natus quam sed vel sed sed quo ratione.', '1977-12-13 13:11:31');
INSERT INTO `messages` (`id`, `from_user_id`, `to_user_id`, `body`, `created_at`) VALUES ('538', '58', '58', 'Ipsam deserunt dolores corporis voluptatem odio id. Ullam illum cupiditate earum similique non autem.', '1979-02-05 22:06:21');
INSERT INTO `messages` (`id`, `from_user_id`, `to_user_id`, `body`, `created_at`) VALUES ('539', '59', '59', 'Aut accusamus eum harum doloribus. Aut repellendus laudantium aut facere reiciendis. Ut dicta repudiandae velit atque provident.', '1995-07-18 22:57:20');
INSERT INTO `messages` (`id`, `from_user_id`, `to_user_id`, `body`, `created_at`) VALUES ('540', '60', '60', 'Autem velit veniam eaque ipsum ut consectetur quo. Nulla provident odit rerum ut quasi aut rem. Enim qui possimus dolorem praesentium quisquam esse occaecati. Quaerat quo voluptas impedit nesciunt rerum mollitia praesentium facilis.', '1987-08-07 12:47:45');
INSERT INTO `messages` (`id`, `from_user_id`, `to_user_id`, `body`, `created_at`) VALUES ('541', '61', '61', 'Et ut libero consequuntur similique occaecati corporis. Sequi odio ex eius id recusandae soluta omnis eum. Commodi laudantium dolorem itaque itaque nam et. Ea excepturi officia autem ullam ducimus.', '1993-01-27 08:47:12');
INSERT INTO `messages` (`id`, `from_user_id`, `to_user_id`, `body`, `created_at`) VALUES ('542', '62', '62', 'Omnis consequatur inventore magnam dolor dolor facilis consequatur odio. Iure fugiat qui debitis quo ex minima omnis tenetur.', '1973-08-22 00:36:49');
INSERT INTO `messages` (`id`, `from_user_id`, `to_user_id`, `body`, `created_at`) VALUES ('543', '63', '63', 'Quas est eaque aut eveniet eligendi. Aut qui sed assumenda et perspiciatis. Quas ex sapiente voluptates provident dolorem. Odio eveniet consectetur delectus minus aut dolorem ipsam.', '1989-03-31 10:59:16');
INSERT INTO `messages` (`id`, `from_user_id`, `to_user_id`, `body`, `created_at`) VALUES ('544', '64', '64', 'Vitae rem facilis est illum aut voluptas hic. Distinctio accusamus consequuntur rerum corporis. Ut eos nostrum quas tenetur unde ducimus numquam.', '1984-02-07 03:47:19');
INSERT INTO `messages` (`id`, `from_user_id`, `to_user_id`, `body`, `created_at`) VALUES ('545', '65', '65', 'Et dolorum aspernatur facere cumque est et omnis. At aliquid quia sint. In quos nulla consequatur quisquam neque iusto. Ipsum voluptate et officiis rerum ut.', '2016-12-09 18:31:37');
INSERT INTO `messages` (`id`, `from_user_id`, `to_user_id`, `body`, `created_at`) VALUES ('546', '66', '66', 'Temporibus cupiditate natus delectus neque. Optio nobis aut enim itaque non possimus. Laboriosam similique dolor beatae error voluptatem. Officiis beatae inventore nihil.', '2001-03-08 06:53:43');
INSERT INTO `messages` (`id`, `from_user_id`, `to_user_id`, `body`, `created_at`) VALUES ('547', '67', '67', 'Placeat incidunt at sequi labore. Repellendus facilis et et et cumque. Harum magni odit qui deserunt magnam soluta blanditiis.', '1996-03-29 07:40:13');
INSERT INTO `messages` (`id`, `from_user_id`, `to_user_id`, `body`, `created_at`) VALUES ('548', '68', '68', 'Nesciunt nam dolores ab qui iste eveniet earum. Et aspernatur facilis voluptatem eum omnis. Et sunt exercitationem dolore quod molestias.', '2016-06-28 12:10:35');
INSERT INTO `messages` (`id`, `from_user_id`, `to_user_id`, `body`, `created_at`) VALUES ('549', '69', '69', 'Aut ex deleniti omnis illum. Dignissimos et qui impedit quasi. Et praesentium expedita quod. In aut ducimus et unde in quas.', '2015-04-13 11:54:42');
INSERT INTO `messages` (`id`, `from_user_id`, `to_user_id`, `body`, `created_at`) VALUES ('550', '70', '70', 'Eum inventore dolores quaerat ducimus corporis nostrum et consequatur. Quisquam possimus enim accusamus omnis omnis quo. Autem quis nihil et earum enim.', '1996-09-25 20:09:01');
INSERT INTO `messages` (`id`, `from_user_id`, `to_user_id`, `body`, `created_at`) VALUES ('551', '71', '71', 'Eligendi voluptatum perspiciatis quia. Labore reprehenderit ut nostrum suscipit qui voluptas sit. Rerum expedita officia dicta. Voluptas nihil eum enim alias sint natus recusandae.', '1990-10-13 13:07:58');
INSERT INTO `messages` (`id`, `from_user_id`, `to_user_id`, `body`, `created_at`) VALUES ('552', '72', '72', 'Ut alias dolorem voluptatem aliquam atque sint sed ut. Nostrum dolores earum voluptates eaque quis officiis. Perspiciatis sapiente est ea odio aut.', '1993-10-09 01:59:36');
INSERT INTO `messages` (`id`, `from_user_id`, `to_user_id`, `body`, `created_at`) VALUES ('553', '73', '73', 'Non dolorum iste aut ut ex ut. Voluptas labore non voluptatem quaerat quisquam molestiae. Tempore qui amet quia debitis.', '1987-05-31 23:54:39');
INSERT INTO `messages` (`id`, `from_user_id`, `to_user_id`, `body`, `created_at`) VALUES ('554', '74', '74', 'Consequatur excepturi exercitationem eum soluta ipsum qui. Cumque fugiat tempora officia natus recusandae minima. Expedita consequatur explicabo quisquam numquam. Aut asperiores est atque labore eum est sit.', '1979-01-09 11:34:38');
INSERT INTO `messages` (`id`, `from_user_id`, `to_user_id`, `body`, `created_at`) VALUES ('555', '75', '75', 'Nam nostrum eos eum officiis ipsa nesciunt modi. Dolores facilis dolore vitae quam doloribus.', '2018-11-25 14:01:56');
INSERT INTO `messages` (`id`, `from_user_id`, `to_user_id`, `body`, `created_at`) VALUES ('556', '76', '76', 'Asperiores ut aspernatur enim optio tempore voluptatem error. Veritatis laborum impedit pariatur aut tempora eius. Molestiae quia sed fugit ea rerum.', '1980-07-22 01:29:14');
INSERT INTO `messages` (`id`, `from_user_id`, `to_user_id`, `body`, `created_at`) VALUES ('557', '77', '77', 'Velit expedita nesciunt qui possimus dolorum. Perspiciatis unde deserunt quae veniam. Impedit tenetur doloremque deleniti aut quod doloribus. Est reprehenderit vel commodi voluptas velit.', '2016-08-01 07:00:22');
INSERT INTO `messages` (`id`, `from_user_id`, `to_user_id`, `body`, `created_at`) VALUES ('558', '78', '78', 'Ut asperiores quo magni tempore enim dolores. Velit sed saepe facere est. Accusantium repellat optio rem et facere adipisci.', '1987-02-21 21:36:33');
INSERT INTO `messages` (`id`, `from_user_id`, `to_user_id`, `body`, `created_at`) VALUES ('559', '79', '79', 'Fugit voluptatum eos iusto quis corrupti aperiam consequatur. Expedita laudantium porro aspernatur. Voluptatem dolorem occaecati praesentium ab.', '1970-09-02 11:44:40');
INSERT INTO `messages` (`id`, `from_user_id`, `to_user_id`, `body`, `created_at`) VALUES ('560', '80', '80', 'Dolor corporis quas distinctio fuga ut. Neque qui consequatur possimus. Et corrupti ut et labore ad voluptatem recusandae. Deserunt ut aut aspernatur voluptate temporibus possimus et.', '2006-02-02 10:10:52');
INSERT INTO `messages` (`id`, `from_user_id`, `to_user_id`, `body`, `created_at`) VALUES ('561', '81', '81', 'Et autem amet id enim. Iure et cupiditate ut est nobis nemo tempore aut. Beatae doloribus corrupti mollitia modi unde corrupti. Possimus a aperiam quaerat ea et et a. Ipsam exercitationem nesciunt provident at et consequatur.', '2004-12-01 00:22:23');
INSERT INTO `messages` (`id`, `from_user_id`, `to_user_id`, `body`, `created_at`) VALUES ('562', '82', '82', 'Ut veritatis molestias consequuntur asperiores dicta quo sunt corporis. Veritatis voluptate architecto quasi sed nemo. Et voluptas nisi veritatis iusto provident odit.', '1985-10-15 18:24:59');
INSERT INTO `messages` (`id`, `from_user_id`, `to_user_id`, `body`, `created_at`) VALUES ('563', '83', '83', 'Ipsa corporis provident voluptas suscipit velit. Voluptatem quod eveniet sed adipisci voluptas ad excepturi.', '2015-04-27 00:02:01');
INSERT INTO `messages` (`id`, `from_user_id`, `to_user_id`, `body`, `created_at`) VALUES ('564', '84', '84', 'Dolores non deleniti explicabo totam ad ut unde. Magnam aut deserunt quaerat esse id nulla ut. Ut eius reiciendis veniam voluptates porro qui nobis recusandae.', '2010-02-16 00:30:30');
INSERT INTO `messages` (`id`, `from_user_id`, `to_user_id`, `body`, `created_at`) VALUES ('565', '85', '85', 'Nemo dolores sed eos tempore aut itaque. Optio aut eveniet et itaque est iste illum. Non numquam incidunt atque adipisci sit. Voluptatem consequatur officiis beatae ab.', '2014-02-25 04:18:05');
INSERT INTO `messages` (`id`, `from_user_id`, `to_user_id`, `body`, `created_at`) VALUES ('566', '86', '86', 'Sunt expedita itaque voluptate quis facilis ut eligendi. Eos sit eos exercitationem eos cum. Aut ad exercitationem occaecati provident sit quaerat quisquam.', '1987-04-10 15:13:10');
INSERT INTO `messages` (`id`, `from_user_id`, `to_user_id`, `body`, `created_at`) VALUES ('567', '87', '87', 'Laborum praesentium ducimus quae quod nam aperiam. Molestiae minima et dignissimos fugit quia vitae qui consequatur. Sed ipsum molestiae maxime.', '1978-09-08 03:04:51');
INSERT INTO `messages` (`id`, `from_user_id`, `to_user_id`, `body`, `created_at`) VALUES ('568', '88', '88', 'Corrupti eaque ducimus dignissimos aut adipisci tempora. Voluptas ut voluptatem maxime dolore. Et molestiae sint minima. At eaque quidem ipsam occaecati ex.', '2008-06-28 22:19:03');
INSERT INTO `messages` (`id`, `from_user_id`, `to_user_id`, `body`, `created_at`) VALUES ('569', '89', '89', 'At ut aut nihil illo provident non aut. Distinctio est sed eius velit.', '2009-03-31 04:54:00');
INSERT INTO `messages` (`id`, `from_user_id`, `to_user_id`, `body`, `created_at`) VALUES ('570', '90', '90', 'Et placeat tempora possimus a iure quibusdam. Magni et officiis officiis quia officiis ut aperiam. Dolor qui optio quas eos sed occaecati molestias similique.', '1996-09-17 06:57:23');
INSERT INTO `messages` (`id`, `from_user_id`, `to_user_id`, `body`, `created_at`) VALUES ('571', '91', '91', 'Sed omnis recusandae veritatis dolor natus tempora illo. Mollitia iste aliquid quas soluta quisquam sit repellendus repellat. Autem maxime aut quia expedita ut occaecati debitis minima.', '2008-08-30 05:00:05');
INSERT INTO `messages` (`id`, `from_user_id`, `to_user_id`, `body`, `created_at`) VALUES ('572', '92', '92', 'Saepe rerum et possimus et explicabo. Temporibus saepe repellendus sunt asperiores deserunt sit nemo odio. Ut aut ut iste sed cumque praesentium.', '1972-11-09 14:34:56');
INSERT INTO `messages` (`id`, `from_user_id`, `to_user_id`, `body`, `created_at`) VALUES ('573', '93', '93', 'Dolorum consequatur nulla praesentium et est adipisci eaque. Ullam totam error magnam dignissimos. Qui culpa dolorem dolores error aut.', '2005-11-17 17:56:55');
INSERT INTO `messages` (`id`, `from_user_id`, `to_user_id`, `body`, `created_at`) VALUES ('574', '94', '94', 'Magni dolores voluptatem numquam nemo officiis eligendi similique. Ipsa laboriosam fuga fuga earum pariatur est autem. Molestiae vel aut mollitia distinctio esse. Quia placeat rerum magni in itaque et.', '1971-05-01 13:47:23');
INSERT INTO `messages` (`id`, `from_user_id`, `to_user_id`, `body`, `created_at`) VALUES ('575', '95', '95', 'Voluptatum placeat consequatur soluta quia. Sunt ducimus id eum. Laudantium ea qui recusandae totam rerum nihil.', '2012-11-26 21:58:10');
INSERT INTO `messages` (`id`, `from_user_id`, `to_user_id`, `body`, `created_at`) VALUES ('576', '96', '96', 'Libero officia vel a non assumenda. Voluptatem ipsa doloremque voluptas. Sapiente delectus rerum debitis omnis. Et quas omnis incidunt consequatur aut et.', '2004-06-03 04:19:12');
INSERT INTO `messages` (`id`, `from_user_id`, `to_user_id`, `body`, `created_at`) VALUES ('577', '97', '97', 'Officiis ipsa a illum similique cupiditate nihil labore. Et neque alias cupiditate quod adipisci qui quia. Voluptas eos quisquam soluta eius.', '2012-11-16 17:37:36');
INSERT INTO `messages` (`id`, `from_user_id`, `to_user_id`, `body`, `created_at`) VALUES ('578', '98', '98', 'Eos voluptas quaerat esse deserunt. Molestiae aut maxime voluptatem animi facilis beatae dolor quam. Eius enim assumenda voluptas officiis eaque aliquid.', '2003-03-03 17:13:19');
INSERT INTO `messages` (`id`, `from_user_id`, `to_user_id`, `body`, `created_at`) VALUES ('579', '99', '99', 'Qui doloremque perspiciatis architecto eum omnis ut aut deserunt. Corrupti dignissimos tempora vero similique laborum dignissimos et autem. Aliquid veniam magni repellendus dolorem. Nulla similique et sequi quia adipisci nemo rerum voluptatem.', '1974-11-15 12:20:57');
INSERT INTO `messages` (`id`, `from_user_id`, `to_user_id`, `body`, `created_at`) VALUES ('580', '100', '100', 'Quo placeat veritatis repellat iure corporis sed. Sed dolor reiciendis alias nihil eligendi facilis. Expedita et et repudiandae inventore aut nisi non. Non iste quisquam praesentium itaque totam tenetur.', '1997-10-05 10:25:24');
INSERT INTO `messages` (`id`, `from_user_id`, `to_user_id`, `body`, `created_at`) VALUES ('581', '101', '101', 'Dolorem voluptatem recusandae libero et quis. Tempora beatae nesciunt omnis sed est animi voluptatem. Ratione quia ducimus qui voluptatem fuga dolor officia facilis.', '2001-01-10 23:38:20');
INSERT INTO `messages` (`id`, `from_user_id`, `to_user_id`, `body`, `created_at`) VALUES ('582', '102', '102', 'Modi laboriosam voluptatem officiis maiores id cupiditate. Omnis deleniti nesciunt alias. Est quasi in rerum repudiandae hic pariatur dolor rerum.', '2001-12-24 10:46:26');
INSERT INTO `messages` (`id`, `from_user_id`, `to_user_id`, `body`, `created_at`) VALUES ('583', '103', '103', 'Et et ducimus sit dolorem expedita ea. Ea ullam harum reiciendis deleniti. Quis beatae qui fuga aut voluptas est quod. Blanditiis nobis ut quia totam dolorem quia eligendi.', '1984-06-09 13:35:46');
INSERT INTO `messages` (`id`, `from_user_id`, `to_user_id`, `body`, `created_at`) VALUES ('584', '104', '104', 'Eos ullam ad atque exercitationem magnam vitae. Ad quo veritatis veniam tempora. In provident temporibus dicta optio incidunt accusamus error quos. Dolorem qui voluptas fugiat quasi.', '1972-02-15 16:37:12');
INSERT INTO `messages` (`id`, `from_user_id`, `to_user_id`, `body`, `created_at`) VALUES ('585', '105', '105', 'Dolorem itaque nihil ut exercitationem incidunt error. Culpa ut consequatur vel ducimus dicta in. Dolorum perspiciatis aut reprehenderit enim. Officiis minus et odit quae neque omnis accusantium.', '1976-05-06 13:18:13');
INSERT INTO `messages` (`id`, `from_user_id`, `to_user_id`, `body`, `created_at`) VALUES ('586', '106', '106', 'Et ipsa et quibusdam ut. Voluptatem alias eveniet possimus id tenetur est natus. Omnis et dolor minus optio et aliquam. Fugit et odio iure perferendis aut perferendis quam.', '2007-11-08 05:29:09');
INSERT INTO `messages` (`id`, `from_user_id`, `to_user_id`, `body`, `created_at`) VALUES ('587', '107', '107', 'Sequi nulla nihil qui ipsum. Quod totam et autem aspernatur vitae in ipsam laborum.', '1972-02-18 07:43:17');
INSERT INTO `messages` (`id`, `from_user_id`, `to_user_id`, `body`, `created_at`) VALUES ('588', '108', '108', 'Enim a qui sit incidunt cum optio. Laudantium expedita beatae dolorem fugit et animi. Praesentium in explicabo quas ut nesciunt asperiores. Exercitationem nam cumque a.', '2004-09-03 03:39:39');
INSERT INTO `messages` (`id`, `from_user_id`, `to_user_id`, `body`, `created_at`) VALUES ('589', '109', '109', 'Rem aliquam distinctio ipsam libero non. Voluptate id consequatur ea quo qui. Consequatur error illo dolorem amet.', '2005-12-13 00:56:07');
INSERT INTO `messages` (`id`, `from_user_id`, `to_user_id`, `body`, `created_at`) VALUES ('590', '110', '110', 'Molestiae cumque error voluptates est voluptatem voluptate amet. Quis inventore et laboriosam sunt vitae rerum aliquam iusto. Quam est quia omnis. Nisi et odio corporis tenetur voluptatem.', '2018-06-24 03:47:36');
INSERT INTO `messages` (`id`, `from_user_id`, `to_user_id`, `body`, `created_at`) VALUES ('591', '111', '111', 'Laboriosam non harum eum nihil. Molestias natus laborum consequuntur.', '1997-01-01 08:14:49');
INSERT INTO `messages` (`id`, `from_user_id`, `to_user_id`, `body`, `created_at`) VALUES ('592', '112', '112', 'Qui consequuntur quia nihil temporibus. Sequi qui commodi et quo sit voluptatibus. Reiciendis nihil perspiciatis non rem dolores minus fugit.', '2007-01-05 09:24:49');
INSERT INTO `messages` (`id`, `from_user_id`, `to_user_id`, `body`, `created_at`) VALUES ('593', '113', '113', 'Porro accusantium inventore unde officia et porro eveniet. Itaque quia sunt quas ipsa in excepturi. Cumque maxime facere modi aut corrupti. Molestiae quo exercitationem deserunt perspiciatis ut in. Culpa placeat et perspiciatis fugiat est sequi.', '1993-06-16 00:58:16');
INSERT INTO `messages` (`id`, `from_user_id`, `to_user_id`, `body`, `created_at`) VALUES ('594', '114', '114', 'Est animi dolorem minima delectus. A praesentium molestiae consectetur quae suscipit. Eaque et ipsum mollitia. Ut consequatur non cum fugit voluptas. Ad iure ut sapiente laborum.', '1994-09-03 15:28:58');
INSERT INTO `messages` (`id`, `from_user_id`, `to_user_id`, `body`, `created_at`) VALUES ('595', '115', '115', 'Necessitatibus harum facilis fugit non pariatur. Ex totam accusantium eos dolorem tempore. Deleniti sit quae reiciendis veritatis qui. Aspernatur optio molestias sint nam culpa.', '2007-03-02 13:49:16');
INSERT INTO `messages` (`id`, `from_user_id`, `to_user_id`, `body`, `created_at`) VALUES ('596', '116', '116', 'Et accusantium omnis aut voluptatem. Quo accusantium sit illo libero aut fuga quia. Nisi eos quia natus reiciendis id totam. Velit eius quod quo temporibus.', '1978-05-21 07:19:22');
INSERT INTO `messages` (`id`, `from_user_id`, `to_user_id`, `body`, `created_at`) VALUES ('597', '117', '117', 'Neque excepturi error sed porro aliquam eligendi cupiditate a. Cum laudantium et quam repellat. Vel eum eum ea cumque soluta veritatis fugiat ab. Voluptas vel deleniti sit impedit velit dolorem fugiat. Odio rem earum beatae praesentium.', '2005-03-30 17:44:30');
INSERT INTO `messages` (`id`, `from_user_id`, `to_user_id`, `body`, `created_at`) VALUES ('598', '118', '118', 'Ad error numquam facere omnis quidem. Distinctio non omnis magni adipisci architecto esse. Laboriosam sed magnam in.', '1998-02-16 02:46:46');
INSERT INTO `messages` (`id`, `from_user_id`, `to_user_id`, `body`, `created_at`) VALUES ('599', '119', '119', 'Non laudantium nobis tempora illum voluptatem. Harum veritatis corporis repudiandae quibusdam. Et qui sapiente ut distinctio praesentium laudantium nemo. Itaque autem harum voluptatem at tenetur commodi non.', '1977-04-26 22:35:27');
INSERT INTO `messages` (`id`, `from_user_id`, `to_user_id`, `body`, `created_at`) VALUES ('600', '120', '120', 'Nam voluptatibus qui natus excepturi voluptas et aliquid. Ipsam eligendi vel incidunt amet est repellendus. Quos illo qui quidem. Eligendi esse perferendis dicta repudiandae unde ex nisi.', '1991-04-28 06:55:14');
INSERT INTO `messages` (`id`, `from_user_id`, `to_user_id`, `body`, `created_at`) VALUES ('601', '1', '1', 'Ducimus nobis qui et omnis et quidem. A hic voluptatem voluptatem doloremque provident. Ut magnam atque et repellat autem velit aspernatur. Itaque est debitis laboriosam blanditiis suscipit quia.', '1988-08-01 20:01:54');
INSERT INTO `messages` (`id`, `from_user_id`, `to_user_id`, `body`, `created_at`) VALUES ('602', '2', '2', 'Veritatis enim corrupti deserunt. Deleniti magnam cupiditate laborum quam minus velit quo iste. Odit eveniet dolorum hic itaque magnam vel. Corporis in vero voluptatibus quia.', '2010-11-23 01:58:25');
INSERT INTO `messages` (`id`, `from_user_id`, `to_user_id`, `body`, `created_at`) VALUES ('603', '3', '3', 'Provident est et sint eum. Incidunt fugiat quo vel incidunt incidunt. Odit ut id voluptatum accusamus maiores architecto.', '2018-09-10 15:29:56');
INSERT INTO `messages` (`id`, `from_user_id`, `to_user_id`, `body`, `created_at`) VALUES ('604', '4', '4', 'Autem officiis id quam aperiam. Vitae est quibusdam libero porro qui beatae iusto nisi. Quos eum dolores omnis ea eos impedit reiciendis officiis. Cum ut voluptas occaecati qui sint.', '2003-04-26 02:15:28');
INSERT INTO `messages` (`id`, `from_user_id`, `to_user_id`, `body`, `created_at`) VALUES ('605', '5', '5', 'Quisquam incidunt excepturi cum magni. Repudiandae unde debitis et reprehenderit sapiente delectus. Amet magni et quis non fugit doloribus.', '2014-04-10 07:41:56');
INSERT INTO `messages` (`id`, `from_user_id`, `to_user_id`, `body`, `created_at`) VALUES ('606', '6', '6', 'Fugit qui incidunt enim et. Dolorum occaecati placeat dolorem rem vero dolor. Fuga saepe quo dolore in unde. Debitis repellat ipsa ea accusantium sint dolorem et.', '1999-12-23 23:05:27');
INSERT INTO `messages` (`id`, `from_user_id`, `to_user_id`, `body`, `created_at`) VALUES ('607', '7', '7', 'Tempore similique excepturi consectetur magni fugiat sed possimus ut. Est saepe saepe iusto quis provident. Suscipit corporis eum et placeat saepe odio dolores esse. Iusto et et commodi.', '1993-07-02 01:02:46');
INSERT INTO `messages` (`id`, `from_user_id`, `to_user_id`, `body`, `created_at`) VALUES ('608', '8', '8', 'Velit ipsam blanditiis nostrum qui et. Cupiditate dolor optio quis dolor iure. Dolore dolorem iste autem commodi quaerat non eum.', '1998-09-23 18:16:43');
INSERT INTO `messages` (`id`, `from_user_id`, `to_user_id`, `body`, `created_at`) VALUES ('609', '9', '9', 'Nobis sunt cumque eum vel atque. Accusamus mollitia tenetur natus quis dolores. Rerum voluptate necessitatibus accusamus voluptatem.', '2013-04-10 08:41:57');
INSERT INTO `messages` (`id`, `from_user_id`, `to_user_id`, `body`, `created_at`) VALUES ('610', '10', '10', 'Sit ad voluptas quis ea magnam. Accusantium eveniet eum nobis maiores. Soluta ea consectetur aut quo fuga ut. Ut qui et nobis non laboriosam qui assumenda.', '2002-03-10 23:17:52');
INSERT INTO `messages` (`id`, `from_user_id`, `to_user_id`, `body`, `created_at`) VALUES ('611', '11', '11', 'Cumque adipisci tenetur doloremque et. Labore ut molestias in amet ab facilis consequuntur odit.', '1975-06-16 21:42:27');
INSERT INTO `messages` (`id`, `from_user_id`, `to_user_id`, `body`, `created_at`) VALUES ('612', '12', '12', 'Numquam eos nihil voluptatem repellat soluta. Explicabo asperiores saepe perspiciatis.', '1999-08-09 21:12:24');
INSERT INTO `messages` (`id`, `from_user_id`, `to_user_id`, `body`, `created_at`) VALUES ('613', '13', '13', 'Nobis tempore exercitationem sunt ullam. Tempora blanditiis recusandae nobis in error. Enim et quis natus consectetur molestias.', '1989-02-24 17:02:09');
INSERT INTO `messages` (`id`, `from_user_id`, `to_user_id`, `body`, `created_at`) VALUES ('614', '14', '14', 'Alias est est ipsam animi eum qui quia corporis. Harum ut nihil accusamus magnam dolorum tempore quia. Voluptates deleniti facere aut architecto. Ex tenetur sint quibusdam quibusdam porro molestiae est.', '1992-12-24 16:49:56');
INSERT INTO `messages` (`id`, `from_user_id`, `to_user_id`, `body`, `created_at`) VALUES ('615', '15', '15', 'Dicta eum similique ullam beatae aut. Excepturi nulla reiciendis quia accusamus quam corrupti. Dolorem qui quod soluta nostrum accusamus perspiciatis voluptatem suscipit. Exercitationem illum quia optio illum.', '2008-07-28 01:47:43');
INSERT INTO `messages` (`id`, `from_user_id`, `to_user_id`, `body`, `created_at`) VALUES ('616', '16', '16', 'Iusto molestias asperiores exercitationem sapiente aliquid. Doloremque repudiandae dolore sed ea quisquam. Eos esse sint quia ipsam maxime.', '1971-08-05 23:54:46');
INSERT INTO `messages` (`id`, `from_user_id`, `to_user_id`, `body`, `created_at`) VALUES ('617', '17', '17', 'Voluptatem quidem maxime voluptas nobis est. Quam sit explicabo commodi quaerat. Tenetur et et quas.', '2014-06-23 12:28:01');
INSERT INTO `messages` (`id`, `from_user_id`, `to_user_id`, `body`, `created_at`) VALUES ('618', '18', '18', 'Sunt et et aliquid maxime quasi culpa. Corrupti dolor ullam ullam a doloremque beatae qui voluptas. Consequatur praesentium dicta eligendi expedita. Fugiat dolorum aliquam deserunt maxime.', '1998-08-26 08:53:31');
INSERT INTO `messages` (`id`, `from_user_id`, `to_user_id`, `body`, `created_at`) VALUES ('619', '19', '19', 'Et corrupti fugiat tempora atque molestias quae. Similique sit ipsam corporis facilis voluptate rem. Reprehenderit laborum nam nam neque doloribus velit voluptatem repellendus. Molestiae rerum impedit excepturi dolor rerum.', '1974-04-09 23:30:30');
INSERT INTO `messages` (`id`, `from_user_id`, `to_user_id`, `body`, `created_at`) VALUES ('620', '20', '20', 'Fugit molestiae quae et corrupti hic qui deleniti. Asperiores neque libero minima molestias. At at maxime saepe a dolores fugiat ut consequatur. Voluptate et architecto aliquid quisquam fugiat. Illum in voluptatibus voluptatibus ea enim.', '2000-05-14 21:37:09');
INSERT INTO `messages` (`id`, `from_user_id`, `to_user_id`, `body`, `created_at`) VALUES ('621', '21', '21', 'Velit voluptatem illum id. Voluptatem aut culpa quis. Itaque iste iste aut consequuntur voluptas temporibus.', '1972-05-08 17:55:36');
INSERT INTO `messages` (`id`, `from_user_id`, `to_user_id`, `body`, `created_at`) VALUES ('622', '22', '22', 'Qui nihil voluptatem et excepturi consequatur a qui dolore. Voluptatem laboriosam veniam iste ducimus asperiores. At tenetur fugiat est natus. Sapiente cum ipsam eos voluptas est. Voluptatibus et et corrupti sint.', '1985-10-15 04:13:41');
INSERT INTO `messages` (`id`, `from_user_id`, `to_user_id`, `body`, `created_at`) VALUES ('623', '23', '23', 'Sed ea saepe animi tempora. Exercitationem saepe iste eum nesciunt voluptate mollitia consequatur. Quia reprehenderit est et minima corporis. Quia eveniet et at enim soluta.', '1995-12-09 19:18:40');
INSERT INTO `messages` (`id`, `from_user_id`, `to_user_id`, `body`, `created_at`) VALUES ('624', '24', '24', 'Ea magni ut nisi. Voluptate quos repudiandae pariatur est voluptatem. Ut autem corrupti eligendi reprehenderit.', '2012-01-21 12:29:47');
INSERT INTO `messages` (`id`, `from_user_id`, `to_user_id`, `body`, `created_at`) VALUES ('625', '25', '25', 'Accusamus nemo id quis adipisci in. Aliquam vitae delectus nostrum. Officia possimus est ratione eos id.', '2017-12-24 19:45:19');
INSERT INTO `messages` (`id`, `from_user_id`, `to_user_id`, `body`, `created_at`) VALUES ('626', '26', '26', 'Eligendi soluta eveniet dignissimos cupiditate in dolorem rerum. Non et est dolorem voluptatem doloremque et suscipit. Earum modi molestiae dolor atque illo nobis.', '2016-10-20 13:21:27');
INSERT INTO `messages` (`id`, `from_user_id`, `to_user_id`, `body`, `created_at`) VALUES ('627', '27', '27', 'Aliquam possimus aut praesentium rerum. Dicta et sint sint necessitatibus porro. Debitis eum eaque magnam.', '1977-01-10 12:04:45');
INSERT INTO `messages` (`id`, `from_user_id`, `to_user_id`, `body`, `created_at`) VALUES ('628', '28', '28', 'Ut facilis consequuntur expedita repellendus officiis atque reprehenderit. Velit quas qui tenetur iusto qui deserunt. Fugiat consequuntur officia consequatur ut sequi et.', '1999-10-15 06:11:50');
INSERT INTO `messages` (`id`, `from_user_id`, `to_user_id`, `body`, `created_at`) VALUES ('629', '29', '29', 'Quasi cum consequatur autem voluptatem. Sit possimus et laudantium ut et quia. Placeat voluptas ullam et dolores in voluptatem. Earum libero corrupti sunt quibusdam eveniet.', '1979-10-17 22:51:15');
INSERT INTO `messages` (`id`, `from_user_id`, `to_user_id`, `body`, `created_at`) VALUES ('630', '30', '30', 'Enim ut reprehenderit repellendus. Beatae repudiandae quibusdam laborum quod ducimus corporis quia. Mollitia voluptatibus natus quia nihil. Ut voluptatem culpa quaerat minima id. Fugit sequi inventore eaque sed ea.', '1998-08-23 18:53:22');
INSERT INTO `messages` (`id`, `from_user_id`, `to_user_id`, `body`, `created_at`) VALUES ('631', '31', '31', 'Maxime repellendus autem qui accusantium adipisci. Qui voluptas ea omnis dolor laborum placeat. Sequi consectetur nihil cum est voluptates quidem. Sed aut dignissimos tempore fuga quis ullam nulla.', '2018-07-28 12:25:44');
INSERT INTO `messages` (`id`, `from_user_id`, `to_user_id`, `body`, `created_at`) VALUES ('632', '32', '32', 'Ut sit maxime reprehenderit aut natus ea sit. At sunt repellat vel eum ut possimus qui commodi. Cumque vel aut commodi possimus. Voluptas possimus aut atque qui ad.', '1977-04-14 03:36:01');
INSERT INTO `messages` (`id`, `from_user_id`, `to_user_id`, `body`, `created_at`) VALUES ('633', '33', '33', 'Porro quisquam et ipsam neque omnis dolor voluptatem. Quo aliquid accusantium rerum esse voluptatem. Mollitia porro nihil ea et. Doloremque aut rerum ex odit.', '2000-12-19 01:20:07');
INSERT INTO `messages` (`id`, `from_user_id`, `to_user_id`, `body`, `created_at`) VALUES ('634', '34', '34', 'Ad quam nesciunt aut officiis hic quidem optio. Eum quia facere quia iste. Ut qui quia quia iste vitae ducimus. Soluta qui modi et veritatis tenetur adipisci ex.', '2014-09-17 01:38:13');
INSERT INTO `messages` (`id`, `from_user_id`, `to_user_id`, `body`, `created_at`) VALUES ('635', '35', '35', 'Quo nostrum et et quae odio nesciunt. Autem voluptatem maiores deserunt quae atque. Laboriosam et quos cupiditate voluptatem labore.', '2013-03-11 08:27:16');
INSERT INTO `messages` (`id`, `from_user_id`, `to_user_id`, `body`, `created_at`) VALUES ('636', '36', '36', 'Sed aliquam error temporibus porro voluptatibus. Corporis quidem dolores in aut. Aspernatur soluta quia totam quidem nulla. Veritatis debitis occaecati enim consequatur.', '1999-02-10 03:39:39');
INSERT INTO `messages` (`id`, `from_user_id`, `to_user_id`, `body`, `created_at`) VALUES ('637', '37', '37', 'Ipsa debitis dicta aspernatur repellat quos voluptas occaecati. Est architecto et qui natus et autem omnis itaque. Sunt sed sed ipsam consectetur.', '2018-01-10 21:20:15');
INSERT INTO `messages` (`id`, `from_user_id`, `to_user_id`, `body`, `created_at`) VALUES ('638', '38', '38', 'Ut ut deleniti aut ab cum sint ut. Asperiores dolores fugit consequatur nostrum. Iusto corporis reiciendis et.', '1991-09-24 16:06:27');
INSERT INTO `messages` (`id`, `from_user_id`, `to_user_id`, `body`, `created_at`) VALUES ('639', '39', '39', 'Ut ut nesciunt iure ut perspiciatis accusamus. Deleniti accusamus similique beatae qui veniam hic sint. Quam expedita porro deserunt ea fuga.', '2006-06-09 11:17:11');
INSERT INTO `messages` (`id`, `from_user_id`, `to_user_id`, `body`, `created_at`) VALUES ('640', '40', '40', 'Fugit in aut ab ut atque. Perspiciatis ipsum sapiente pariatur optio labore ut provident. At rerum labore ad maiores natus cumque.', '1975-07-13 09:26:35');
INSERT INTO `messages` (`id`, `from_user_id`, `to_user_id`, `body`, `created_at`) VALUES ('641', '41', '41', 'Molestiae eos architecto sit iste ut. Sequi tempore tempore voluptatem repellendus possimus. Laudantium officia doloribus aliquid dignissimos et aut incidunt dolor.', '2018-02-28 20:40:49');
INSERT INTO `messages` (`id`, `from_user_id`, `to_user_id`, `body`, `created_at`) VALUES ('642', '42', '42', 'Nemo ea soluta maiores molestiae ea modi nostrum earum. Deserunt enim sed laudantium recusandae et dolores atque. Quas natus voluptates voluptas fugiat inventore enim.', '2007-12-24 21:48:52');
INSERT INTO `messages` (`id`, `from_user_id`, `to_user_id`, `body`, `created_at`) VALUES ('643', '43', '43', 'Itaque et neque dolore voluptatem. Sit eveniet expedita repellendus qui hic. Necessitatibus animi itaque id inventore eaque nisi.', '1976-04-09 02:09:28');
INSERT INTO `messages` (`id`, `from_user_id`, `to_user_id`, `body`, `created_at`) VALUES ('644', '44', '44', 'Et et praesentium veniam. Unde consequuntur non minus doloremque sit. Tenetur magnam qui quod laudantium facilis. Inventore quod reiciendis et maiores eaque.', '2004-07-07 00:34:25');
INSERT INTO `messages` (`id`, `from_user_id`, `to_user_id`, `body`, `created_at`) VALUES ('645', '45', '45', 'Sit sit soluta quae facilis assumenda facere aliquid. Aut ducimus laborum ipsa est ex magni. Sed repudiandae officia harum aperiam.', '2017-01-18 17:19:32');
INSERT INTO `messages` (`id`, `from_user_id`, `to_user_id`, `body`, `created_at`) VALUES ('646', '46', '46', 'Blanditiis dignissimos vel tempore. Alias reiciendis amet consequatur est qui. Nemo enim repudiandae qui.', '1990-04-30 21:17:07');
INSERT INTO `messages` (`id`, `from_user_id`, `to_user_id`, `body`, `created_at`) VALUES ('647', '47', '47', 'Eveniet qui laudantium qui inventore architecto sit occaecati. Quas et error vel rerum aut voluptatum qui voluptas. Et libero accusantium sint eum et voluptates odio est.', '2017-08-04 11:15:31');
INSERT INTO `messages` (`id`, `from_user_id`, `to_user_id`, `body`, `created_at`) VALUES ('648', '48', '48', 'Temporibus temporibus minus at magnam ducimus distinctio nam. Quia delectus consequuntur ea.', '1983-09-23 05:16:58');
INSERT INTO `messages` (`id`, `from_user_id`, `to_user_id`, `body`, `created_at`) VALUES ('649', '49', '49', 'Et non quis aliquam sequi ut sit perferendis. Nulla ut consequatur ut nihil itaque veniam. Omnis non eos sit non quod. Vitae sed aut deserunt architecto laborum.', '2016-12-04 07:24:25');
INSERT INTO `messages` (`id`, `from_user_id`, `to_user_id`, `body`, `created_at`) VALUES ('650', '50', '50', 'In error cumque natus aut nobis necessitatibus maxime. Qui ad est sit necessitatibus sed consequatur debitis. Voluptas ut omnis et eos et ullam. Qui minus maiores atque cupiditate voluptas. Et inventore maiores nam earum amet.', '1971-07-11 00:24:22');
INSERT INTO `messages` (`id`, `from_user_id`, `to_user_id`, `body`, `created_at`) VALUES ('651', '51', '51', 'Veritatis et quia aut dolores aliquid nisi corporis. Nesciunt suscipit deserunt corrupti totam placeat quia sunt. Nam deleniti expedita autem aut maiores aut suscipit. Suscipit atque occaecati laboriosam deserunt ea perferendis.', '1991-09-15 16:28:16');
INSERT INTO `messages` (`id`, `from_user_id`, `to_user_id`, `body`, `created_at`) VALUES ('652', '52', '52', 'Deleniti iure repudiandae dolorem. Repudiandae quas sit nobis ducimus qui est. Qui quia vel ut incidunt expedita veniam omnis.', '2003-09-10 12:24:30');
INSERT INTO `messages` (`id`, `from_user_id`, `to_user_id`, `body`, `created_at`) VALUES ('653', '53', '53', 'Velit ut corrupti dolores perspiciatis. Architecto commodi hic vero sequi blanditiis. Voluptas ut nobis at excepturi quia. Ut architecto explicabo repellendus omnis ut ut.', '1973-06-03 15:39:15');
INSERT INTO `messages` (`id`, `from_user_id`, `to_user_id`, `body`, `created_at`) VALUES ('654', '54', '54', 'Ut optio quis nihil architecto eligendi sint. Possimus omnis cum iure nam aut. Dolorem corporis molestiae consectetur dolor.', '2019-10-21 00:06:31');
INSERT INTO `messages` (`id`, `from_user_id`, `to_user_id`, `body`, `created_at`) VALUES ('655', '55', '55', 'Sit reiciendis quia corporis vitae illo et. Rerum consectetur adipisci qui cum. Nihil ipsam ipsa tenetur aut amet est accusantium quis. Pariatur voluptatum deleniti eveniet quasi et qui rerum. Ipsam quis qui est quia voluptas ad.', '1996-08-19 18:59:55');
INSERT INTO `messages` (`id`, `from_user_id`, `to_user_id`, `body`, `created_at`) VALUES ('656', '56', '56', 'Magnam error illum laboriosam iusto. Est dolore similique est iste et facilis sit. At ut quia odit aut aliquam mollitia. Eius sunt vero ducimus qui.', '2015-05-16 07:17:20');
INSERT INTO `messages` (`id`, `from_user_id`, `to_user_id`, `body`, `created_at`) VALUES ('657', '57', '57', 'Consequuntur numquam ipsa debitis ut in molestias tempora sit. Illum error ea sed esse. Sunt autem aut eos eius et totam. Et qui ut temporibus corporis eaque in aliquam.', '1987-01-23 04:44:55');
INSERT INTO `messages` (`id`, `from_user_id`, `to_user_id`, `body`, `created_at`) VALUES ('658', '58', '58', 'Distinctio eos saepe veniam ex sit repudiandae enim. Et qui beatae harum voluptatum dolor. Fuga saepe voluptas expedita voluptatum dicta. Eveniet sunt quis maiores perferendis voluptatibus ut occaecati laboriosam.', '2015-10-09 11:47:27');
INSERT INTO `messages` (`id`, `from_user_id`, `to_user_id`, `body`, `created_at`) VALUES ('659', '59', '59', 'Aperiam vero debitis aut omnis et similique sint voluptates. Sunt voluptates molestiae qui possimus qui magnam quidem. Odio vel non sunt eum autem.', '1973-08-15 22:10:30');
INSERT INTO `messages` (`id`, `from_user_id`, `to_user_id`, `body`, `created_at`) VALUES ('660', '60', '60', 'Quo sed aut quasi voluptatibus voluptas quos. Cupiditate quasi voluptas eos odit aut minima aspernatur beatae. Distinctio architecto et blanditiis id. Omnis laudantium esse modi et.', '1971-01-30 18:46:34');
INSERT INTO `messages` (`id`, `from_user_id`, `to_user_id`, `body`, `created_at`) VALUES ('661', '61', '61', 'Doloremque est sequi numquam fugit atque. Est voluptas voluptatum aut itaque sed perferendis sed est. Eveniet ut atque rem officiis illo quisquam.', '1995-10-12 03:35:52');
INSERT INTO `messages` (`id`, `from_user_id`, `to_user_id`, `body`, `created_at`) VALUES ('662', '62', '62', 'Voluptate numquam quidem sed voluptas eos ullam dolore. Error suscipit sit et voluptas.', '1978-03-23 16:39:56');
INSERT INTO `messages` (`id`, `from_user_id`, `to_user_id`, `body`, `created_at`) VALUES ('663', '63', '63', 'Error consectetur mollitia qui. Corrupti eum veniam rerum neque. Ut aut debitis dolores corrupti reprehenderit id consequuntur eius. Eveniet et error sit consequatur.', '2000-05-20 16:52:15');
INSERT INTO `messages` (`id`, `from_user_id`, `to_user_id`, `body`, `created_at`) VALUES ('664', '64', '64', 'Pariatur et modi pariatur pariatur velit qui repellendus. Cum in sint at sequi alias nisi. Perferendis ducimus sed facilis qui aliquid et.', '1985-10-16 12:55:00');
INSERT INTO `messages` (`id`, `from_user_id`, `to_user_id`, `body`, `created_at`) VALUES ('665', '65', '65', 'Consequatur ratione deleniti et consequatur non sint. Amet corporis consequuntur dolor inventore voluptatibus nostrum iste dolorem. Eius odit est assumenda quia dolorum fuga. Id est modi libero occaecati sequi.', '2004-12-06 09:07:14');
INSERT INTO `messages` (`id`, `from_user_id`, `to_user_id`, `body`, `created_at`) VALUES ('666', '66', '66', 'Vel blanditiis inventore occaecati. Animi eum id accusantium autem nemo a.', '1973-02-28 17:05:26');
INSERT INTO `messages` (`id`, `from_user_id`, `to_user_id`, `body`, `created_at`) VALUES ('667', '67', '67', 'Cumque perferendis exercitationem saepe quas architecto in natus. Accusamus ducimus nesciunt et corporis. Molestias laborum rerum ut sint architecto.', '1976-06-28 13:04:25');
INSERT INTO `messages` (`id`, `from_user_id`, `to_user_id`, `body`, `created_at`) VALUES ('668', '68', '68', 'Eveniet rerum et mollitia et ut odit quia doloribus. Saepe soluta ex natus et occaecati omnis dicta.', '1975-10-20 06:28:10');
INSERT INTO `messages` (`id`, `from_user_id`, `to_user_id`, `body`, `created_at`) VALUES ('669', '69', '69', 'Alias in sed praesentium at quis. Exercitationem voluptate voluptatem laudantium omnis reprehenderit. Rem recusandae laborum nam perferendis expedita.', '2001-06-14 03:28:05');
INSERT INTO `messages` (`id`, `from_user_id`, `to_user_id`, `body`, `created_at`) VALUES ('670', '70', '70', 'Repellendus qui dolorem debitis et. Ipsum provident animi error asperiores dolor nobis. Voluptatem libero quam sit magnam.', '1984-07-24 14:25:49');
INSERT INTO `messages` (`id`, `from_user_id`, `to_user_id`, `body`, `created_at`) VALUES ('671', '71', '71', 'Quasi sed non consectetur. Nisi voluptatibus sint sit aut fugit harum. Impedit ut nisi laborum saepe maxime.', '2014-07-30 02:33:55');
INSERT INTO `messages` (`id`, `from_user_id`, `to_user_id`, `body`, `created_at`) VALUES ('672', '72', '72', 'Ut fugit necessitatibus velit odit quia dolores illo. Qui voluptate porro voluptas.', '1987-10-17 08:16:50');
INSERT INTO `messages` (`id`, `from_user_id`, `to_user_id`, `body`, `created_at`) VALUES ('673', '73', '73', 'Et nobis culpa maiores et aut enim dolor aut. Omnis in aut ut. Similique doloribus dolores temporibus voluptas.', '1983-05-11 02:53:43');
INSERT INTO `messages` (`id`, `from_user_id`, `to_user_id`, `body`, `created_at`) VALUES ('674', '74', '74', 'Corporis natus ad adipisci veniam non. Nobis qui totam et recusandae ut.', '1987-02-08 01:04:13');
INSERT INTO `messages` (`id`, `from_user_id`, `to_user_id`, `body`, `created_at`) VALUES ('675', '75', '75', 'Maiores explicabo accusantium qui eum fuga autem suscipit. Est ut necessitatibus occaecati dolor. Vel perferendis illo laboriosam deleniti repellendus dolore inventore.', '1987-09-20 16:17:23');
INSERT INTO `messages` (`id`, `from_user_id`, `to_user_id`, `body`, `created_at`) VALUES ('676', '76', '76', 'Corrupti et vero ducimus labore. Ut est aut asperiores assumenda aperiam sit aut. Veritatis et esse maxime itaque aut doloribus et. Repudiandae sit voluptatibus officiis corporis hic accusamus.', '1979-10-17 19:45:03');
INSERT INTO `messages` (`id`, `from_user_id`, `to_user_id`, `body`, `created_at`) VALUES ('677', '77', '77', 'Quidem est quasi voluptatem quis aut. Nihil sed ea id maiores et repellendus est. Quaerat est omnis laboriosam nihil voluptatibus voluptatem non.', '1974-07-16 10:50:38');
INSERT INTO `messages` (`id`, `from_user_id`, `to_user_id`, `body`, `created_at`) VALUES ('678', '78', '78', 'Maiores natus quae ipsa beatae quia. Dicta doloribus dolorem numquam excepturi quibusdam accusantium architecto. Nostrum est quia impedit praesentium et est dignissimos dolor. Sapiente sint harum modi quia sit reprehenderit eum qui.', '1992-09-19 03:55:42');
INSERT INTO `messages` (`id`, `from_user_id`, `to_user_id`, `body`, `created_at`) VALUES ('679', '79', '79', 'Natus illo commodi qui neque est fugiat incidunt. Sint adipisci earum aspernatur recusandae vitae in. Delectus dolores perferendis deserunt.', '2003-09-26 16:10:05');
INSERT INTO `messages` (`id`, `from_user_id`, `to_user_id`, `body`, `created_at`) VALUES ('680', '80', '80', 'Nostrum minima tenetur consequatur. Sit recusandae sequi rerum architecto eum. Vel incidunt vel sit nihil nostrum quia ea. Facere illo ea corporis laboriosam.', '1974-09-08 20:08:44');
INSERT INTO `messages` (`id`, `from_user_id`, `to_user_id`, `body`, `created_at`) VALUES ('681', '81', '81', 'Sunt iure autem voluptatem. Sequi in quas quidem et nostrum ut eos. Non pariatur odio fugiat ea ut consequatur. Debitis officia qui nisi quia voluptatem perspiciatis.', '1990-09-23 15:19:53');
INSERT INTO `messages` (`id`, `from_user_id`, `to_user_id`, `body`, `created_at`) VALUES ('682', '82', '82', 'Possimus iste eum repellendus ad. Ipsum explicabo magnam id neque illo porro. Dolores laudantium reiciendis consectetur at fugiat.', '1975-11-07 12:04:40');
INSERT INTO `messages` (`id`, `from_user_id`, `to_user_id`, `body`, `created_at`) VALUES ('683', '83', '83', 'Eaque aperiam quam incidunt pariatur pariatur aliquid asperiores. Et distinctio esse debitis accusamus. Labore quos soluta odit dolor aliquid dolores cum. Natus quia sint maiores magni.', '1992-06-14 23:26:42');
INSERT INTO `messages` (`id`, `from_user_id`, `to_user_id`, `body`, `created_at`) VALUES ('684', '84', '84', 'Possimus atque repudiandae amet voluptatem nobis nulla vitae sed. Quae ipsam nisi sapiente nostrum corrupti mollitia. Fuga et voluptatem corrupti ipsum aspernatur.', '1990-05-19 01:34:34');
INSERT INTO `messages` (`id`, `from_user_id`, `to_user_id`, `body`, `created_at`) VALUES ('685', '85', '85', 'Nisi occaecati ad vero labore omnis asperiores. Accusantium impedit aut tenetur quod vero voluptatum similique. Nihil voluptatem harum sint.', '2007-12-14 00:53:26');
INSERT INTO `messages` (`id`, `from_user_id`, `to_user_id`, `body`, `created_at`) VALUES ('686', '86', '86', 'Facilis eius eligendi odit occaecati. Accusamus animi officiis repudiandae nam distinctio sit. Dolorem et debitis officia error cumque porro.', '1984-08-15 20:53:07');
INSERT INTO `messages` (`id`, `from_user_id`, `to_user_id`, `body`, `created_at`) VALUES ('687', '87', '87', 'Neque aut sed sit id voluptatum qui. Voluptas est aspernatur ad debitis recusandae. Omnis sed qui amet impedit. Qui numquam voluptate cumque blanditiis.', '1998-12-15 13:15:46');
INSERT INTO `messages` (`id`, `from_user_id`, `to_user_id`, `body`, `created_at`) VALUES ('688', '88', '88', 'Atque eligendi reiciendis voluptatem. Voluptatum qui quia maiores nostrum veniam. Repellendus eligendi sit laboriosam error magnam rerum voluptate.', '2019-07-29 09:48:49');
INSERT INTO `messages` (`id`, `from_user_id`, `to_user_id`, `body`, `created_at`) VALUES ('689', '89', '89', 'Voluptatem ea fugit ad. Ad nulla quibusdam dolore tempora iure atque. Error ab commodi nobis.', '1976-01-31 20:03:10');
INSERT INTO `messages` (`id`, `from_user_id`, `to_user_id`, `body`, `created_at`) VALUES ('690', '90', '90', 'Est sapiente ad quibusdam et. Cumque officiis totam a totam error voluptatem totam iure. Quisquam vitae ab aut voluptate veritatis veritatis.', '1996-11-06 05:03:20');
INSERT INTO `messages` (`id`, `from_user_id`, `to_user_id`, `body`, `created_at`) VALUES ('691', '91', '91', 'Ut quae laudantium temporibus hic accusantium aut eveniet officia. Incidunt nihil earum dignissimos rerum dolor architecto. Dolorem cum doloribus porro minus rem nulla et.', '1971-01-31 10:42:25');
INSERT INTO `messages` (`id`, `from_user_id`, `to_user_id`, `body`, `created_at`) VALUES ('692', '92', '92', 'Rerum dolorem voluptas qui molestiae odio nesciunt consequatur. Voluptate dolorem omnis sint optio libero ea et neque. Dolor quo quia temporibus accusamus fuga consectetur.', '1981-05-04 18:37:56');
INSERT INTO `messages` (`id`, `from_user_id`, `to_user_id`, `body`, `created_at`) VALUES ('693', '93', '93', 'Quisquam vero voluptas et at perferendis. Sit rerum et et non aliquam molestiae. Voluptatum nihil ea quidem explicabo consequuntur eos cumque id. Est velit delectus eum voluptas sint deserunt aut.', '2020-01-01 00:10:41');
INSERT INTO `messages` (`id`, `from_user_id`, `to_user_id`, `body`, `created_at`) VALUES ('694', '94', '94', 'Aut necessitatibus et velit commodi reprehenderit consequatur laboriosam. Similique blanditiis et ut repellendus rerum nostrum error. Ut aut suscipit et.', '2005-10-21 21:52:16');
INSERT INTO `messages` (`id`, `from_user_id`, `to_user_id`, `body`, `created_at`) VALUES ('695', '95', '95', 'Eligendi officiis reiciendis officia. Et qui quia nobis vel ut possimus. Temporibus adipisci minima rerum ea vitae unde id. Quis dolor maiores voluptas sed et voluptas molestias. Et sed sequi voluptatum.', '2014-06-09 06:36:24');
INSERT INTO `messages` (`id`, `from_user_id`, `to_user_id`, `body`, `created_at`) VALUES ('696', '96', '96', 'Eveniet quis odio id excepturi. Et molestiae deserunt molestiae ipsa. Vel quidem ipsum voluptate reiciendis qui voluptas ut.', '1989-08-08 14:22:56');
INSERT INTO `messages` (`id`, `from_user_id`, `to_user_id`, `body`, `created_at`) VALUES ('697', '97', '97', 'Odit perspiciatis quia vel modi veniam. Ducimus quas dolorem omnis voluptas. Explicabo veritatis iusto omnis qui consectetur nobis. Sunt asperiores enim impedit sunt et.', '1988-06-10 18:38:07');
INSERT INTO `messages` (`id`, `from_user_id`, `to_user_id`, `body`, `created_at`) VALUES ('698', '98', '98', 'Quam repellat nesciunt voluptatem dolores maiores. Qui molestias ut distinctio iusto quod rerum odit. Omnis sapiente architecto repellendus praesentium. Et molestias quos et quis recusandae.', '1983-08-27 12:12:00');
INSERT INTO `messages` (`id`, `from_user_id`, `to_user_id`, `body`, `created_at`) VALUES ('699', '99', '99', 'Quod corrupti doloribus sint. Iste corrupti qui impedit aperiam in quia provident.', '2017-03-10 20:35:05');
INSERT INTO `messages` (`id`, `from_user_id`, `to_user_id`, `body`, `created_at`) VALUES ('700', '100', '100', 'Quod est at ducimus. Dignissimos et dolores tenetur dolores nesciunt pariatur voluptatem et. Voluptates eos perferendis mollitia accusamus velit aliquam ducimus eaque.', '1988-11-15 23:21:51');
INSERT INTO `messages` (`id`, `from_user_id`, `to_user_id`, `body`, `created_at`) VALUES ('701', '101', '101', 'Ab soluta aut iusto voluptas omnis. Qui eaque sunt odit fugiat nisi facilis.', '2001-07-16 21:24:17');
INSERT INTO `messages` (`id`, `from_user_id`, `to_user_id`, `body`, `created_at`) VALUES ('702', '102', '102', 'Earum laboriosam corrupti labore ratione. Quo est eos in velit labore. Odit et voluptas est nihil enim provident. Sit distinctio quas saepe reprehenderit.', '1981-12-19 19:42:34');
INSERT INTO `messages` (`id`, `from_user_id`, `to_user_id`, `body`, `created_at`) VALUES ('703', '103', '103', 'Ex in ullam aperiam rem voluptatibus tempora repellendus facere. Mollitia reprehenderit aut et ad voluptatum vitae. Fugit a qui voluptatum dignissimos consectetur in qui.', '1978-01-31 18:47:28');
INSERT INTO `messages` (`id`, `from_user_id`, `to_user_id`, `body`, `created_at`) VALUES ('704', '104', '104', 'Optio adipisci sed dolorem eius consequatur cupiditate rerum. Aut quis facilis porro eum inventore et. Praesentium sint veniam provident iste cupiditate ipsa autem.', '1970-02-24 00:07:50');
INSERT INTO `messages` (`id`, `from_user_id`, `to_user_id`, `body`, `created_at`) VALUES ('705', '105', '105', 'Possimus sit blanditiis est. Consequuntur repudiandae iure asperiores cumque. Quidem maxime hic culpa. Omnis illo at sit aut a.', '2014-12-21 08:05:05');
INSERT INTO `messages` (`id`, `from_user_id`, `to_user_id`, `body`, `created_at`) VALUES ('706', '106', '106', 'Atque tenetur dolor accusamus quia ut. Itaque quia vel id praesentium. Dolorem esse earum ut autem vel consequatur.', '2011-05-27 21:50:03');
INSERT INTO `messages` (`id`, `from_user_id`, `to_user_id`, `body`, `created_at`) VALUES ('707', '107', '107', 'Nihil qui magni sed voluptas saepe cum nemo sed. Blanditiis dolorem qui esse quod quia voluptates voluptate dolores. Ullam ut adipisci tempora eaque. Adipisci quo sed et commodi ullam voluptatem.', '2015-03-20 18:19:21');
INSERT INTO `messages` (`id`, `from_user_id`, `to_user_id`, `body`, `created_at`) VALUES ('708', '108', '108', 'Deserunt deleniti sed voluptatem et. Pariatur sapiente ullam illo assumenda ut itaque. Sint rerum ex veritatis cupiditate minima tempore doloremque aut. Voluptas est omnis illum et quam saepe.', '2018-08-11 23:20:47');
INSERT INTO `messages` (`id`, `from_user_id`, `to_user_id`, `body`, `created_at`) VALUES ('709', '109', '109', 'Voluptatem omnis nemo nemo natus ab voluptas vitae fuga. Maiores quis dignissimos consectetur beatae. Labore molestiae aut hic perferendis. Eos laudantium et ea facere.', '1981-12-09 00:55:26');
INSERT INTO `messages` (`id`, `from_user_id`, `to_user_id`, `body`, `created_at`) VALUES ('710', '110', '110', 'Dolorem velit ducimus culpa tempora commodi porro iste. Odio quod et qui repellendus et est. Qui autem nihil ut nemo. Veritatis possimus culpa nihil placeat placeat voluptatem.', '2011-06-25 14:23:01');
INSERT INTO `messages` (`id`, `from_user_id`, `to_user_id`, `body`, `created_at`) VALUES ('711', '111', '111', 'Repellendus ipsum vitae laudantium dolorum et aspernatur ducimus. Iure repudiandae sunt odio vel. Ea et distinctio doloribus et omnis. Corporis asperiores aliquam ut ducimus.', '2004-01-10 12:28:36');
INSERT INTO `messages` (`id`, `from_user_id`, `to_user_id`, `body`, `created_at`) VALUES ('712', '112', '112', 'Eum voluptatem odit veniam aut facere. Facere beatae et assumenda fuga molestias voluptatem molestiae. Error provident id magni ea repudiandae eius tempore.', '1986-10-09 02:07:10');
INSERT INTO `messages` (`id`, `from_user_id`, `to_user_id`, `body`, `created_at`) VALUES ('713', '113', '113', 'Aut excepturi facere ducimus quia. Aut excepturi beatae est et. Dolorum velit earum laudantium enim doloribus.', '2005-12-18 18:57:33');
INSERT INTO `messages` (`id`, `from_user_id`, `to_user_id`, `body`, `created_at`) VALUES ('714', '114', '114', 'Ut vitae ratione veniam. Ex consequatur eligendi voluptas nesciunt.', '1996-06-07 00:16:46');
INSERT INTO `messages` (`id`, `from_user_id`, `to_user_id`, `body`, `created_at`) VALUES ('715', '115', '115', 'Suscipit debitis ut fuga sapiente voluptatum. Debitis quae quis temporibus est doloribus est facere. Consequuntur ut aut et ut.', '2014-06-11 02:51:30');
INSERT INTO `messages` (`id`, `from_user_id`, `to_user_id`, `body`, `created_at`) VALUES ('716', '116', '116', 'Dignissimos ea sed nihil incidunt. Deserunt doloremque sapiente quisquam occaecati omnis. Et rerum itaque aliquam non.', '1996-09-07 05:31:59');
INSERT INTO `messages` (`id`, `from_user_id`, `to_user_id`, `body`, `created_at`) VALUES ('717', '117', '117', 'Excepturi similique incidunt temporibus sit vel quia. Quasi perspiciatis repellat et ut nulla mollitia itaque ut. Illo quia at aspernatur expedita consectetur dolores deleniti adipisci.', '1971-03-19 03:07:03');
INSERT INTO `messages` (`id`, `from_user_id`, `to_user_id`, `body`, `created_at`) VALUES ('718', '118', '118', 'Vel sunt aspernatur rerum qui porro. Vel quia sit ea exercitationem dolorum. In fugit aliquid aut ea.', '1999-07-01 15:10:24');
INSERT INTO `messages` (`id`, `from_user_id`, `to_user_id`, `body`, `created_at`) VALUES ('719', '119', '119', 'Omnis sint eos minima distinctio aperiam vero qui. Ratione quod assumenda assumenda possimus quaerat exercitationem.', '2018-05-03 02:39:02');
INSERT INTO `messages` (`id`, `from_user_id`, `to_user_id`, `body`, `created_at`) VALUES ('720', '120', '120', 'At veniam sed pariatur qui voluptas. Incidunt rerum iste a fugiat tempora. Nesciunt voluptatem eos placeat qui consequatur quod tempora. Enim ut accusantium aut accusantium et esse consequatur.', '1974-10-29 13:51:37');
INSERT INTO `messages` (`id`, `from_user_id`, `to_user_id`, `body`, `created_at`) VALUES ('721', '1', '1', 'Ullam ullam consequatur eos repudiandae quod suscipit. Exercitationem nisi autem eum voluptatibus doloremque. Doloribus error qui sint beatae odio aut.', '2000-12-05 12:07:25');
INSERT INTO `messages` (`id`, `from_user_id`, `to_user_id`, `body`, `created_at`) VALUES ('722', '2', '2', 'Libero aliquam excepturi voluptate porro in nobis perferendis. Quo ut aut aspernatur veniam autem incidunt. Culpa delectus provident velit aliquid autem.', '1988-01-24 23:25:38');
INSERT INTO `messages` (`id`, `from_user_id`, `to_user_id`, `body`, `created_at`) VALUES ('723', '3', '3', 'Officia molestiae est aut laboriosam. Minima vero unde amet ipsa minima id. Id asperiores quae reiciendis nulla.', '1977-09-10 00:16:55');
INSERT INTO `messages` (`id`, `from_user_id`, `to_user_id`, `body`, `created_at`) VALUES ('724', '4', '4', 'Suscipit consequuntur explicabo qui reiciendis aliquam culpa qui. Dolor autem dolor eos occaecati doloribus.', '1987-06-04 03:10:41');
INSERT INTO `messages` (`id`, `from_user_id`, `to_user_id`, `body`, `created_at`) VALUES ('725', '5', '5', 'Quia fugiat blanditiis ut id. Cum eius voluptatum eligendi. Consectetur sint consequatur reiciendis id.', '2012-11-17 02:55:58');
INSERT INTO `messages` (`id`, `from_user_id`, `to_user_id`, `body`, `created_at`) VALUES ('726', '6', '6', 'Eum omnis necessitatibus voluptas in. Optio nulla sapiente non. Ut molestiae consequatur quos. Repudiandae exercitationem quisquam earum aliquid. Veniam ea quisquam id sit aut est eum.', '1979-04-06 15:31:46');
INSERT INTO `messages` (`id`, `from_user_id`, `to_user_id`, `body`, `created_at`) VALUES ('727', '7', '7', 'Necessitatibus itaque neque velit sit. Eaque ex iste aut cum. Dolores deleniti odit quibusdam eveniet fuga iure earum.', '2016-01-02 18:08:23');
INSERT INTO `messages` (`id`, `from_user_id`, `to_user_id`, `body`, `created_at`) VALUES ('728', '8', '8', 'Dignissimos qui qui deserunt et. Id exercitationem esse aliquam impedit alias temporibus sunt. Nemo dolorem odit tempora quod at suscipit.', '2004-05-01 15:24:41');
INSERT INTO `messages` (`id`, `from_user_id`, `to_user_id`, `body`, `created_at`) VALUES ('729', '9', '9', 'Et nihil velit earum fuga sequi. Sit sint aut aut molestias placeat temporibus veritatis. Culpa dolorum error natus non amet tenetur. Officiis inventore dolores adipisci ut molestiae id natus.', '1992-11-10 11:45:52');
INSERT INTO `messages` (`id`, `from_user_id`, `to_user_id`, `body`, `created_at`) VALUES ('730', '10', '10', 'Ut exercitationem sit assumenda. Explicabo quia quis sunt. Dolorem autem nesciunt error quia iusto asperiores nam. Ipsum consequatur in sunt rem.', '1994-02-21 18:49:49');
INSERT INTO `messages` (`id`, `from_user_id`, `to_user_id`, `body`, `created_at`) VALUES ('731', '11', '11', 'Aut commodi quam fugit vel nulla porro. Accusamus amet necessitatibus molestiae. Nihil consequatur hic optio quia doloribus distinctio tempora vero.', '1983-08-13 18:24:19');
INSERT INTO `messages` (`id`, `from_user_id`, `to_user_id`, `body`, `created_at`) VALUES ('732', '12', '12', 'Eaque commodi incidunt quo est animi. Cum totam error fuga et ea assumenda minus ut.', '1974-06-03 16:16:52');
INSERT INTO `messages` (`id`, `from_user_id`, `to_user_id`, `body`, `created_at`) VALUES ('733', '13', '13', 'Vitae aut illum qui quod iure. Qui enim repudiandae autem aut ratione quae. Qui rerum omnis neque earum atque delectus voluptas. Sit omnis ea et molestias sed et dolore.', '1998-07-01 07:29:08');
INSERT INTO `messages` (`id`, `from_user_id`, `to_user_id`, `body`, `created_at`) VALUES ('734', '14', '14', 'Culpa neque ut temporibus qui reiciendis temporibus saepe. Cumque deleniti inventore omnis ut nostrum soluta molestiae. Similique vel nobis sed.', '1992-10-07 07:45:06');
INSERT INTO `messages` (`id`, `from_user_id`, `to_user_id`, `body`, `created_at`) VALUES ('735', '15', '15', 'Consequatur non repudiandae recusandae voluptate voluptas. Tempore consequatur sunt praesentium aut suscipit dicta. Consequuntur laborum fuga tempora officia.', '1999-12-23 05:16:33');
INSERT INTO `messages` (`id`, `from_user_id`, `to_user_id`, `body`, `created_at`) VALUES ('736', '16', '16', 'Quae unde nulla aut omnis quia optio. Voluptatum veritatis suscipit quae at illo cum ut. Voluptas natus beatae ipsum esse voluptatem. Numquam quo sunt et commodi labore.', '2017-02-07 06:01:45');
INSERT INTO `messages` (`id`, `from_user_id`, `to_user_id`, `body`, `created_at`) VALUES ('737', '17', '17', 'Perspiciatis sed sed assumenda non laboriosam. Sit quae accusantium quos sed reiciendis est rem. Aut illo nobis vero.', '1991-02-02 23:06:29');
INSERT INTO `messages` (`id`, `from_user_id`, `to_user_id`, `body`, `created_at`) VALUES ('738', '18', '18', 'Labore incidunt dolores rerum vero voluptas est. Voluptatum molestiae temporibus quaerat excepturi. Doloremque rem corporis aut a. Quidem totam est repudiandae minus quae. Voluptas facere error debitis nulla possimus.', '1980-02-20 05:01:02');
INSERT INTO `messages` (`id`, `from_user_id`, `to_user_id`, `body`, `created_at`) VALUES ('739', '19', '19', 'Quod beatae quia consequatur id recusandae dolorem ad. Sit rerum enim perferendis. Molestias ad expedita quibusdam et facere illum. Quidem cum fugiat modi aut et facilis.', '2012-11-17 02:05:08');
INSERT INTO `messages` (`id`, `from_user_id`, `to_user_id`, `body`, `created_at`) VALUES ('740', '20', '20', 'Non ut natus quia est qui dolor. Et quia praesentium illo animi dolor voluptate eius nihil. Aut repellat voluptate consequatur sed nihil earum. Dolorum sed et corporis. Et molestiae ut ut consequatur modi sit et.', '1972-04-20 05:03:46');
INSERT INTO `messages` (`id`, `from_user_id`, `to_user_id`, `body`, `created_at`) VALUES ('741', '21', '21', 'Aut impedit magni aut ex. Mollitia aliquid veniam dolorem recusandae magnam. Facere quia aspernatur laborum placeat minima.', '2018-08-01 11:59:12');
INSERT INTO `messages` (`id`, `from_user_id`, `to_user_id`, `body`, `created_at`) VALUES ('742', '22', '22', 'Eos tempora consequuntur ut quo qui quos amet. Et ipsam quibusdam qui doloribus. Laborum laudantium ea porro et excepturi similique quaerat. Quibusdam id quisquam nostrum aspernatur.', '2001-02-16 20:28:00');
INSERT INTO `messages` (`id`, `from_user_id`, `to_user_id`, `body`, `created_at`) VALUES ('743', '23', '23', 'Ut deleniti eveniet ducimus esse qui dolores perspiciatis. Harum est aut voluptas corporis. At quasi ratione ipsam quia consequuntur iste. Quam quod autem incidunt.', '2005-12-02 16:05:36');
INSERT INTO `messages` (`id`, `from_user_id`, `to_user_id`, `body`, `created_at`) VALUES ('744', '24', '24', 'Quis nostrum dolorum a est voluptate. Aliquid enim unde deleniti beatae sed. Quidem velit minima commodi provident. Eos eveniet ut aliquid ad nesciunt.', '1997-09-28 13:29:52');
INSERT INTO `messages` (`id`, `from_user_id`, `to_user_id`, `body`, `created_at`) VALUES ('745', '25', '25', 'Eos voluptatum impedit molestiae voluptas. Dicta nam sit eos atque. Quia laboriosam unde et consequuntur fugiat mollitia quisquam et. Est vitae dolor velit nemo.', '1996-05-21 07:28:28');
INSERT INTO `messages` (`id`, `from_user_id`, `to_user_id`, `body`, `created_at`) VALUES ('746', '26', '26', 'Deleniti molestiae saepe illum qui. Iste incidunt delectus est deleniti non ut necessitatibus. Dolor dolores eveniet delectus dolorem.', '2010-04-18 06:55:12');
INSERT INTO `messages` (`id`, `from_user_id`, `to_user_id`, `body`, `created_at`) VALUES ('747', '27', '27', 'Repellendus aut eius quos voluptas consequatur iure quaerat. Repellendus optio sed quis beatae possimus. Animi est expedita laudantium aut.', '2005-04-18 00:44:27');
INSERT INTO `messages` (`id`, `from_user_id`, `to_user_id`, `body`, `created_at`) VALUES ('748', '28', '28', 'Eum in debitis et voluptatibus beatae sed aut. Unde enim et et in enim dolor accusamus. Aut quos mollitia consequatur impedit quis. Aut et quia in. Ullam voluptatem sit quam porro.', '1996-12-08 05:48:27');
INSERT INTO `messages` (`id`, `from_user_id`, `to_user_id`, `body`, `created_at`) VALUES ('749', '29', '29', 'Minima dolorem cum et nobis. Minus corporis omnis similique aliquid ab unde autem. Officia modi sit non voluptas.', '1988-06-11 14:50:46');
INSERT INTO `messages` (`id`, `from_user_id`, `to_user_id`, `body`, `created_at`) VALUES ('750', '30', '30', 'Necessitatibus sed esse consectetur impedit sunt facilis rerum rem. Distinctio earum voluptates deserunt voluptatem et assumenda minus.', '1996-02-07 02:31:12');
INSERT INTO `messages` (`id`, `from_user_id`, `to_user_id`, `body`, `created_at`) VALUES ('751', '31', '31', 'Suscipit ipsa deleniti enim voluptate fuga magni ipsa. Consectetur in vitae quis vel eum eligendi non. Saepe qui eum velit. Excepturi beatae modi fugiat aut vitae autem.', '2000-12-29 19:50:53');
INSERT INTO `messages` (`id`, `from_user_id`, `to_user_id`, `body`, `created_at`) VALUES ('752', '32', '32', 'Quos asperiores veritatis quisquam. Dolor repellat enim minus totam. Error unde vel exercitationem error nemo.', '2014-05-05 19:06:44');
INSERT INTO `messages` (`id`, `from_user_id`, `to_user_id`, `body`, `created_at`) VALUES ('753', '33', '33', 'Est nesciunt laudantium quo amet. Praesentium cumque tempore voluptatibus modi occaecati voluptatem officiis.', '1986-05-11 13:14:39');
INSERT INTO `messages` (`id`, `from_user_id`, `to_user_id`, `body`, `created_at`) VALUES ('754', '34', '34', 'Sed doloribus consequatur vero dicta repudiandae quod animi saepe. Illo in qui praesentium consequatur illum doloribus voluptatem sed. Vero possimus accusamus eveniet facilis eius praesentium consequuntur. Quis ab nihil inventore dolor sint vel enim.', '1981-02-27 13:37:57');
INSERT INTO `messages` (`id`, `from_user_id`, `to_user_id`, `body`, `created_at`) VALUES ('755', '35', '35', 'Similique atque nihil id autem. Recusandae amet optio aut incidunt dolor aspernatur. Ab eos similique quae eum explicabo dolor. Animi est non quas ut officiis.', '1989-01-13 03:41:30');
INSERT INTO `messages` (`id`, `from_user_id`, `to_user_id`, `body`, `created_at`) VALUES ('756', '36', '36', 'Suscipit et est ratione praesentium laudantium omnis iste officiis. Dolorum minima illo dolorem iste molestiae asperiores a. Illo amet ea dignissimos eius temporibus. Vel ullam ea provident impedit.', '2006-03-22 10:45:50');
INSERT INTO `messages` (`id`, `from_user_id`, `to_user_id`, `body`, `created_at`) VALUES ('757', '37', '37', 'Suscipit accusantium aperiam molestiae facere repellat vero. Tempora quia rerum laborum ut rerum placeat. Optio voluptatem repellendus et voluptatibus.', '2007-04-28 14:33:30');
INSERT INTO `messages` (`id`, `from_user_id`, `to_user_id`, `body`, `created_at`) VALUES ('758', '38', '38', 'Et amet fugit sit voluptates ea. Sit quod laboriosam nisi quia nihil consequatur. Qui odio repudiandae fuga unde sint expedita.', '2013-08-20 09:15:05');
INSERT INTO `messages` (`id`, `from_user_id`, `to_user_id`, `body`, `created_at`) VALUES ('759', '39', '39', 'Consectetur nihil delectus architecto officia quae dolore officiis voluptatibus. Neque qui et dolorem est dignissimos nihil. Et eos in qui reprehenderit.', '1979-05-04 11:50:30');
INSERT INTO `messages` (`id`, `from_user_id`, `to_user_id`, `body`, `created_at`) VALUES ('760', '40', '40', 'Sed iste iure sit dignissimos rem quasi. Ea nisi at non quisquam est voluptatem id. Quo temporibus id et. A deserunt blanditiis saepe facere voluptas.', '1973-04-23 23:41:31');
INSERT INTO `messages` (`id`, `from_user_id`, `to_user_id`, `body`, `created_at`) VALUES ('761', '41', '41', 'Numquam iusto ipsa sint dolorum possimus. Eius ea repellendus et modi impedit occaecati. Animi fuga ut laboriosam quibusdam rem eum. Vitae quasi eum alias vero.', '2019-06-23 22:20:31');
INSERT INTO `messages` (`id`, `from_user_id`, `to_user_id`, `body`, `created_at`) VALUES ('762', '42', '42', 'Quos illum sit rerum aliquam non. Nihil ipsam minus debitis delectus reiciendis. Ea iusto aperiam aut unde quod sit dolores ea. Laudantium quia est deserunt perferendis qui aperiam.', '1970-02-26 19:19:19');
INSERT INTO `messages` (`id`, `from_user_id`, `to_user_id`, `body`, `created_at`) VALUES ('763', '43', '43', 'Temporibus nisi aut quis quibusdam. Iste similique enim veritatis velit autem. Itaque voluptate eligendi a dicta suscipit vel.', '1988-10-17 16:38:01');
INSERT INTO `messages` (`id`, `from_user_id`, `to_user_id`, `body`, `created_at`) VALUES ('764', '44', '44', 'Eos et nihil et ea quasi. Placeat eum voluptates sint adipisci doloribus dolorum necessitatibus. Tenetur neque commodi necessitatibus sunt molestiae.', '2004-04-27 02:11:34');
INSERT INTO `messages` (`id`, `from_user_id`, `to_user_id`, `body`, `created_at`) VALUES ('765', '45', '45', 'Tempora corrupti sunt quis nobis. Quasi rerum et quo omnis voluptatem ut cumque nulla. Et ut quod quo error voluptatum.', '2017-03-02 22:24:53');
INSERT INTO `messages` (`id`, `from_user_id`, `to_user_id`, `body`, `created_at`) VALUES ('766', '46', '46', 'In minus enim cupiditate iure. Non repellendus eum doloribus nostrum. Corrupti aliquam aut aut et. Et molestiae at porro amet praesentium ipsum voluptatem.', '1978-08-28 00:52:28');
INSERT INTO `messages` (`id`, `from_user_id`, `to_user_id`, `body`, `created_at`) VALUES ('767', '47', '47', 'Assumenda quos reprehenderit molestias deleniti aut illo voluptatem. Quasi debitis tempore molestias vero nihil quia. Quo occaecati non quisquam blanditiis quia quia voluptatem. Perspiciatis ad tenetur qui vitae blanditiis sunt beatae.', '1972-01-25 08:15:14');
INSERT INTO `messages` (`id`, `from_user_id`, `to_user_id`, `body`, `created_at`) VALUES ('768', '48', '48', 'Doloremque atque labore inventore impedit recusandae dolor explicabo. Dolorum aliquam atque voluptas quos iste fugiat earum. Non labore in eveniet mollitia temporibus. Voluptas sint quam quis quibusdam quaerat. Doloribus in accusamus cupiditate iure.', '1995-09-06 09:23:18');
INSERT INTO `messages` (`id`, `from_user_id`, `to_user_id`, `body`, `created_at`) VALUES ('769', '49', '49', 'Alias voluptatibus quas aliquid harum quis aut eligendi. Maxime nemo consequuntur eaque molestias. Enim accusantium id deleniti pariatur consequuntur porro laboriosam earum.', '1971-05-15 02:28:01');
INSERT INTO `messages` (`id`, `from_user_id`, `to_user_id`, `body`, `created_at`) VALUES ('770', '50', '50', 'Qui eius quo rem rem fugiat libero ducimus repellat. Rerum officiis a hic et porro autem. Sed labore itaque est error aliquam fugiat velit. Porro doloremque iusto tempora dolorem quibusdam reprehenderit non.', '1990-09-27 09:17:26');
INSERT INTO `messages` (`id`, `from_user_id`, `to_user_id`, `body`, `created_at`) VALUES ('771', '51', '51', 'Voluptas error unde quos quos. Autem libero tenetur molestias. Impedit velit qui quibusdam laudantium sit aliquid.', '1985-05-08 01:39:08');
INSERT INTO `messages` (`id`, `from_user_id`, `to_user_id`, `body`, `created_at`) VALUES ('772', '52', '52', 'Natus nihil reiciendis praesentium earum. Est numquam libero perferendis voluptas. Adipisci suscipit delectus et ipsum dolorem at cupiditate nesciunt.', '1975-06-03 20:48:25');
INSERT INTO `messages` (`id`, `from_user_id`, `to_user_id`, `body`, `created_at`) VALUES ('773', '53', '53', 'Aut neque qui soluta omnis accusamus aut magnam voluptas. Aut ex voluptatum aut.', '1989-12-30 16:45:14');
INSERT INTO `messages` (`id`, `from_user_id`, `to_user_id`, `body`, `created_at`) VALUES ('774', '54', '54', 'Praesentium rerum unde quae quo. Quo error quis ducimus quam similique non necessitatibus. Quasi saepe non officiis distinctio beatae. Sed quas quisquam qui ea occaecati dignissimos vel.', '1977-03-09 23:48:47');
INSERT INTO `messages` (`id`, `from_user_id`, `to_user_id`, `body`, `created_at`) VALUES ('775', '55', '55', 'Doloremque fuga sunt molestiae omnis laudantium impedit inventore. Quo ab autem et dolorem. Beatae amet praesentium beatae aperiam quo omnis. Ea ea mollitia et ea labore officiis rerum.', '1985-02-06 00:48:18');
INSERT INTO `messages` (`id`, `from_user_id`, `to_user_id`, `body`, `created_at`) VALUES ('776', '56', '56', 'Optio iusto et qui qui quia qui. Voluptas excepturi sapiente ipsa similique rem ullam id. Quisquam molestiae exercitationem accusantium dicta repellat.', '1994-09-14 15:19:51');
INSERT INTO `messages` (`id`, `from_user_id`, `to_user_id`, `body`, `created_at`) VALUES ('777', '57', '57', 'Quia ut ut reprehenderit molestiae explicabo enim accusamus. Neque nesciunt tenetur tempora autem. Voluptatum vel ducimus harum et. Odit autem repellat nesciunt error libero possimus.', '2000-11-27 16:16:40');
INSERT INTO `messages` (`id`, `from_user_id`, `to_user_id`, `body`, `created_at`) VALUES ('778', '58', '58', 'Non omnis deserunt perspiciatis. Quas sequi rerum consequuntur dolorem omnis neque. Officiis nesciunt officiis perferendis.', '1997-04-21 22:06:33');
INSERT INTO `messages` (`id`, `from_user_id`, `to_user_id`, `body`, `created_at`) VALUES ('779', '59', '59', 'Corrupti reiciendis reprehenderit ad. Consequatur possimus neque voluptatibus modi eum porro. Qui perferendis dolores laborum similique.', '2011-08-12 12:53:32');
INSERT INTO `messages` (`id`, `from_user_id`, `to_user_id`, `body`, `created_at`) VALUES ('780', '60', '60', 'Eaque voluptatibus quibusdam quaerat architecto. Dolorem eum consequatur laboriosam et facilis doloribus nobis.', '1975-11-18 10:57:38');
INSERT INTO `messages` (`id`, `from_user_id`, `to_user_id`, `body`, `created_at`) VALUES ('781', '61', '61', 'Consequatur omnis vel vel quae qui dignissimos dolore. Quas consequuntur quibusdam modi voluptas repudiandae cum. Sed error at reiciendis quasi et rerum. Eos accusantium in tempora odio laborum.', '1983-04-08 09:51:27');
INSERT INTO `messages` (`id`, `from_user_id`, `to_user_id`, `body`, `created_at`) VALUES ('782', '62', '62', 'Doloremque nihil autem ut non enim. Doloremque eveniet in nesciunt perferendis incidunt eos. Quo placeat id illum quas.', '2000-06-25 01:50:13');
INSERT INTO `messages` (`id`, `from_user_id`, `to_user_id`, `body`, `created_at`) VALUES ('783', '63', '63', 'Perspiciatis quasi autem vitae perspiciatis molestiae. Ut omnis enim a suscipit iusto vero. Molestiae sed ipsum cumque consequatur fugiat.', '2020-04-04 21:14:41');
INSERT INTO `messages` (`id`, `from_user_id`, `to_user_id`, `body`, `created_at`) VALUES ('784', '64', '64', 'Aut et tenetur et sunt iste. Occaecati consequatur eum ea sint est aut pariatur. Aut sapiente beatae mollitia tempora voluptatibus enim autem.', '1979-01-17 14:43:01');
INSERT INTO `messages` (`id`, `from_user_id`, `to_user_id`, `body`, `created_at`) VALUES ('785', '65', '65', 'Velit consequatur aut sed. Expedita temporibus ex eos id omnis consectetur. Commodi quis tenetur tempore odit. Non ut repellendus excepturi ut dolorem non ratione.', '1997-07-10 23:40:27');
INSERT INTO `messages` (`id`, `from_user_id`, `to_user_id`, `body`, `created_at`) VALUES ('786', '66', '66', 'Nulla qui sint nostrum unde. Ducimus esse quasi cupiditate distinctio dicta natus totam. Explicabo ad velit facilis qui excepturi magnam.', '2002-07-19 10:15:34');
INSERT INTO `messages` (`id`, `from_user_id`, `to_user_id`, `body`, `created_at`) VALUES ('787', '67', '67', 'Est non aperiam repellat delectus fuga soluta. Consequatur beatae eius quia et. Error eos dicta repellat non. Atque dolorem itaque iste voluptatem molestiae libero aut. Libero culpa nam sunt rerum laudantium quo.', '1993-02-21 18:23:51');
INSERT INTO `messages` (`id`, `from_user_id`, `to_user_id`, `body`, `created_at`) VALUES ('788', '68', '68', 'Omnis minima est quidem sint. Officiis consequatur exercitationem enim nemo. Et accusantium saepe aspernatur rerum amet provident. Consequatur modi sit et commodi placeat.', '2018-09-10 09:05:33');
INSERT INTO `messages` (`id`, `from_user_id`, `to_user_id`, `body`, `created_at`) VALUES ('789', '69', '69', 'Id a non eveniet consequuntur at ex id sed. Voluptate quam neque assumenda aliquam fugit unde incidunt repellat. Aut vero non ut et.', '1972-05-25 15:57:59');
INSERT INTO `messages` (`id`, `from_user_id`, `to_user_id`, `body`, `created_at`) VALUES ('790', '70', '70', 'Aut autem consectetur natus vel. Ex doloremque non dolores accusamus veniam eum dolor. Quia eligendi et quos sunt. Assumenda nesciunt voluptas beatae dolorem id quos et nesciunt.', '1984-09-05 08:37:54');
INSERT INTO `messages` (`id`, `from_user_id`, `to_user_id`, `body`, `created_at`) VALUES ('791', '71', '71', 'Tempora quo at inventore provident culpa accusantium. Aut enim pariatur est nulla dolor. Officiis qui officiis molestias voluptatem quos. Officia vel recusandae esse ut quam cupiditate odio ad.', '1980-03-04 20:56:08');
INSERT INTO `messages` (`id`, `from_user_id`, `to_user_id`, `body`, `created_at`) VALUES ('792', '72', '72', 'Fugit impedit error et beatae aperiam aperiam doloribus ut. Libero perspiciatis impedit velit eos sit. Ea ratione architecto deserunt dignissimos qui eius. Exercitationem tenetur quod temporibus alias.', '1993-10-26 16:00:16');
INSERT INTO `messages` (`id`, `from_user_id`, `to_user_id`, `body`, `created_at`) VALUES ('793', '73', '73', 'Ratione ea animi ad tenetur dignissimos. Nulla blanditiis sapiente non ut odio quia delectus sunt. Iure tempore quam similique nulla sed. Id amet velit fuga facilis.', '2001-07-20 10:30:24');
INSERT INTO `messages` (`id`, `from_user_id`, `to_user_id`, `body`, `created_at`) VALUES ('794', '74', '74', 'Pariatur consequatur sed vel ea ipsum ea. Necessitatibus quod quae ipsa mollitia reiciendis. Ad maxime quibusdam nostrum aut in. Provident aperiam qui temporibus asperiores laudantium. Voluptatem veritatis ipsum velit ut ullam.', '1983-02-20 02:07:02');
INSERT INTO `messages` (`id`, `from_user_id`, `to_user_id`, `body`, `created_at`) VALUES ('795', '75', '75', 'Mollitia repellendus facilis nesciunt fugiat ab inventore dolore. Qui sit quas deserunt laudantium et.', '1979-01-04 14:14:41');
INSERT INTO `messages` (`id`, `from_user_id`, `to_user_id`, `body`, `created_at`) VALUES ('796', '76', '76', 'Repellendus excepturi alias non tenetur id quia. Occaecati quibusdam enim laboriosam sit ipsam est est. Ipsa vel consequatur ipsa.', '1993-12-20 20:06:17');
INSERT INTO `messages` (`id`, `from_user_id`, `to_user_id`, `body`, `created_at`) VALUES ('797', '77', '77', 'Quam ut quos molestiae accusamus dolor ipsam. Porro tempora est illum voluptates non quaerat atque pariatur. Quis earum voluptatem quae aut enim nihil. Consectetur labore et aspernatur dolores ad magnam enim.', '1990-06-04 17:20:18');
INSERT INTO `messages` (`id`, `from_user_id`, `to_user_id`, `body`, `created_at`) VALUES ('798', '78', '78', 'Ex voluptas occaecati veniam adipisci corporis. Mollitia debitis ut accusamus consectetur tempore beatae laboriosam. Ducimus est eaque et non.', '1996-04-06 22:51:37');
INSERT INTO `messages` (`id`, `from_user_id`, `to_user_id`, `body`, `created_at`) VALUES ('799', '79', '79', 'Eaque dicta quia fugit earum eligendi qui incidunt cupiditate. Occaecati totam et delectus nostrum ut. Et in quia rerum consectetur et consequatur.', '1977-06-25 14:43:29');
INSERT INTO `messages` (`id`, `from_user_id`, `to_user_id`, `body`, `created_at`) VALUES ('800', '80', '80', 'Occaecati dolor qui officiis dolor non. Eveniet adipisci maxime enim. Est illum sit error harum amet. Maxime quisquam odio aut qui cum fugit inventore. Harum accusantium voluptatum rerum repellat.', '1982-09-21 16:07:38');
INSERT INTO `messages` (`id`, `from_user_id`, `to_user_id`, `body`, `created_at`) VALUES ('801', '81', '81', 'Voluptates quaerat excepturi et fuga. Eum qui et eaque nobis voluptatem quis dolor deleniti. Ducimus minima aliquam dolores.', '2011-12-24 21:21:04');
INSERT INTO `messages` (`id`, `from_user_id`, `to_user_id`, `body`, `created_at`) VALUES ('802', '82', '82', 'Est blanditiis aut debitis et rerum officia asperiores. Qui hic aliquid sint nobis ducimus officia. Quae est similique porro.', '2008-11-02 10:43:35');
INSERT INTO `messages` (`id`, `from_user_id`, `to_user_id`, `body`, `created_at`) VALUES ('803', '83', '83', 'Nemo repudiandae quos nostrum dolore eos totam qui. Et id porro eius culpa. Sed et commodi fuga voluptas sapiente. Tenetur aut beatae dolor reprehenderit quibusdam sequi.', '1973-12-22 20:30:46');
INSERT INTO `messages` (`id`, `from_user_id`, `to_user_id`, `body`, `created_at`) VALUES ('804', '84', '84', 'Deserunt nam earum nobis earum. Id rerum aliquam facere. Ut dignissimos illum nobis quis et placeat officiis.', '2009-05-12 19:03:43');
INSERT INTO `messages` (`id`, `from_user_id`, `to_user_id`, `body`, `created_at`) VALUES ('805', '85', '85', 'Quia et magnam neque est sapiente. Voluptas corporis laborum porro voluptatem totam aliquam.', '2001-04-20 19:05:12');
INSERT INTO `messages` (`id`, `from_user_id`, `to_user_id`, `body`, `created_at`) VALUES ('806', '86', '86', 'Unde maxime dolorem voluptatibus consequuntur cupiditate nihil fugiat veritatis. Architecto aut quos nobis et dolorem et exercitationem. Ut iusto quos itaque quo excepturi aspernatur voluptatem.', '1988-01-14 03:34:19');
INSERT INTO `messages` (`id`, `from_user_id`, `to_user_id`, `body`, `created_at`) VALUES ('807', '87', '87', 'Explicabo aperiam vel quos repudiandae aut nobis. Nulla consequatur dolorem ad molestiae cum eum. Recusandae non quidem ea ullam consequuntur qui. Iste necessitatibus eos quia sit omnis natus.', '2012-06-01 19:09:48');
INSERT INTO `messages` (`id`, `from_user_id`, `to_user_id`, `body`, `created_at`) VALUES ('808', '88', '88', 'Minima dolorem assumenda earum inventore. Cum aperiam voluptate qui repellat. Velit iure occaecati laborum commodi vel beatae.', '1970-11-21 01:57:55');
INSERT INTO `messages` (`id`, `from_user_id`, `to_user_id`, `body`, `created_at`) VALUES ('809', '89', '89', 'Quas qui et voluptatem omnis. Unde ab enim recusandae. Dolor maxime sunt vel et quidem sequi veniam deleniti. Iste porro delectus qui molestiae quia qui.', '1980-07-29 06:13:12');
INSERT INTO `messages` (`id`, `from_user_id`, `to_user_id`, `body`, `created_at`) VALUES ('810', '90', '90', 'Ut error autem earum. Velit praesentium dolorem rerum esse. Qui voluptatem possimus eum et nam. Est ad ea ea earum repellendus ut ipsa.', '2003-11-17 08:17:10');
INSERT INTO `messages` (`id`, `from_user_id`, `to_user_id`, `body`, `created_at`) VALUES ('811', '91', '91', 'Autem ea neque est id ipsa. Voluptatem ea labore eos quis quod porro at. Autem facere est corrupti aut ab aliquam.', '2012-05-09 02:53:26');
INSERT INTO `messages` (`id`, `from_user_id`, `to_user_id`, `body`, `created_at`) VALUES ('812', '92', '92', 'Sed deleniti soluta eligendi dolorum in. Blanditiis similique omnis laudantium voluptates accusamus. Dicta animi aut doloremque amet consequatur ipsum. Eum molestiae nam ratione.', '1986-05-26 01:51:04');
INSERT INTO `messages` (`id`, `from_user_id`, `to_user_id`, `body`, `created_at`) VALUES ('813', '93', '93', 'Ut pariatur temporibus facilis facere. Voluptatem velit nisi et tempora ad. Occaecati distinctio sint expedita ipsa repudiandae accusantium. Totam iste qui quas unde.', '2013-07-31 15:05:29');
INSERT INTO `messages` (`id`, `from_user_id`, `to_user_id`, `body`, `created_at`) VALUES ('814', '94', '94', 'Dolores inventore totam voluptatum est voluptatem. Exercitationem quis architecto non omnis ipsum modi. Omnis aut odio odio ratione soluta ut modi placeat.', '1976-05-05 23:01:45');
INSERT INTO `messages` (`id`, `from_user_id`, `to_user_id`, `body`, `created_at`) VALUES ('815', '95', '95', 'Consequatur accusamus numquam quia at commodi eos qui. Excepturi blanditiis expedita ipsum voluptatem omnis facere nam. Incidunt dolores qui rerum. Velit sit ad explicabo laboriosam tempore saepe maxime optio. Assumenda iste et sint et.', '1996-08-19 18:14:08');
INSERT INTO `messages` (`id`, `from_user_id`, `to_user_id`, `body`, `created_at`) VALUES ('816', '96', '96', 'Voluptas laudantium sunt asperiores ullam nam. Non maxime quia odit in quia qui nemo vitae. Incidunt id et omnis aut.', '2014-02-28 01:51:10');
INSERT INTO `messages` (`id`, `from_user_id`, `to_user_id`, `body`, `created_at`) VALUES ('817', '97', '97', 'Enim voluptatibus molestiae ipsa facere optio. Sed molestias vel laboriosam laudantium.', '1996-05-23 15:44:32');
INSERT INTO `messages` (`id`, `from_user_id`, `to_user_id`, `body`, `created_at`) VALUES ('818', '98', '98', 'Minima modi officiis esse est sapiente optio unde. Error natus voluptatem quis facere aut dolores. Eum sit reiciendis minus qui nihil quidem. Iusto cum consequuntur debitis dicta perferendis et non.', '1996-08-26 09:58:28');
INSERT INTO `messages` (`id`, `from_user_id`, `to_user_id`, `body`, `created_at`) VALUES ('819', '99', '99', 'Fuga est eveniet molestiae quia sint voluptate. Sunt et velit molestias facere maxime. Consequatur cum at modi.', '1993-09-10 08:54:10');
INSERT INTO `messages` (`id`, `from_user_id`, `to_user_id`, `body`, `created_at`) VALUES ('820', '100', '100', 'Ipsa optio illo natus voluptas amet. Tenetur maxime in quas illo omnis. Dolorem aliquam sit asperiores consequatur et. Qui nihil aut fugit aut pariatur dolore.', '1997-04-12 09:22:35');
INSERT INTO `messages` (`id`, `from_user_id`, `to_user_id`, `body`, `created_at`) VALUES ('821', '101', '101', 'Facere reiciendis tenetur autem dolor et et. Dolor deserunt neque in aut soluta maxime et id. Eaque fugiat delectus quos voluptatem dolorem ipsum nobis est.', '1990-09-15 17:46:37');
INSERT INTO `messages` (`id`, `from_user_id`, `to_user_id`, `body`, `created_at`) VALUES ('822', '102', '102', 'Eum facere et sed nobis quo suscipit et. Sed atque ratione totam alias ea praesentium. Ullam sed debitis qui suscipit numquam adipisci. Quod natus aut ut nihil vero est.', '1982-06-02 22:03:45');
INSERT INTO `messages` (`id`, `from_user_id`, `to_user_id`, `body`, `created_at`) VALUES ('823', '103', '103', 'Pariatur quia illo dicta vel corporis consectetur. Dolor saepe est fugiat et quis quod nisi. Ea quod cum natus eveniet.', '2007-10-29 14:02:43');
INSERT INTO `messages` (`id`, `from_user_id`, `to_user_id`, `body`, `created_at`) VALUES ('824', '104', '104', 'Aspernatur saepe iste voluptas commodi et nisi sit. Eligendi harum vel iste id. Quam iusto quae blanditiis aut velit rem suscipit quam. Omnis mollitia consequatur incidunt repellat dolorem.', '1987-02-07 19:49:26');
INSERT INTO `messages` (`id`, `from_user_id`, `to_user_id`, `body`, `created_at`) VALUES ('825', '105', '105', 'Aut velit eius culpa veniam laborum quia id. Voluptate dolor incidunt et. Corrupti velit quisquam ipsum dolor. Ducimus ut sed delectus consequuntur.', '2015-01-12 16:44:51');
INSERT INTO `messages` (`id`, `from_user_id`, `to_user_id`, `body`, `created_at`) VALUES ('826', '106', '106', 'Quaerat sapiente dolores laborum facere eos repellat velit. Officiis sit rem soluta eos.', '1993-11-24 14:26:06');
INSERT INTO `messages` (`id`, `from_user_id`, `to_user_id`, `body`, `created_at`) VALUES ('827', '107', '107', 'Est veniam excepturi perferendis ut et expedita. Voluptates optio cum odit aut cumque. A magnam quo aperiam quaerat. Libero ratione nemo quidem autem ut.', '1997-08-17 18:19:11');
INSERT INTO `messages` (`id`, `from_user_id`, `to_user_id`, `body`, `created_at`) VALUES ('828', '108', '108', 'Voluptatem rerum ipsa maxime et quam. Ullam eaque quidem dolorem consequatur. Amet minima libero accusamus dolorum quibusdam autem.', '1974-10-06 16:51:35');
INSERT INTO `messages` (`id`, `from_user_id`, `to_user_id`, `body`, `created_at`) VALUES ('829', '109', '109', 'Omnis excepturi blanditiis nisi ullam fugiat. Facilis modi quo deleniti eos nisi et ad sunt. Id qui aut doloremque commodi ut.', '1980-12-09 00:30:25');
INSERT INTO `messages` (`id`, `from_user_id`, `to_user_id`, `body`, `created_at`) VALUES ('830', '110', '110', 'Asperiores labore voluptate dolorem. Libero aliquid veniam nostrum vel quisquam aut necessitatibus rerum. Alias at minima molestiae maxime.', '1993-02-05 08:30:20');
INSERT INTO `messages` (`id`, `from_user_id`, `to_user_id`, `body`, `created_at`) VALUES ('831', '111', '111', 'Voluptates beatae sint cum ratione voluptatibus ut. A voluptatem quas nihil reiciendis. Voluptates soluta ea facilis expedita sit.', '1977-10-18 13:52:50');
INSERT INTO `messages` (`id`, `from_user_id`, `to_user_id`, `body`, `created_at`) VALUES ('832', '112', '112', 'Nisi illo tenetur id omnis earum. Similique exercitationem numquam labore ex. Nostrum labore repellendus totam distinctio.', '2014-04-29 04:40:37');
INSERT INTO `messages` (`id`, `from_user_id`, `to_user_id`, `body`, `created_at`) VALUES ('833', '113', '113', 'Dolores quidem ut autem vitae qui cum. Qui officiis et consequatur quibusdam. Rerum totam placeat saepe eos consectetur optio.', '1988-12-19 04:12:52');
INSERT INTO `messages` (`id`, `from_user_id`, `to_user_id`, `body`, `created_at`) VALUES ('834', '114', '114', 'Exercitationem et nulla aspernatur assumenda ab. Atque officia officiis vero officia aspernatur tempora. Illo fugiat excepturi ducimus.', '1975-05-28 01:52:26');
INSERT INTO `messages` (`id`, `from_user_id`, `to_user_id`, `body`, `created_at`) VALUES ('835', '115', '115', 'Porro quibusdam odio minima et magnam illo. Voluptate facere est qui aut quo est. Sed et et incidunt sint omnis quisquam esse. Amet libero vel in delectus distinctio.', '2002-03-12 19:04:17');
INSERT INTO `messages` (`id`, `from_user_id`, `to_user_id`, `body`, `created_at`) VALUES ('836', '116', '116', 'Eveniet ducimus non est. Mollitia nihil corporis est. Similique ut magnam necessitatibus est exercitationem voluptatum.', '1985-02-04 04:30:50');
INSERT INTO `messages` (`id`, `from_user_id`, `to_user_id`, `body`, `created_at`) VALUES ('837', '117', '117', 'Nesciunt voluptate quasi sed autem. Et maxime a repudiandae consectetur. Beatae dolores cum enim voluptas consequatur harum nobis. Nemo voluptatem similique eos rem.', '2006-12-05 13:20:06');
INSERT INTO `messages` (`id`, `from_user_id`, `to_user_id`, `body`, `created_at`) VALUES ('838', '118', '118', 'Voluptatum dolorum minus natus earum sunt quibusdam vero. Voluptatem aperiam reiciendis rerum est iste esse ut. Cumque optio provident id. Et perferendis magnam quis dolores consequatur soluta. Autem rerum sapiente asperiores autem.', '1981-05-09 14:49:00');
INSERT INTO `messages` (`id`, `from_user_id`, `to_user_id`, `body`, `created_at`) VALUES ('839', '119', '119', 'Voluptatum velit placeat laboriosam sit delectus corrupti. Dolorem sit voluptatem quas nihil ex.', '1979-03-27 06:20:58');
INSERT INTO `messages` (`id`, `from_user_id`, `to_user_id`, `body`, `created_at`) VALUES ('840', '120', '120', 'Id voluptatibus ut minus tempora quia quibusdam. Recusandae optio autem laboriosam voluptas quam excepturi ea. Cum expedita sed rerum quo eaque nulla debitis.', '1988-09-10 05:37:59');
INSERT INTO `messages` (`id`, `from_user_id`, `to_user_id`, `body`, `created_at`) VALUES ('841', '1', '1', 'Autem quod minima sunt sit eaque magni animi nemo. Architecto ducimus facilis et. Quae est vitae et. Quia possimus aliquid est hic corrupti reiciendis.', '1981-06-01 03:40:48');
INSERT INTO `messages` (`id`, `from_user_id`, `to_user_id`, `body`, `created_at`) VALUES ('842', '2', '2', 'Optio est ut fugit tempora. Voluptas officia sint ipsam saepe nam ex non. Ut eaque cum illo rerum sint saepe adipisci. Ipsa possimus iure necessitatibus ipsum minus culpa ut iusto.', '1990-08-27 00:22:13');
INSERT INTO `messages` (`id`, `from_user_id`, `to_user_id`, `body`, `created_at`) VALUES ('843', '3', '3', 'Molestiae necessitatibus voluptate non. Eaque omnis magnam laboriosam in quos. Eveniet provident eveniet beatae. Accusantium sit aut dignissimos nemo sit aut praesentium.', '2014-07-17 04:00:48');
INSERT INTO `messages` (`id`, `from_user_id`, `to_user_id`, `body`, `created_at`) VALUES ('844', '4', '4', 'Ratione ad omnis perspiciatis consequuntur quos laboriosam incidunt. Dolores et explicabo enim placeat dolor ut aliquid. Rerum dicta quo rerum id eius. Perspiciatis optio natus sed aliquam praesentium voluptates nobis id. Laudantium dolorum id nisi sapiente.', '1987-01-22 11:07:37');
INSERT INTO `messages` (`id`, `from_user_id`, `to_user_id`, `body`, `created_at`) VALUES ('845', '5', '5', 'Quae blanditiis soluta praesentium fugiat et et omnis aut. Consequatur est magni aut ut et et beatae vel. Quis et quae et commodi exercitationem doloribus et voluptatem.', '2007-08-09 12:02:35');
INSERT INTO `messages` (`id`, `from_user_id`, `to_user_id`, `body`, `created_at`) VALUES ('846', '6', '6', 'Dicta libero et adipisci ut quos fugit. Ratione beatae debitis error nisi nisi. Facere omnis quod facilis ut non provident. Autem voluptas quia distinctio dolorum at.', '2012-02-23 13:06:51');
INSERT INTO `messages` (`id`, `from_user_id`, `to_user_id`, `body`, `created_at`) VALUES ('847', '7', '7', 'Animi cupiditate perspiciatis illum delectus est omnis. Est repudiandae et et ut. Accusamus modi et neque tempora cumque ut enim eius. Aut accusantium modi dolorum quasi. Officia qui ipsum sit quas asperiores.', '2004-05-29 23:01:59');
INSERT INTO `messages` (`id`, `from_user_id`, `to_user_id`, `body`, `created_at`) VALUES ('848', '8', '8', 'Nulla deleniti quia eum non sed illo qui. Distinctio doloribus harum rerum laudantium dolores.', '1985-05-06 23:04:25');
INSERT INTO `messages` (`id`, `from_user_id`, `to_user_id`, `body`, `created_at`) VALUES ('849', '9', '9', 'Ullam sit et recusandae praesentium facere ducimus. Sunt nihil repellendus nulla.', '2013-02-14 22:38:44');
INSERT INTO `messages` (`id`, `from_user_id`, `to_user_id`, `body`, `created_at`) VALUES ('850', '10', '10', 'Cum ipsam ratione aspernatur dignissimos. Quo in iusto provident omnis incidunt ipsa sed. Sint nemo sint maxime perspiciatis maxime quas. Illo mollitia tempore neque incidunt quibusdam tempore.', '2005-07-14 23:06:37');
INSERT INTO `messages` (`id`, `from_user_id`, `to_user_id`, `body`, `created_at`) VALUES ('851', '11', '11', 'Cumque id quidem eos non. A sunt asperiores saepe et saepe totam sunt officiis. Tenetur odio impedit culpa sed atque est molestiae et. Quae enim quasi totam quo asperiores velit modi. Fugit dolor beatae reprehenderit et voluptas dicta laboriosam.', '2017-04-11 13:50:22');
INSERT INTO `messages` (`id`, `from_user_id`, `to_user_id`, `body`, `created_at`) VALUES ('852', '12', '12', 'Aut sunt voluptate sed ab et voluptatum minus et. Odio aut voluptas aut rem veniam. Quam sed voluptatem doloremque ipsum provident ea. Suscipit necessitatibus architecto dolores dolorem sed sunt. Dolor iure cumque aperiam omnis iste dolorem.', '1979-07-10 16:43:43');
INSERT INTO `messages` (`id`, `from_user_id`, `to_user_id`, `body`, `created_at`) VALUES ('853', '13', '13', 'Tempore aut molestias fugit eveniet. Et aut impedit cum numquam ut hic.', '1975-08-08 17:08:56');
INSERT INTO `messages` (`id`, `from_user_id`, `to_user_id`, `body`, `created_at`) VALUES ('854', '14', '14', 'Laborum soluta distinctio quae commodi dolorem vel similique. Soluta natus quis commodi odio.', '2014-11-08 00:33:53');
INSERT INTO `messages` (`id`, `from_user_id`, `to_user_id`, `body`, `created_at`) VALUES ('855', '15', '15', 'Modi neque tempora enim quam facere aperiam consequatur. Qui in veritatis minima amet facere. Eaque enim et facere minus et totam commodi.', '1997-06-22 13:25:09');
INSERT INTO `messages` (`id`, `from_user_id`, `to_user_id`, `body`, `created_at`) VALUES ('856', '16', '16', 'Voluptatem vel quasi et pariatur. Rerum dolorem itaque cupiditate libero. Vel aut sunt minima aliquam aut explicabo aliquam optio.', '1987-08-09 13:46:28');
INSERT INTO `messages` (`id`, `from_user_id`, `to_user_id`, `body`, `created_at`) VALUES ('857', '17', '17', 'Autem repellendus accusamus atque rerum. Esse qui commodi cum nam. Voluptas error qui hic autem perspiciatis. Eos recusandae laboriosam dolorem voluptate laudantium nisi at.', '1973-12-07 03:02:23');
INSERT INTO `messages` (`id`, `from_user_id`, `to_user_id`, `body`, `created_at`) VALUES ('858', '18', '18', 'Saepe mollitia molestiae et possimus officiis porro. Blanditiis repellat molestiae veritatis nesciunt. Sapiente nobis rerum ipsum molestias quo laudantium. Voluptatem impedit harum eveniet. Assumenda nobis qui consequuntur culpa et sit expedita ab.', '2014-03-18 09:46:26');
INSERT INTO `messages` (`id`, `from_user_id`, `to_user_id`, `body`, `created_at`) VALUES ('859', '19', '19', 'Et dolorem quo ut accusamus. Eum est ut molestiae voluptatum. Quia ratione quia quia non animi.', '1989-05-28 03:16:57');
INSERT INTO `messages` (`id`, `from_user_id`, `to_user_id`, `body`, `created_at`) VALUES ('860', '20', '20', 'Asperiores at fuga aliquam illo. Omnis ut et animi et voluptas. Nostrum nisi doloribus veritatis eaque. Harum sit mollitia repudiandae voluptatem hic repudiandae praesentium.', '2001-11-26 07:12:56');
INSERT INTO `messages` (`id`, `from_user_id`, `to_user_id`, `body`, `created_at`) VALUES ('861', '21', '21', 'Illum eveniet et dolorem. Dolores mollitia repudiandae in. Dolorem laborum omnis aut sequi nihil ea. Commodi ut ad tempora qui quia.', '1995-05-12 03:27:36');
INSERT INTO `messages` (`id`, `from_user_id`, `to_user_id`, `body`, `created_at`) VALUES ('862', '22', '22', 'Eius sapiente hic qui expedita nulla cumque doloribus. Quaerat eos odit error quas sequi et.', '1987-03-18 00:17:02');
INSERT INTO `messages` (`id`, `from_user_id`, `to_user_id`, `body`, `created_at`) VALUES ('863', '23', '23', 'Et fugiat quod est id laboriosam quo dolor. Officia nemo voluptatem officiis sapiente necessitatibus nemo excepturi nisi. Exercitationem dolorum et accusantium consectetur quos qui voluptatem. Modi perferendis a ea esse animi.', '1975-05-29 12:19:15');
INSERT INTO `messages` (`id`, `from_user_id`, `to_user_id`, `body`, `created_at`) VALUES ('864', '24', '24', 'Officiis soluta a officia consequatur. Aperiam praesentium fuga dolores quo. Quis asperiores non reiciendis. Accusantium inventore fugit voluptatem distinctio est sed.', '1983-06-30 22:16:05');
INSERT INTO `messages` (`id`, `from_user_id`, `to_user_id`, `body`, `created_at`) VALUES ('865', '25', '25', 'Aliquid dolorem qui quaerat explicabo itaque et eius et. Occaecati voluptatem inventore ipsum laboriosam sint sint nulla et. Dolor odio aut ut cumque et odit. Et sapiente cupiditate vel consequatur.', '2011-07-03 05:28:13');
INSERT INTO `messages` (`id`, `from_user_id`, `to_user_id`, `body`, `created_at`) VALUES ('866', '26', '26', 'Eum ut quas ullam blanditiis sunt. Consequatur maxime culpa quis earum laboriosam consequatur. Hic consectetur dolorum et consequatur. Ut ut illo nesciunt impedit ipsam suscipit fugiat.', '1975-11-11 09:37:02');
INSERT INTO `messages` (`id`, `from_user_id`, `to_user_id`, `body`, `created_at`) VALUES ('867', '27', '27', 'Harum enim ex est sit. Et voluptas id porro odit qui. Tempore ut et hic vitae. Amet ex sed exercitationem voluptate. Sint autem veritatis et totam iure voluptas.', '2001-03-14 23:38:05');
INSERT INTO `messages` (`id`, `from_user_id`, `to_user_id`, `body`, `created_at`) VALUES ('868', '28', '28', 'Aut a quod quam repudiandae perspiciatis. Repudiandae ipsa labore adipisci hic. Qui aperiam earum fugit reprehenderit. Perspiciatis cum molestiae odio est architecto consequuntur sed.', '1985-07-22 02:16:39');
INSERT INTO `messages` (`id`, `from_user_id`, `to_user_id`, `body`, `created_at`) VALUES ('869', '29', '29', 'Sint nisi consectetur ducimus quia. Voluptatem fugit minima sint ea quibusdam consequatur. Ipsam quia voluptatem consequatur iure ut amet.', '1973-12-29 22:02:50');
INSERT INTO `messages` (`id`, `from_user_id`, `to_user_id`, `body`, `created_at`) VALUES ('870', '30', '30', 'Qui id earum maxime tempora sunt earum ut. Incidunt numquam neque veritatis consectetur quo vel unde. Vero necessitatibus dignissimos et commodi est ratione tempora. Ab aut totam cumque dolores enim ut fugit.', '2004-06-03 13:50:06');
INSERT INTO `messages` (`id`, `from_user_id`, `to_user_id`, `body`, `created_at`) VALUES ('871', '31', '31', 'Illo temporibus molestiae dolorem impedit et magnam. Sint veniam numquam rem. Quos delectus possimus nisi dolor quidem iusto molestiae. Id assumenda sunt sed excepturi.', '1981-04-18 16:37:37');
INSERT INTO `messages` (`id`, `from_user_id`, `to_user_id`, `body`, `created_at`) VALUES ('872', '32', '32', 'Est dicta molestiae enim quos fugiat voluptatem sunt eius. Accusamus laborum velit laboriosam est vel suscipit. Aut vero sed beatae sed. Aut eveniet quisquam et quasi eaque eum autem. Quos odio porro quaerat nesciunt autem.', '1971-12-06 05:50:57');
INSERT INTO `messages` (`id`, `from_user_id`, `to_user_id`, `body`, `created_at`) VALUES ('873', '33', '33', 'Perferendis distinctio esse ipsa voluptatem ut. Quo enim ut minima pariatur accusantium qui. Necessitatibus at reprehenderit in tenetur vel delectus iste.', '1993-03-18 12:08:54');
INSERT INTO `messages` (`id`, `from_user_id`, `to_user_id`, `body`, `created_at`) VALUES ('874', '34', '34', 'Molestiae eaque non vel dolorem sit ratione nemo. Ut sequi aspernatur molestiae velit quisquam minima.', '1995-10-26 16:23:42');
INSERT INTO `messages` (`id`, `from_user_id`, `to_user_id`, `body`, `created_at`) VALUES ('875', '35', '35', 'Est laudantium optio aut illo. Veniam dolorum praesentium et natus quasi nostrum nisi optio.', '1990-08-20 00:05:08');
INSERT INTO `messages` (`id`, `from_user_id`, `to_user_id`, `body`, `created_at`) VALUES ('876', '36', '36', 'Dolor quia sit officiis eligendi. Aperiam cupiditate quo alias ducimus qui et. Omnis animi pariatur nam iusto ipsum. At non quia consequatur voluptates aut. Fuga consectetur nulla quo et aut dolores.', '2015-03-28 17:44:03');
INSERT INTO `messages` (`id`, `from_user_id`, `to_user_id`, `body`, `created_at`) VALUES ('877', '37', '37', 'Autem odit similique velit cupiditate voluptatem molestiae est. Dolorem enim ut voluptates sed. Quas consequuntur voluptatem hic vel eos deleniti officia.', '2019-07-29 13:52:07');
INSERT INTO `messages` (`id`, `from_user_id`, `to_user_id`, `body`, `created_at`) VALUES ('878', '38', '38', 'Molestias explicabo illum qui repellendus. Necessitatibus magni sit vel. Facilis et repudiandae eaque eos et.', '1999-07-18 05:01:46');
INSERT INTO `messages` (`id`, `from_user_id`, `to_user_id`, `body`, `created_at`) VALUES ('879', '39', '39', 'Voluptatem enim expedita nulla laudantium iure suscipit. Explicabo sed molestias sit consequuntur quod. Laborum unde reiciendis molestias quibusdam a consequuntur voluptatem. Non mollitia non fuga et iusto illum.', '1974-07-04 10:27:48');
INSERT INTO `messages` (`id`, `from_user_id`, `to_user_id`, `body`, `created_at`) VALUES ('880', '40', '40', 'Nobis sed libero fugiat quae ut molestiae vero numquam. Molestias enim aut dolores id at quos illum. Architecto molestias quo quis rerum minima. Aut magnam ipsum non molestiae et.', '1977-09-16 03:31:51');
INSERT INTO `messages` (`id`, `from_user_id`, `to_user_id`, `body`, `created_at`) VALUES ('881', '41', '41', 'Cupiditate nostrum ullam enim voluptas est. Rerum ut et nihil vitae. Optio atque provident voluptate at dolorum.', '1976-09-02 02:00:24');
INSERT INTO `messages` (`id`, `from_user_id`, `to_user_id`, `body`, `created_at`) VALUES ('882', '42', '42', 'Tempore praesentium veniam vitae quos vel accusamus libero veniam. Amet deleniti aut ut sed. Architecto accusantium quos sunt occaecati doloribus.', '1977-10-15 21:33:09');
INSERT INTO `messages` (`id`, `from_user_id`, `to_user_id`, `body`, `created_at`) VALUES ('883', '43', '43', 'Sed eos laboriosam ad occaecati. Et rerum modi qui voluptate expedita consectetur ut.', '1982-06-21 01:08:43');
INSERT INTO `messages` (`id`, `from_user_id`, `to_user_id`, `body`, `created_at`) VALUES ('884', '44', '44', 'Voluptatem et voluptatem ut laborum nostrum. Ea beatae harum et quis et eaque libero. Aliquid dicta aut tenetur repellat qui harum aut. Unde sed sint impedit non in enim.', '1977-03-13 08:13:42');
INSERT INTO `messages` (`id`, `from_user_id`, `to_user_id`, `body`, `created_at`) VALUES ('885', '45', '45', 'Quibusdam perferendis sapiente totam omnis. Aut aliquam ut omnis optio reprehenderit nam. Harum natus nobis voluptatem nulla. Illum corporis adipisci sit odio corrupti rerum tempora tempora.', '1995-03-29 02:35:30');
INSERT INTO `messages` (`id`, `from_user_id`, `to_user_id`, `body`, `created_at`) VALUES ('886', '46', '46', 'Dolor voluptas atque corrupti ipsam quas quia. Facilis velit dignissimos laudantium. Non mollitia nam accusamus libero dolores ut.', '2005-06-12 23:50:49');
INSERT INTO `messages` (`id`, `from_user_id`, `to_user_id`, `body`, `created_at`) VALUES ('887', '47', '47', 'Maxime fugiat sapiente incidunt aperiam tenetur. Vel illo numquam adipisci corporis qui earum. Totam porro ab voluptates quidem. Et ratione quae animi.', '2020-04-18 17:22:59');
INSERT INTO `messages` (`id`, `from_user_id`, `to_user_id`, `body`, `created_at`) VALUES ('888', '48', '48', 'Earum et sapiente exercitationem illum et ipsum culpa eum. Magni fugit sed vitae rerum. Sed voluptatem nostrum architecto accusamus non in eum. Est qui quis eligendi ipsam nihil expedita est. Eos voluptatem aspernatur vitae quis.', '1980-04-22 19:27:19');
INSERT INTO `messages` (`id`, `from_user_id`, `to_user_id`, `body`, `created_at`) VALUES ('889', '49', '49', 'Omnis esse dolorum quos non aspernatur molestiae. Voluptas accusantium eum veniam praesentium ut modi dolor delectus. Aut asperiores corporis sit tempore aut id.', '1980-12-10 09:37:52');
INSERT INTO `messages` (`id`, `from_user_id`, `to_user_id`, `body`, `created_at`) VALUES ('890', '50', '50', 'Ducimus rerum est et sed soluta. Qui nemo at et vero non est qui. Ipsum sed possimus et non quia vel. Nemo repudiandae repudiandae expedita in dolores.', '1995-03-05 07:23:50');
INSERT INTO `messages` (`id`, `from_user_id`, `to_user_id`, `body`, `created_at`) VALUES ('891', '51', '51', 'Autem dolor perspiciatis minima. Ab repudiandae vel assumenda a sit perspiciatis atque. Numquam ullam et molestias incidunt.', '1979-07-24 10:27:29');
INSERT INTO `messages` (`id`, `from_user_id`, `to_user_id`, `body`, `created_at`) VALUES ('892', '52', '52', 'Nisi eligendi sapiente vitae doloremque velit. Dolorem voluptatem mollitia eum. Soluta suscipit ipsam totam enim autem.', '2013-06-07 17:41:08');
INSERT INTO `messages` (`id`, `from_user_id`, `to_user_id`, `body`, `created_at`) VALUES ('893', '53', '53', 'Et sint nemo nostrum debitis. Et et id culpa voluptatem quae non. Eligendi eligendi adipisci magni molestias vitae facilis. Beatae deserunt quas quae provident praesentium.', '1976-07-21 14:13:14');
INSERT INTO `messages` (`id`, `from_user_id`, `to_user_id`, `body`, `created_at`) VALUES ('894', '54', '54', 'Vitae molestias sit voluptatum unde cupiditate et. Adipisci consequatur aliquam voluptas magnam.', '2017-09-25 04:42:34');
INSERT INTO `messages` (`id`, `from_user_id`, `to_user_id`, `body`, `created_at`) VALUES ('895', '55', '55', 'Aut minus atque officia doloremque suscipit totam dignissimos ut. Ipsam velit eum molestias. Voluptate est deserunt quam vero. Perspiciatis autem deserunt repellendus veritatis.', '2006-02-09 02:19:29');
INSERT INTO `messages` (`id`, `from_user_id`, `to_user_id`, `body`, `created_at`) VALUES ('896', '56', '56', 'Quia vel et quasi voluptate. Consequatur fugiat repellendus quas velit. Velit nulla et qui suscipit aut expedita.', '2019-09-05 03:33:21');
INSERT INTO `messages` (`id`, `from_user_id`, `to_user_id`, `body`, `created_at`) VALUES ('897', '57', '57', 'Omnis aperiam quam doloremque eligendi distinctio magni maxime numquam. Qui consequatur sed occaecati beatae deleniti illum. Vel voluptatum iusto error. Rerum porro laudantium repellendus odit.', '2014-10-23 04:04:53');
INSERT INTO `messages` (`id`, `from_user_id`, `to_user_id`, `body`, `created_at`) VALUES ('898', '58', '58', 'Harum vitae officiis libero molestiae sed. Dolor ut architecto reiciendis ipsa perspiciatis voluptas veniam. Sequi consequatur exercitationem voluptates. Deserunt dicta quod alias assumenda excepturi iusto.', '1996-01-15 11:48:15');
INSERT INTO `messages` (`id`, `from_user_id`, `to_user_id`, `body`, `created_at`) VALUES ('899', '59', '59', 'Quidem similique beatae eaque sit vel ipsam. Dolorem aspernatur quaerat excepturi voluptatem impedit qui. Voluptatem neque et adipisci qui excepturi alias accusamus.', '1985-12-25 03:10:56');
INSERT INTO `messages` (`id`, `from_user_id`, `to_user_id`, `body`, `created_at`) VALUES ('900', '60', '60', 'Nulla eum eveniet delectus exercitationem suscipit mollitia minus. Et ut aut quo.', '1992-03-20 11:10:13');


#
# TABLE STRUCTURE FOR: photo_albums
#

DROP TABLE IF EXISTS `photo_albums`;

CREATE TABLE `photo_albums` (
  `id` bigint(20) unsigned NOT NULL AUTO_INCREMENT,
  `name` varchar(255) COLLATE utf8_unicode_ci DEFAULT NULL,
  `user_id` bigint(20) unsigned DEFAULT NULL,
  PRIMARY KEY (`id`),
  UNIQUE KEY `id` (`id`),
  KEY `user_id` (`user_id`),
  CONSTRAINT `photo_albums_ibfk_1` FOREIGN KEY (`user_id`) REFERENCES `users` (`id`)
) ENGINE=InnoDB AUTO_INCREMENT=101 DEFAULT CHARSET=utf8 COLLATE=utf8_unicode_ci;

INSERT INTO `photo_albums` (`id`, `name`, `user_id`) VALUES ('1', 'molestiae', '1');
INSERT INTO `photo_albums` (`id`, `name`, `user_id`) VALUES ('2', 'sed', '2');
INSERT INTO `photo_albums` (`id`, `name`, `user_id`) VALUES ('3', 'laborum', '3');
INSERT INTO `photo_albums` (`id`, `name`, `user_id`) VALUES ('4', 'praesentium', '4');
INSERT INTO `photo_albums` (`id`, `name`, `user_id`) VALUES ('5', 'enim', '5');
INSERT INTO `photo_albums` (`id`, `name`, `user_id`) VALUES ('6', 'dolorem', '6');
INSERT INTO `photo_albums` (`id`, `name`, `user_id`) VALUES ('7', 'dicta', '7');
INSERT INTO `photo_albums` (`id`, `name`, `user_id`) VALUES ('8', 'eos', '8');
INSERT INTO `photo_albums` (`id`, `name`, `user_id`) VALUES ('9', 'ut', '9');
INSERT INTO `photo_albums` (`id`, `name`, `user_id`) VALUES ('10', 'et', '10');
INSERT INTO `photo_albums` (`id`, `name`, `user_id`) VALUES ('11', 'temporibus', '11');
INSERT INTO `photo_albums` (`id`, `name`, `user_id`) VALUES ('12', 'magnam', '12');
INSERT INTO `photo_albums` (`id`, `name`, `user_id`) VALUES ('13', 'quam', '13');
INSERT INTO `photo_albums` (`id`, `name`, `user_id`) VALUES ('14', 'consequatur', '14');
INSERT INTO `photo_albums` (`id`, `name`, `user_id`) VALUES ('15', 'voluptas', '15');
INSERT INTO `photo_albums` (`id`, `name`, `user_id`) VALUES ('16', 'necessitatibus', '16');
INSERT INTO `photo_albums` (`id`, `name`, `user_id`) VALUES ('17', 'voluptas', '17');
INSERT INTO `photo_albums` (`id`, `name`, `user_id`) VALUES ('18', 'quasi', '18');
INSERT INTO `photo_albums` (`id`, `name`, `user_id`) VALUES ('19', 'aliquid', '19');
INSERT INTO `photo_albums` (`id`, `name`, `user_id`) VALUES ('20', 'temporibus', '20');
INSERT INTO `photo_albums` (`id`, `name`, `user_id`) VALUES ('21', 'laborum', '21');
INSERT INTO `photo_albums` (`id`, `name`, `user_id`) VALUES ('22', 'voluptatibus', '22');
INSERT INTO `photo_albums` (`id`, `name`, `user_id`) VALUES ('23', 'placeat', '23');
INSERT INTO `photo_albums` (`id`, `name`, `user_id`) VALUES ('24', 'tempora', '24');
INSERT INTO `photo_albums` (`id`, `name`, `user_id`) VALUES ('25', 'deleniti', '25');
INSERT INTO `photo_albums` (`id`, `name`, `user_id`) VALUES ('26', 'provident', '26');
INSERT INTO `photo_albums` (`id`, `name`, `user_id`) VALUES ('27', 'sint', '27');
INSERT INTO `photo_albums` (`id`, `name`, `user_id`) VALUES ('28', 'non', '28');
INSERT INTO `photo_albums` (`id`, `name`, `user_id`) VALUES ('29', 'rerum', '29');
INSERT INTO `photo_albums` (`id`, `name`, `user_id`) VALUES ('30', 'ad', '30');
INSERT INTO `photo_albums` (`id`, `name`, `user_id`) VALUES ('31', 'magni', '31');
INSERT INTO `photo_albums` (`id`, `name`, `user_id`) VALUES ('32', 'ipsum', '32');
INSERT INTO `photo_albums` (`id`, `name`, `user_id`) VALUES ('33', 'voluptatum', '33');
INSERT INTO `photo_albums` (`id`, `name`, `user_id`) VALUES ('34', 'modi', '34');
INSERT INTO `photo_albums` (`id`, `name`, `user_id`) VALUES ('35', 'quo', '35');
INSERT INTO `photo_albums` (`id`, `name`, `user_id`) VALUES ('36', 'ab', '36');
INSERT INTO `photo_albums` (`id`, `name`, `user_id`) VALUES ('37', 'dolore', '37');
INSERT INTO `photo_albums` (`id`, `name`, `user_id`) VALUES ('38', 'temporibus', '38');
INSERT INTO `photo_albums` (`id`, `name`, `user_id`) VALUES ('39', 'non', '39');
INSERT INTO `photo_albums` (`id`, `name`, `user_id`) VALUES ('40', 'doloremque', '40');
INSERT INTO `photo_albums` (`id`, `name`, `user_id`) VALUES ('41', 'quasi', '41');
INSERT INTO `photo_albums` (`id`, `name`, `user_id`) VALUES ('42', 'est', '42');
INSERT INTO `photo_albums` (`id`, `name`, `user_id`) VALUES ('43', 'consequatur', '43');
INSERT INTO `photo_albums` (`id`, `name`, `user_id`) VALUES ('44', 'hic', '44');
INSERT INTO `photo_albums` (`id`, `name`, `user_id`) VALUES ('45', 'officia', '45');
INSERT INTO `photo_albums` (`id`, `name`, `user_id`) VALUES ('46', 'recusandae', '46');
INSERT INTO `photo_albums` (`id`, `name`, `user_id`) VALUES ('47', 'repellat', '47');
INSERT INTO `photo_albums` (`id`, `name`, `user_id`) VALUES ('48', 'molestias', '48');
INSERT INTO `photo_albums` (`id`, `name`, `user_id`) VALUES ('49', 'repellat', '49');
INSERT INTO `photo_albums` (`id`, `name`, `user_id`) VALUES ('50', 'molestiae', '50');
INSERT INTO `photo_albums` (`id`, `name`, `user_id`) VALUES ('51', 'molestias', '51');
INSERT INTO `photo_albums` (`id`, `name`, `user_id`) VALUES ('52', 'inventore', '52');
INSERT INTO `photo_albums` (`id`, `name`, `user_id`) VALUES ('53', 'odio', '53');
INSERT INTO `photo_albums` (`id`, `name`, `user_id`) VALUES ('54', 'est', '54');
INSERT INTO `photo_albums` (`id`, `name`, `user_id`) VALUES ('55', 'dolorem', '55');
INSERT INTO `photo_albums` (`id`, `name`, `user_id`) VALUES ('56', 'accusantium', '56');
INSERT INTO `photo_albums` (`id`, `name`, `user_id`) VALUES ('57', 'non', '57');
INSERT INTO `photo_albums` (`id`, `name`, `user_id`) VALUES ('58', 'deleniti', '58');
INSERT INTO `photo_albums` (`id`, `name`, `user_id`) VALUES ('59', 'ut', '59');
INSERT INTO `photo_albums` (`id`, `name`, `user_id`) VALUES ('60', 'id', '60');
INSERT INTO `photo_albums` (`id`, `name`, `user_id`) VALUES ('61', 'aut', '61');
INSERT INTO `photo_albums` (`id`, `name`, `user_id`) VALUES ('62', 'eius', '62');
INSERT INTO `photo_albums` (`id`, `name`, `user_id`) VALUES ('63', 'ullam', '63');
INSERT INTO `photo_albums` (`id`, `name`, `user_id`) VALUES ('64', 'qui', '64');
INSERT INTO `photo_albums` (`id`, `name`, `user_id`) VALUES ('65', 'odit', '65');
INSERT INTO `photo_albums` (`id`, `name`, `user_id`) VALUES ('66', 'corrupti', '66');
INSERT INTO `photo_albums` (`id`, `name`, `user_id`) VALUES ('67', 'sed', '67');
INSERT INTO `photo_albums` (`id`, `name`, `user_id`) VALUES ('68', 'rerum', '68');
INSERT INTO `photo_albums` (`id`, `name`, `user_id`) VALUES ('69', 'similique', '69');
INSERT INTO `photo_albums` (`id`, `name`, `user_id`) VALUES ('70', 'neque', '70');
INSERT INTO `photo_albums` (`id`, `name`, `user_id`) VALUES ('71', 'cupiditate', '71');
INSERT INTO `photo_albums` (`id`, `name`, `user_id`) VALUES ('72', 'labore', '72');
INSERT INTO `photo_albums` (`id`, `name`, `user_id`) VALUES ('73', 'quas', '73');
INSERT INTO `photo_albums` (`id`, `name`, `user_id`) VALUES ('74', 'sed', '74');
INSERT INTO `photo_albums` (`id`, `name`, `user_id`) VALUES ('75', 'quo', '75');
INSERT INTO `photo_albums` (`id`, `name`, `user_id`) VALUES ('76', 'animi', '76');
INSERT INTO `photo_albums` (`id`, `name`, `user_id`) VALUES ('77', 'inventore', '77');
INSERT INTO `photo_albums` (`id`, `name`, `user_id`) VALUES ('78', 'aut', '78');
INSERT INTO `photo_albums` (`id`, `name`, `user_id`) VALUES ('79', 'aspernatur', '79');
INSERT INTO `photo_albums` (`id`, `name`, `user_id`) VALUES ('80', 'ad', '80');
INSERT INTO `photo_albums` (`id`, `name`, `user_id`) VALUES ('81', 'non', '81');
INSERT INTO `photo_albums` (`id`, `name`, `user_id`) VALUES ('82', 'amet', '82');
INSERT INTO `photo_albums` (`id`, `name`, `user_id`) VALUES ('83', 'blanditiis', '83');
INSERT INTO `photo_albums` (`id`, `name`, `user_id`) VALUES ('84', 'saepe', '84');
INSERT INTO `photo_albums` (`id`, `name`, `user_id`) VALUES ('85', 'totam', '85');
INSERT INTO `photo_albums` (`id`, `name`, `user_id`) VALUES ('86', 'eos', '86');
INSERT INTO `photo_albums` (`id`, `name`, `user_id`) VALUES ('87', 'modi', '87');
INSERT INTO `photo_albums` (`id`, `name`, `user_id`) VALUES ('88', 'est', '88');
INSERT INTO `photo_albums` (`id`, `name`, `user_id`) VALUES ('89', 'suscipit', '89');
INSERT INTO `photo_albums` (`id`, `name`, `user_id`) VALUES ('90', 'qui', '90');
INSERT INTO `photo_albums` (`id`, `name`, `user_id`) VALUES ('91', 'nemo', '91');
INSERT INTO `photo_albums` (`id`, `name`, `user_id`) VALUES ('92', 'inventore', '92');
INSERT INTO `photo_albums` (`id`, `name`, `user_id`) VALUES ('93', 'totam', '93');
INSERT INTO `photo_albums` (`id`, `name`, `user_id`) VALUES ('94', 'autem', '94');
INSERT INTO `photo_albums` (`id`, `name`, `user_id`) VALUES ('95', 'voluptatum', '95');
INSERT INTO `photo_albums` (`id`, `name`, `user_id`) VALUES ('96', 'qui', '96');
INSERT INTO `photo_albums` (`id`, `name`, `user_id`) VALUES ('97', 'placeat', '97');
INSERT INTO `photo_albums` (`id`, `name`, `user_id`) VALUES ('98', 'ducimus', '98');
INSERT INTO `photo_albums` (`id`, `name`, `user_id`) VALUES ('99', 'est', '99');
INSERT INTO `photo_albums` (`id`, `name`, `user_id`) VALUES ('100', 'aut', '100');


#
# TABLE STRUCTURE FOR: photos
#

DROP TABLE IF EXISTS `photos`;

CREATE TABLE `photos` (
  `id` bigint(20) unsigned NOT NULL AUTO_INCREMENT,
  `album_id` bigint(20) unsigned NOT NULL,
  `media_id` bigint(20) unsigned NOT NULL,
  PRIMARY KEY (`id`),
  KEY `album_id` (`album_id`),
  KEY `media_id` (`media_id`),
  CONSTRAINT `photos_ibfk_1` FOREIGN KEY (`album_id`) REFERENCES `photo_albums` (`id`),
  CONSTRAINT `photos_ibfk_2` FOREIGN KEY (`media_id`) REFERENCES `media` (`id`)
) ENGINE=InnoDB AUTO_INCREMENT=81 DEFAULT CHARSET=utf8 COLLATE=utf8_unicode_ci;

INSERT INTO `photos` (`id`, `album_id`, `media_id`) VALUES ('1', '1', '1');
INSERT INTO `photos` (`id`, `album_id`, `media_id`) VALUES ('2', '2', '2');
INSERT INTO `photos` (`id`, `album_id`, `media_id`) VALUES ('3', '3', '3');
INSERT INTO `photos` (`id`, `album_id`, `media_id`) VALUES ('4', '4', '4');
INSERT INTO `photos` (`id`, `album_id`, `media_id`) VALUES ('5', '5', '5');
INSERT INTO `photos` (`id`, `album_id`, `media_id`) VALUES ('6', '6', '6');
INSERT INTO `photos` (`id`, `album_id`, `media_id`) VALUES ('7', '7', '7');
INSERT INTO `photos` (`id`, `album_id`, `media_id`) VALUES ('8', '8', '8');
INSERT INTO `photos` (`id`, `album_id`, `media_id`) VALUES ('9', '9', '9');
INSERT INTO `photos` (`id`, `album_id`, `media_id`) VALUES ('10', '10', '10');
INSERT INTO `photos` (`id`, `album_id`, `media_id`) VALUES ('11', '11', '11');
INSERT INTO `photos` (`id`, `album_id`, `media_id`) VALUES ('12', '12', '12');
INSERT INTO `photos` (`id`, `album_id`, `media_id`) VALUES ('13', '13', '13');
INSERT INTO `photos` (`id`, `album_id`, `media_id`) VALUES ('14', '14', '14');
INSERT INTO `photos` (`id`, `album_id`, `media_id`) VALUES ('15', '15', '15');
INSERT INTO `photos` (`id`, `album_id`, `media_id`) VALUES ('16', '16', '16');
INSERT INTO `photos` (`id`, `album_id`, `media_id`) VALUES ('17', '17', '17');
INSERT INTO `photos` (`id`, `album_id`, `media_id`) VALUES ('18', '18', '18');
INSERT INTO `photos` (`id`, `album_id`, `media_id`) VALUES ('19', '19', '19');
INSERT INTO `photos` (`id`, `album_id`, `media_id`) VALUES ('20', '20', '20');
INSERT INTO `photos` (`id`, `album_id`, `media_id`) VALUES ('21', '21', '21');
INSERT INTO `photos` (`id`, `album_id`, `media_id`) VALUES ('22', '22', '22');
INSERT INTO `photos` (`id`, `album_id`, `media_id`) VALUES ('23', '23', '23');
INSERT INTO `photos` (`id`, `album_id`, `media_id`) VALUES ('24', '24', '24');
INSERT INTO `photos` (`id`, `album_id`, `media_id`) VALUES ('25', '25', '25');
INSERT INTO `photos` (`id`, `album_id`, `media_id`) VALUES ('26', '26', '26');
INSERT INTO `photos` (`id`, `album_id`, `media_id`) VALUES ('27', '27', '27');
INSERT INTO `photos` (`id`, `album_id`, `media_id`) VALUES ('28', '28', '28');
INSERT INTO `photos` (`id`, `album_id`, `media_id`) VALUES ('29', '29', '29');
INSERT INTO `photos` (`id`, `album_id`, `media_id`) VALUES ('30', '30', '30');
INSERT INTO `photos` (`id`, `album_id`, `media_id`) VALUES ('31', '31', '31');
INSERT INTO `photos` (`id`, `album_id`, `media_id`) VALUES ('32', '32', '32');
INSERT INTO `photos` (`id`, `album_id`, `media_id`) VALUES ('33', '33', '33');
INSERT INTO `photos` (`id`, `album_id`, `media_id`) VALUES ('34', '34', '34');
INSERT INTO `photos` (`id`, `album_id`, `media_id`) VALUES ('35', '35', '35');
INSERT INTO `photos` (`id`, `album_id`, `media_id`) VALUES ('36', '36', '36');
INSERT INTO `photos` (`id`, `album_id`, `media_id`) VALUES ('37', '37', '37');
INSERT INTO `photos` (`id`, `album_id`, `media_id`) VALUES ('38', '38', '38');
INSERT INTO `photos` (`id`, `album_id`, `media_id`) VALUES ('39', '39', '39');
INSERT INTO `photos` (`id`, `album_id`, `media_id`) VALUES ('40', '40', '40');
INSERT INTO `photos` (`id`, `album_id`, `media_id`) VALUES ('41', '41', '41');
INSERT INTO `photos` (`id`, `album_id`, `media_id`) VALUES ('42', '42', '42');
INSERT INTO `photos` (`id`, `album_id`, `media_id`) VALUES ('43', '43', '43');
INSERT INTO `photos` (`id`, `album_id`, `media_id`) VALUES ('44', '44', '44');
INSERT INTO `photos` (`id`, `album_id`, `media_id`) VALUES ('45', '45', '45');
INSERT INTO `photos` (`id`, `album_id`, `media_id`) VALUES ('46', '46', '46');
INSERT INTO `photos` (`id`, `album_id`, `media_id`) VALUES ('47', '47', '47');
INSERT INTO `photos` (`id`, `album_id`, `media_id`) VALUES ('48', '48', '48');
INSERT INTO `photos` (`id`, `album_id`, `media_id`) VALUES ('49', '49', '49');
INSERT INTO `photos` (`id`, `album_id`, `media_id`) VALUES ('50', '50', '50');
INSERT INTO `photos` (`id`, `album_id`, `media_id`) VALUES ('51', '51', '51');
INSERT INTO `photos` (`id`, `album_id`, `media_id`) VALUES ('52', '52', '52');
INSERT INTO `photos` (`id`, `album_id`, `media_id`) VALUES ('53', '53', '53');
INSERT INTO `photos` (`id`, `album_id`, `media_id`) VALUES ('54', '54', '54');
INSERT INTO `photos` (`id`, `album_id`, `media_id`) VALUES ('55', '55', '55');
INSERT INTO `photos` (`id`, `album_id`, `media_id`) VALUES ('56', '56', '56');
INSERT INTO `photos` (`id`, `album_id`, `media_id`) VALUES ('57', '57', '57');
INSERT INTO `photos` (`id`, `album_id`, `media_id`) VALUES ('58', '58', '58');
INSERT INTO `photos` (`id`, `album_id`, `media_id`) VALUES ('59', '59', '59');
INSERT INTO `photos` (`id`, `album_id`, `media_id`) VALUES ('60', '60', '60');
INSERT INTO `photos` (`id`, `album_id`, `media_id`) VALUES ('61', '61', '61');
INSERT INTO `photos` (`id`, `album_id`, `media_id`) VALUES ('62', '62', '62');
INSERT INTO `photos` (`id`, `album_id`, `media_id`) VALUES ('63', '63', '63');
INSERT INTO `photos` (`id`, `album_id`, `media_id`) VALUES ('64', '64', '64');
INSERT INTO `photos` (`id`, `album_id`, `media_id`) VALUES ('65', '65', '65');
INSERT INTO `photos` (`id`, `album_id`, `media_id`) VALUES ('66', '66', '66');
INSERT INTO `photos` (`id`, `album_id`, `media_id`) VALUES ('67', '67', '67');
INSERT INTO `photos` (`id`, `album_id`, `media_id`) VALUES ('68', '68', '68');
INSERT INTO `photos` (`id`, `album_id`, `media_id`) VALUES ('69', '69', '69');
INSERT INTO `photos` (`id`, `album_id`, `media_id`) VALUES ('70', '70', '70');
INSERT INTO `photos` (`id`, `album_id`, `media_id`) VALUES ('71', '71', '71');
INSERT INTO `photos` (`id`, `album_id`, `media_id`) VALUES ('72', '72', '72');
INSERT INTO `photos` (`id`, `album_id`, `media_id`) VALUES ('73', '73', '73');
INSERT INTO `photos` (`id`, `album_id`, `media_id`) VALUES ('74', '74', '74');
INSERT INTO `photos` (`id`, `album_id`, `media_id`) VALUES ('75', '75', '75');
INSERT INTO `photos` (`id`, `album_id`, `media_id`) VALUES ('76', '76', '76');
INSERT INTO `photos` (`id`, `album_id`, `media_id`) VALUES ('77', '77', '77');
INSERT INTO `photos` (`id`, `album_id`, `media_id`) VALUES ('78', '78', '78');
INSERT INTO `photos` (`id`, `album_id`, `media_id`) VALUES ('79', '79', '79');
INSERT INTO `photos` (`id`, `album_id`, `media_id`) VALUES ('80', '80', '80');


#
# TABLE STRUCTURE FOR: profiles
#

DROP TABLE IF EXISTS `profiles`;

CREATE TABLE `profiles` (
  `user_id` bigint(20) unsigned NOT NULL AUTO_INCREMENT,
  `gender` char(1) COLLATE utf8_unicode_ci DEFAULT NULL,
  `birthday` date DEFAULT NULL,
  `photo_id` bigint(20) unsigned DEFAULT NULL,
  `created_at` datetime DEFAULT current_timestamp(),
  `hometown` varchar(100) COLLATE utf8_unicode_ci DEFAULT NULL,
  PRIMARY KEY (`user_id`),
  CONSTRAINT `profiles_ibfk_1` FOREIGN KEY (`user_id`) REFERENCES `users` (`id`) ON UPDATE CASCADE
) ENGINE=InnoDB AUTO_INCREMENT=101 DEFAULT CHARSET=utf8 COLLATE=utf8_unicode_ci;

INSERT INTO `profiles` (`user_id`, `gender`, `birthday`, `photo_id`, `created_at`, `hometown`) VALUES ('1', 'p', '2000-04-12', '1', '1999-09-10 05:03:15', NULL);
INSERT INTO `profiles` (`user_id`, `gender`, `birthday`, `photo_id`, `created_at`, `hometown`) VALUES ('2', 'r', '1984-07-13', '2', '1974-03-24 11:28:10', NULL);
INSERT INTO `profiles` (`user_id`, `gender`, `birthday`, `photo_id`, `created_at`, `hometown`) VALUES ('3', 'o', '1996-06-09', '3', '2003-04-29 05:09:00', NULL);
INSERT INTO `profiles` (`user_id`, `gender`, `birthday`, `photo_id`, `created_at`, `hometown`) VALUES ('4', 'c', '1996-09-12', '4', '1990-10-27 05:07:49', NULL);
INSERT INTO `profiles` (`user_id`, `gender`, `birthday`, `photo_id`, `created_at`, `hometown`) VALUES ('5', 'j', '1990-02-23', '5', '1999-03-11 22:07:31', NULL);
INSERT INTO `profiles` (`user_id`, `gender`, `birthday`, `photo_id`, `created_at`, `hometown`) VALUES ('6', 'g', '2011-02-18', '6', '1995-06-07 04:55:07', NULL);
INSERT INTO `profiles` (`user_id`, `gender`, `birthday`, `photo_id`, `created_at`, `hometown`) VALUES ('7', 'e', '2003-07-24', '7', '2020-05-16 09:16:49', NULL);
INSERT INTO `profiles` (`user_id`, `gender`, `birthday`, `photo_id`, `created_at`, `hometown`) VALUES ('8', 'w', '1984-05-17', '8', '1989-01-08 23:55:57', NULL);
INSERT INTO `profiles` (`user_id`, `gender`, `birthday`, `photo_id`, `created_at`, `hometown`) VALUES ('9', 'b', '2016-01-14', '9', '1979-05-23 05:47:48', NULL);
INSERT INTO `profiles` (`user_id`, `gender`, `birthday`, `photo_id`, `created_at`, `hometown`) VALUES ('10', 's', '2013-05-15', '10', '1984-01-27 08:36:12', NULL);
INSERT INTO `profiles` (`user_id`, `gender`, `birthday`, `photo_id`, `created_at`, `hometown`) VALUES ('11', 'c', '1977-10-14', '11', '2003-01-12 05:52:28', NULL);
INSERT INTO `profiles` (`user_id`, `gender`, `birthday`, `photo_id`, `created_at`, `hometown`) VALUES ('12', 'n', '2014-09-07', '12', '1980-12-04 06:50:45', NULL);
INSERT INTO `profiles` (`user_id`, `gender`, `birthday`, `photo_id`, `created_at`, `hometown`) VALUES ('13', 'h', '2008-11-17', '13', '1970-12-25 11:20:06', NULL);
INSERT INTO `profiles` (`user_id`, `gender`, `birthday`, `photo_id`, `created_at`, `hometown`) VALUES ('14', 'd', '1974-12-25', '14', '1992-03-14 05:35:20', NULL);
INSERT INTO `profiles` (`user_id`, `gender`, `birthday`, `photo_id`, `created_at`, `hometown`) VALUES ('15', 'h', '1981-12-17', '15', '1991-12-09 15:18:50', NULL);
INSERT INTO `profiles` (`user_id`, `gender`, `birthday`, `photo_id`, `created_at`, `hometown`) VALUES ('16', 'w', '2013-05-12', '16', '1979-08-02 01:46:19', NULL);
INSERT INTO `profiles` (`user_id`, `gender`, `birthday`, `photo_id`, `created_at`, `hometown`) VALUES ('17', 'm', '1974-12-25', '17', '1988-02-21 03:13:36', NULL);
INSERT INTO `profiles` (`user_id`, `gender`, `birthday`, `photo_id`, `created_at`, `hometown`) VALUES ('18', 'e', '2006-07-09', '18', '2013-10-14 17:32:41', NULL);
INSERT INTO `profiles` (`user_id`, `gender`, `birthday`, `photo_id`, `created_at`, `hometown`) VALUES ('19', 'p', '1987-09-03', '19', '1971-07-31 21:39:17', NULL);
INSERT INTO `profiles` (`user_id`, `gender`, `birthday`, `photo_id`, `created_at`, `hometown`) VALUES ('20', 'r', '2008-04-07', '20', '1975-03-08 14:14:42', NULL);
INSERT INTO `profiles` (`user_id`, `gender`, `birthday`, `photo_id`, `created_at`, `hometown`) VALUES ('21', 'k', '2009-05-30', '21', '1970-06-03 17:44:38', NULL);
INSERT INTO `profiles` (`user_id`, `gender`, `birthday`, `photo_id`, `created_at`, `hometown`) VALUES ('22', 'c', '2009-09-22', '22', '1973-04-28 17:18:19', NULL);
INSERT INTO `profiles` (`user_id`, `gender`, `birthday`, `photo_id`, `created_at`, `hometown`) VALUES ('23', 'f', '1978-01-19', '23', '1986-03-11 20:47:32', NULL);
INSERT INTO `profiles` (`user_id`, `gender`, `birthday`, `photo_id`, `created_at`, `hometown`) VALUES ('24', 'm', '2008-06-30', '24', '1976-09-20 20:54:41', NULL);
INSERT INTO `profiles` (`user_id`, `gender`, `birthday`, `photo_id`, `created_at`, `hometown`) VALUES ('25', 'z', '2016-01-14', '25', '1975-10-29 00:37:10', NULL);
INSERT INTO `profiles` (`user_id`, `gender`, `birthday`, `photo_id`, `created_at`, `hometown`) VALUES ('26', 'f', '1990-01-13', '26', '1994-02-25 05:21:41', NULL);
INSERT INTO `profiles` (`user_id`, `gender`, `birthday`, `photo_id`, `created_at`, `hometown`) VALUES ('27', 'e', '2019-01-08', '27', '1970-02-04 19:53:33', NULL);
INSERT INTO `profiles` (`user_id`, `gender`, `birthday`, `photo_id`, `created_at`, `hometown`) VALUES ('28', 's', '1994-09-24', '28', '2014-12-23 02:02:22', NULL);
INSERT INTO `profiles` (`user_id`, `gender`, `birthday`, `photo_id`, `created_at`, `hometown`) VALUES ('29', 'k', '2007-03-12', '29', '1979-07-05 22:00:33', NULL);
INSERT INTO `profiles` (`user_id`, `gender`, `birthday`, `photo_id`, `created_at`, `hometown`) VALUES ('30', 'y', '1985-07-23', '30', '2009-04-15 21:12:36', NULL);
INSERT INTO `profiles` (`user_id`, `gender`, `birthday`, `photo_id`, `created_at`, `hometown`) VALUES ('31', 'e', '2007-11-30', '31', '2012-08-30 13:22:31', NULL);
INSERT INTO `profiles` (`user_id`, `gender`, `birthday`, `photo_id`, `created_at`, `hometown`) VALUES ('32', 'a', '2002-01-20', '32', '1995-07-19 17:38:40', NULL);
INSERT INTO `profiles` (`user_id`, `gender`, `birthday`, `photo_id`, `created_at`, `hometown`) VALUES ('33', 'r', '1986-07-17', '33', '1979-11-28 01:31:36', NULL);
INSERT INTO `profiles` (`user_id`, `gender`, `birthday`, `photo_id`, `created_at`, `hometown`) VALUES ('34', 'a', '1977-12-12', '34', '1973-08-19 10:01:20', NULL);
INSERT INTO `profiles` (`user_id`, `gender`, `birthday`, `photo_id`, `created_at`, `hometown`) VALUES ('35', 't', '2014-09-21', '35', '1995-12-24 17:12:28', NULL);
INSERT INTO `profiles` (`user_id`, `gender`, `birthday`, `photo_id`, `created_at`, `hometown`) VALUES ('36', 'a', '2014-12-19', '36', '1978-09-15 21:33:43', NULL);
INSERT INTO `profiles` (`user_id`, `gender`, `birthday`, `photo_id`, `created_at`, `hometown`) VALUES ('37', 'u', '1986-09-18', '37', '2012-09-03 00:40:54', NULL);
INSERT INTO `profiles` (`user_id`, `gender`, `birthday`, `photo_id`, `created_at`, `hometown`) VALUES ('38', 'i', '2010-07-21', '38', '1975-11-17 22:15:30', NULL);
INSERT INTO `profiles` (`user_id`, `gender`, `birthday`, `photo_id`, `created_at`, `hometown`) VALUES ('39', 'f', '2009-08-30', '39', '1996-12-10 07:12:51', NULL);
INSERT INTO `profiles` (`user_id`, `gender`, `birthday`, `photo_id`, `created_at`, `hometown`) VALUES ('40', 'z', '1990-09-19', '40', '1985-01-11 23:31:27', NULL);
INSERT INTO `profiles` (`user_id`, `gender`, `birthday`, `photo_id`, `created_at`, `hometown`) VALUES ('41', 'u', '1989-07-15', '41', '2015-04-07 23:31:34', NULL);
INSERT INTO `profiles` (`user_id`, `gender`, `birthday`, `photo_id`, `created_at`, `hometown`) VALUES ('42', 'y', '2002-05-06', '42', '1989-01-07 15:24:42', NULL);
INSERT INTO `profiles` (`user_id`, `gender`, `birthday`, `photo_id`, `created_at`, `hometown`) VALUES ('43', 'm', '1982-04-13', '43', '1995-10-09 07:43:00', NULL);
INSERT INTO `profiles` (`user_id`, `gender`, `birthday`, `photo_id`, `created_at`, `hometown`) VALUES ('44', 'l', '1987-08-08', '44', '2002-04-06 13:28:53', NULL);
INSERT INTO `profiles` (`user_id`, `gender`, `birthday`, `photo_id`, `created_at`, `hometown`) VALUES ('45', 'f', '1985-06-02', '45', '2007-09-17 11:03:20', NULL);
INSERT INTO `profiles` (`user_id`, `gender`, `birthday`, `photo_id`, `created_at`, `hometown`) VALUES ('46', 'c', '1982-01-26', '46', '2002-06-13 01:34:24', NULL);
INSERT INTO `profiles` (`user_id`, `gender`, `birthday`, `photo_id`, `created_at`, `hometown`) VALUES ('47', 't', '2014-06-06', '47', '1973-04-06 12:22:36', NULL);
INSERT INTO `profiles` (`user_id`, `gender`, `birthday`, `photo_id`, `created_at`, `hometown`) VALUES ('48', 'v', '1995-01-20', '48', '2019-06-07 16:39:03', NULL);
INSERT INTO `profiles` (`user_id`, `gender`, `birthday`, `photo_id`, `created_at`, `hometown`) VALUES ('49', 'c', '1985-03-29', '49', '2006-04-21 01:52:49', NULL);
INSERT INTO `profiles` (`user_id`, `gender`, `birthday`, `photo_id`, `created_at`, `hometown`) VALUES ('50', 'g', '2006-08-20', '50', '1991-01-30 12:24:03', NULL);
INSERT INTO `profiles` (`user_id`, `gender`, `birthday`, `photo_id`, `created_at`, `hometown`) VALUES ('51', 'b', '1980-12-28', '51', '1973-09-22 22:47:24', NULL);
INSERT INTO `profiles` (`user_id`, `gender`, `birthday`, `photo_id`, `created_at`, `hometown`) VALUES ('52', 'j', '1977-10-11', '52', '1995-06-15 23:04:29', NULL);
INSERT INTO `profiles` (`user_id`, `gender`, `birthday`, `photo_id`, `created_at`, `hometown`) VALUES ('53', 'h', '2011-01-17', '53', '2008-10-20 02:25:35', NULL);
INSERT INTO `profiles` (`user_id`, `gender`, `birthday`, `photo_id`, `created_at`, `hometown`) VALUES ('54', 's', '1976-04-11', '54', '1975-01-29 00:22:38', NULL);
INSERT INTO `profiles` (`user_id`, `gender`, `birthday`, `photo_id`, `created_at`, `hometown`) VALUES ('55', 'o', '1995-10-21', '55', '1970-05-30 11:39:24', NULL);
INSERT INTO `profiles` (`user_id`, `gender`, `birthday`, `photo_id`, `created_at`, `hometown`) VALUES ('56', 'b', '1977-02-02', '56', '1984-08-21 22:15:38', NULL);
INSERT INTO `profiles` (`user_id`, `gender`, `birthday`, `photo_id`, `created_at`, `hometown`) VALUES ('57', 'a', '1990-05-16', '57', '2000-01-02 22:57:09', NULL);
INSERT INTO `profiles` (`user_id`, `gender`, `birthday`, `photo_id`, `created_at`, `hometown`) VALUES ('58', 'k', '1993-10-24', '58', '2004-10-17 19:00:05', NULL);
INSERT INTO `profiles` (`user_id`, `gender`, `birthday`, `photo_id`, `created_at`, `hometown`) VALUES ('59', 'j', '2007-05-16', '59', '1978-07-27 11:35:46', NULL);
INSERT INTO `profiles` (`user_id`, `gender`, `birthday`, `photo_id`, `created_at`, `hometown`) VALUES ('60', 'k', '2007-10-03', '60', '2017-07-16 21:23:09', NULL);
INSERT INTO `profiles` (`user_id`, `gender`, `birthday`, `photo_id`, `created_at`, `hometown`) VALUES ('61', 'c', '1974-05-30', '61', '2014-11-18 19:34:54', NULL);
INSERT INTO `profiles` (`user_id`, `gender`, `birthday`, `photo_id`, `created_at`, `hometown`) VALUES ('62', 'x', '1996-08-07', '62', '1970-11-08 18:31:13', NULL);
INSERT INTO `profiles` (`user_id`, `gender`, `birthday`, `photo_id`, `created_at`, `hometown`) VALUES ('63', 'v', '1993-05-25', '63', '1992-03-02 17:53:33', NULL);
INSERT INTO `profiles` (`user_id`, `gender`, `birthday`, `photo_id`, `created_at`, `hometown`) VALUES ('64', 'r', '1998-09-30', '64', '1978-02-13 00:50:56', NULL);
INSERT INTO `profiles` (`user_id`, `gender`, `birthday`, `photo_id`, `created_at`, `hometown`) VALUES ('65', 'o', '1980-12-07', '65', '1984-09-27 00:05:51', NULL);
INSERT INTO `profiles` (`user_id`, `gender`, `birthday`, `photo_id`, `created_at`, `hometown`) VALUES ('66', 'q', '1977-07-29', '66', '1982-10-13 07:45:38', NULL);
INSERT INTO `profiles` (`user_id`, `gender`, `birthday`, `photo_id`, `created_at`, `hometown`) VALUES ('67', 'a', '2013-05-27', '67', '1997-10-19 03:42:35', NULL);
INSERT INTO `profiles` (`user_id`, `gender`, `birthday`, `photo_id`, `created_at`, `hometown`) VALUES ('68', 'l', '2003-04-14', '68', '2006-05-15 04:48:39', NULL);
INSERT INTO `profiles` (`user_id`, `gender`, `birthday`, `photo_id`, `created_at`, `hometown`) VALUES ('69', 'c', '1975-06-03', '69', '1990-10-07 11:38:04', NULL);
INSERT INTO `profiles` (`user_id`, `gender`, `birthday`, `photo_id`, `created_at`, `hometown`) VALUES ('70', 'y', '2011-10-15', '70', '1987-12-09 07:36:22', NULL);
INSERT INTO `profiles` (`user_id`, `gender`, `birthday`, `photo_id`, `created_at`, `hometown`) VALUES ('71', 'v', '1976-05-05', '71', '2017-02-19 11:52:00', NULL);
INSERT INTO `profiles` (`user_id`, `gender`, `birthday`, `photo_id`, `created_at`, `hometown`) VALUES ('72', 'j', '1974-04-13', '72', '2020-02-26 08:21:00', NULL);
INSERT INTO `profiles` (`user_id`, `gender`, `birthday`, `photo_id`, `created_at`, `hometown`) VALUES ('73', 's', '2009-05-02', '73', '1990-01-21 02:34:45', NULL);
INSERT INTO `profiles` (`user_id`, `gender`, `birthday`, `photo_id`, `created_at`, `hometown`) VALUES ('74', 'v', '1993-12-31', '74', '2000-07-27 14:29:09', NULL);
INSERT INTO `profiles` (`user_id`, `gender`, `birthday`, `photo_id`, `created_at`, `hometown`) VALUES ('75', 'w', '1973-12-14', '75', '1996-09-02 21:34:57', NULL);
INSERT INTO `profiles` (`user_id`, `gender`, `birthday`, `photo_id`, `created_at`, `hometown`) VALUES ('76', 'f', '1975-11-22', '76', '2012-11-06 15:41:34', NULL);
INSERT INTO `profiles` (`user_id`, `gender`, `birthday`, `photo_id`, `created_at`, `hometown`) VALUES ('77', 'f', '1974-07-27', '77', '2008-09-08 19:11:48', NULL);
INSERT INTO `profiles` (`user_id`, `gender`, `birthday`, `photo_id`, `created_at`, `hometown`) VALUES ('78', 'j', '1974-07-03', '78', '1976-11-22 17:53:20', NULL);
INSERT INTO `profiles` (`user_id`, `gender`, `birthday`, `photo_id`, `created_at`, `hometown`) VALUES ('79', 'w', '1994-07-26', '79', '1998-04-23 10:32:33', NULL);
INSERT INTO `profiles` (`user_id`, `gender`, `birthday`, `photo_id`, `created_at`, `hometown`) VALUES ('80', 'u', '2008-08-25', '80', '2018-12-25 21:25:08', NULL);
INSERT INTO `profiles` (`user_id`, `gender`, `birthday`, `photo_id`, `created_at`, `hometown`) VALUES ('81', 'r', '1991-09-21', '1', '1988-02-25 09:09:00', NULL);
INSERT INTO `profiles` (`user_id`, `gender`, `birthday`, `photo_id`, `created_at`, `hometown`) VALUES ('82', 'h', '1998-05-16', '2', '1974-03-28 19:36:27', NULL);
INSERT INTO `profiles` (`user_id`, `gender`, `birthday`, `photo_id`, `created_at`, `hometown`) VALUES ('83', 'b', '2015-08-18', '3', '1991-09-24 04:30:56', NULL);
INSERT INTO `profiles` (`user_id`, `gender`, `birthday`, `photo_id`, `created_at`, `hometown`) VALUES ('84', 'n', '1981-12-18', '4', '1994-03-14 13:28:57', NULL);
INSERT INTO `profiles` (`user_id`, `gender`, `birthday`, `photo_id`, `created_at`, `hometown`) VALUES ('85', 'd', '1985-06-21', '5', '1988-02-11 10:39:15', NULL);
INSERT INTO `profiles` (`user_id`, `gender`, `birthday`, `photo_id`, `created_at`, `hometown`) VALUES ('86', 'x', '2012-07-31', '6', '1979-10-20 15:42:10', NULL);
INSERT INTO `profiles` (`user_id`, `gender`, `birthday`, `photo_id`, `created_at`, `hometown`) VALUES ('87', 'z', '1977-02-09', '7', '1990-08-03 20:20:19', NULL);
INSERT INTO `profiles` (`user_id`, `gender`, `birthday`, `photo_id`, `created_at`, `hometown`) VALUES ('88', 'k', '1991-10-14', '8', '2013-04-19 04:42:54', NULL);
INSERT INTO `profiles` (`user_id`, `gender`, `birthday`, `photo_id`, `created_at`, `hometown`) VALUES ('89', 'o', '1982-01-09', '9', '1993-11-28 22:47:33', NULL);
INSERT INTO `profiles` (`user_id`, `gender`, `birthday`, `photo_id`, `created_at`, `hometown`) VALUES ('90', 's', '2017-12-05', '10', '1989-08-30 13:17:15', NULL);
INSERT INTO `profiles` (`user_id`, `gender`, `birthday`, `photo_id`, `created_at`, `hometown`) VALUES ('91', 'o', '2013-04-16', '11', '2019-07-01 01:24:47', NULL);
INSERT INTO `profiles` (`user_id`, `gender`, `birthday`, `photo_id`, `created_at`, `hometown`) VALUES ('92', 'r', '2016-05-06', '12', '2016-05-17 02:22:41', NULL);
INSERT INTO `profiles` (`user_id`, `gender`, `birthday`, `photo_id`, `created_at`, `hometown`) VALUES ('93', 'j', '1972-11-02', '13', '2007-08-07 16:28:42', NULL);
INSERT INTO `profiles` (`user_id`, `gender`, `birthday`, `photo_id`, `created_at`, `hometown`) VALUES ('94', 'q', '2001-02-06', '14', '1999-06-25 00:47:39', NULL);
INSERT INTO `profiles` (`user_id`, `gender`, `birthday`, `photo_id`, `created_at`, `hometown`) VALUES ('95', 'x', '1991-11-03', '15', '1989-11-03 11:48:41', NULL);
INSERT INTO `profiles` (`user_id`, `gender`, `birthday`, `photo_id`, `created_at`, `hometown`) VALUES ('96', 'l', '2016-01-07', '16', '2013-02-26 07:23:24', NULL);
INSERT INTO `profiles` (`user_id`, `gender`, `birthday`, `photo_id`, `created_at`, `hometown`) VALUES ('97', 'j', '2006-09-12', '17', '1999-01-08 05:02:07', NULL);
INSERT INTO `profiles` (`user_id`, `gender`, `birthday`, `photo_id`, `created_at`, `hometown`) VALUES ('98', 'y', '1994-12-09', '18', '2007-02-14 00:15:40', NULL);
INSERT INTO `profiles` (`user_id`, `gender`, `birthday`, `photo_id`, `created_at`, `hometown`) VALUES ('99', 'a', '1976-07-17', '19', '2019-05-07 22:09:30', NULL);
INSERT INTO `profiles` (`user_id`, `gender`, `birthday`, `photo_id`, `created_at`, `hometown`) VALUES ('100', 'r', '1975-06-11', '20', '1988-10-05 12:21:01', NULL);


#
# TABLE STRUCTURE FOR: users
#

DROP TABLE IF EXISTS `users`;

CREATE TABLE `users` (
  `id` bigint(20) unsigned NOT NULL AUTO_INCREMENT,
  `firstname` varchar(50) COLLATE utf8_unicode_ci DEFAULT NULL,
  `lastname` varchar(50) COLLATE utf8_unicode_ci DEFAULT NULL COMMENT '',
  `email` varchar(120) COLLATE utf8_unicode_ci DEFAULT NULL,
  `phone` bigint(20) DEFAULT NULL,
  PRIMARY KEY (`id`),
  UNIQUE KEY `email` (`email`),
  KEY `users_phone_idx` (`phone`),
  KEY `users_firstname_lastname_idx` (`firstname`,`lastname`)
) ENGINE=InnoDB AUTO_INCREMENT=121 DEFAULT CHARSET=utf8 COLLATE=utf8_unicode_ci;

INSERT INTO `users` (`id`, `firstname`, `lastname`, `email`, `phone`) VALUES ('1', 'Adrienne', 'McDermott', 'ebahringer@example.net', '730');
INSERT INTO `users` (`id`, `firstname`, `lastname`, `email`, `phone`) VALUES ('2', 'Jadyn', 'Mayert', 'heaney.pauline@example.org', '309');
INSERT INTO `users` (`id`, `firstname`, `lastname`, `email`, `phone`) VALUES ('3', 'Judd', 'Steuber', 'kiana11@example.com', '31');
INSERT INTO `users` (`id`, `firstname`, `lastname`, `email`, `phone`) VALUES ('4', 'Zena', 'Orn', 'solon12@example.org', '0');
INSERT INTO `users` (`id`, `firstname`, `lastname`, `email`, `phone`) VALUES ('5', 'Letha', 'Mayer', 'bauch.vern@example.org', '0');
INSERT INTO `users` (`id`, `firstname`, `lastname`, `email`, `phone`) VALUES ('6', 'Reed', 'Boehm', 'schinner.jeff@example.org', '6');
INSERT INTO `users` (`id`, `firstname`, `lastname`, `email`, `phone`) VALUES ('7', 'Verona', 'Trantow', 'romaguera.ewald@example.com', '694');
INSERT INTO `users` (`id`, `firstname`, `lastname`, `email`, `phone`) VALUES ('8', 'Felipe', 'Brakus', 'chandler58@example.org', '924147');
INSERT INTO `users` (`id`, `firstname`, `lastname`, `email`, `phone`) VALUES ('9', 'Chasity', 'Sauer', 'dale.monahan@example.net', '638');
INSERT INTO `users` (`id`, `firstname`, `lastname`, `email`, `phone`) VALUES ('10', 'Jaylon', 'Smith', 'taya.nienow@example.net', '998272');
INSERT INTO `users` (`id`, `firstname`, `lastname`, `email`, `phone`) VALUES ('11', 'Cristopher', 'Lueilwitz', 'rosemary.boyer@example.net', '506');
INSERT INTO `users` (`id`, `firstname`, `lastname`, `email`, `phone`) VALUES ('12', 'Kody', 'Okuneva', 'emmitt39@example.com', '119430');
INSERT INTO `users` (`id`, `firstname`, `lastname`, `email`, `phone`) VALUES ('13', 'Virginie', 'Bergstrom', 'yost.erling@example.net', '1');
INSERT INTO `users` (`id`, `firstname`, `lastname`, `email`, `phone`) VALUES ('14', 'Peter', 'Schmidt', 'nathanial.funk@example.org', '0');
INSERT INTO `users` (`id`, `firstname`, `lastname`, `email`, `phone`) VALUES ('15', 'Greg', 'Price', 'feest.catherine@example.com', '846740');
INSERT INTO `users` (`id`, `firstname`, `lastname`, `email`, `phone`) VALUES ('16', 'Kurt', 'Shields', 'jbartell@example.org', '0');
INSERT INTO `users` (`id`, `firstname`, `lastname`, `email`, `phone`) VALUES ('17', 'Camilla', 'Altenwerth', 'edgar.jacobs@example.com', '86');
INSERT INTO `users` (`id`, `firstname`, `lastname`, `email`, `phone`) VALUES ('18', 'Jaquan', 'Cole', 'bruen.alexanne@example.net', '1');
INSERT INTO `users` (`id`, `firstname`, `lastname`, `email`, `phone`) VALUES ('19', 'Myah', 'Kilback', 'cassie71@example.net', '884');
INSERT INTO `users` (`id`, `firstname`, `lastname`, `email`, `phone`) VALUES ('20', 'Lexi', 'Ruecker', 'reichel.marvin@example.com', '207');
INSERT INTO `users` (`id`, `firstname`, `lastname`, `email`, `phone`) VALUES ('21', 'Waylon', 'Kerluke', 'cruickshank.emerald@example.org', '123489');
INSERT INTO `users` (`id`, `firstname`, `lastname`, `email`, `phone`) VALUES ('22', 'Iva', 'Hammes', 'heidenreich.destini@example.com', '1');
INSERT INTO `users` (`id`, `firstname`, `lastname`, `email`, `phone`) VALUES ('23', 'Miller', 'Hoppe', 'norberto.witting@example.com', '7981909884');
INSERT INTO `users` (`id`, `firstname`, `lastname`, `email`, `phone`) VALUES ('24', 'Ezequiel', 'Ward', 'lourdes73@example.net', '257006');
INSERT INTO `users` (`id`, `firstname`, `lastname`, `email`, `phone`) VALUES ('25', 'Melisa', 'Stracke', 'ardella26@example.com', '0');
INSERT INTO `users` (`id`, `firstname`, `lastname`, `email`, `phone`) VALUES ('26', 'Torrey', 'Barton', 'hayden.durgan@example.com', '1');
INSERT INTO `users` (`id`, `firstname`, `lastname`, `email`, `phone`) VALUES ('27', 'Christine', 'Willms', 'thelma.cronin@example.net', '239');
INSERT INTO `users` (`id`, `firstname`, `lastname`, `email`, `phone`) VALUES ('28', 'Juliet', 'Auer', 'hubert.lehner@example.org', '0');
INSERT INTO `users` (`id`, `firstname`, `lastname`, `email`, `phone`) VALUES ('29', 'Elliott', 'Rath', 'simonis.tia@example.org', '1');
INSERT INTO `users` (`id`, `firstname`, `lastname`, `email`, `phone`) VALUES ('30', 'Zelda', 'Walsh', 'bernier.louie@example.org', '875089');
INSERT INTO `users` (`id`, `firstname`, `lastname`, `email`, `phone`) VALUES ('31', 'Robbie', 'Ebert', 'xander.halvorson@example.com', '1');
INSERT INTO `users` (`id`, `firstname`, `lastname`, `email`, `phone`) VALUES ('32', 'Carolyn', 'Hane', 'ttreutel@example.org', '885');
INSERT INTO `users` (`id`, `firstname`, `lastname`, `email`, `phone`) VALUES ('33', 'Keshaun', 'Howell', 'xconroy@example.com', '560');
INSERT INTO `users` (`id`, `firstname`, `lastname`, `email`, `phone`) VALUES ('34', 'Lera', 'Kuhlman', 'keshaun.lueilwitz@example.com', '846');
INSERT INTO `users` (`id`, `firstname`, `lastname`, `email`, `phone`) VALUES ('35', 'Leland', 'Emmerich', 'leon.prohaska@example.org', '1');
INSERT INTO `users` (`id`, `firstname`, `lastname`, `email`, `phone`) VALUES ('36', 'Josie', 'O\'Hara', 'rosetta.baumbach@example.org', '1');
INSERT INTO `users` (`id`, `firstname`, `lastname`, `email`, `phone`) VALUES ('37', 'Theodore', 'Lemke', 'jordane58@example.org', '1');
INSERT INTO `users` (`id`, `firstname`, `lastname`, `email`, `phone`) VALUES ('38', 'Kasey', 'O\'Conner', 'lola.ernser@example.com', '354');
INSERT INTO `users` (`id`, `firstname`, `lastname`, `email`, `phone`) VALUES ('39', 'Breanna', 'Turcotte', 'jarret.smith@example.org', '1');
INSERT INTO `users` (`id`, `firstname`, `lastname`, `email`, `phone`) VALUES ('40', 'Brianne', 'Kessler', 'vladimir85@example.org', '261538');
INSERT INTO `users` (`id`, `firstname`, `lastname`, `email`, `phone`) VALUES ('41', 'Remington', 'Kemmer', 'johnson.jeremy@example.net', '61');
INSERT INTO `users` (`id`, `firstname`, `lastname`, `email`, `phone`) VALUES ('42', 'Jeremie', 'Kling', 'amely62@example.org', '0');
INSERT INTO `users` (`id`, `firstname`, `lastname`, `email`, `phone`) VALUES ('43', 'Margot', 'Effertz', 'brody.reichel@example.com', '0');
INSERT INTO `users` (`id`, `firstname`, `lastname`, `email`, `phone`) VALUES ('44', 'Edmond', 'Mayert', 'nwehner@example.net', '3979670016');
INSERT INTO `users` (`id`, `firstname`, `lastname`, `email`, `phone`) VALUES ('45', 'Hertha', 'Maggio', 'murazik.emilia@example.org', '0');
INSERT INTO `users` (`id`, `firstname`, `lastname`, `email`, `phone`) VALUES ('46', 'Jayne', 'Oberbrunner', 'oda71@example.net', '942434');
INSERT INTO `users` (`id`, `firstname`, `lastname`, `email`, `phone`) VALUES ('47', 'Reuben', 'Dare', 'georgianna.gottlieb@example.net', '211101696');
INSERT INTO `users` (`id`, `firstname`, `lastname`, `email`, `phone`) VALUES ('48', 'Natalia', 'Corkery', 'fwisozk@example.net', '0');
INSERT INTO `users` (`id`, `firstname`, `lastname`, `email`, `phone`) VALUES ('49', 'Clint', 'Dickinson', 'lowe.holly@example.net', '40997');
INSERT INTO `users` (`id`, `firstname`, `lastname`, `email`, `phone`) VALUES ('50', 'Shayna', 'Douglas', 'harris.chyna@example.net', '65');
INSERT INTO `users` (`id`, `firstname`, `lastname`, `email`, `phone`) VALUES ('51', 'Ryan', 'Bartoletti', 'eulah.wolff@example.net', '521');
INSERT INTO `users` (`id`, `firstname`, `lastname`, `email`, `phone`) VALUES ('52', 'Benny', 'Luettgen', 'isaiah80@example.com', '0');
INSERT INTO `users` (`id`, `firstname`, `lastname`, `email`, `phone`) VALUES ('53', 'Cesar', 'Simonis', 'mccullough.price@example.com', '433');
INSERT INTO `users` (`id`, `firstname`, `lastname`, `email`, `phone`) VALUES ('54', 'Adaline', 'Hessel', 'zulauf.amaya@example.net', '896');
INSERT INTO `users` (`id`, `firstname`, `lastname`, `email`, `phone`) VALUES ('55', 'Seamus', 'Ullrich', 'virginia53@example.com', '1');
INSERT INTO `users` (`id`, `firstname`, `lastname`, `email`, `phone`) VALUES ('56', 'Barney', 'Connelly', 'hillard.gutmann@example.net', '844');
INSERT INTO `users` (`id`, `firstname`, `lastname`, `email`, `phone`) VALUES ('57', 'Lina', 'Steuber', 'brooks.thiel@example.net', '279787');
INSERT INTO `users` (`id`, `firstname`, `lastname`, `email`, `phone`) VALUES ('58', 'Hyman', 'Pollich', 'kraig.kemmer@example.com', '1');
INSERT INTO `users` (`id`, `firstname`, `lastname`, `email`, `phone`) VALUES ('59', 'Sherman', 'Abbott', 'jonathan.gleason@example.net', '170');
INSERT INTO `users` (`id`, `firstname`, `lastname`, `email`, `phone`) VALUES ('60', 'Isaiah', 'Rice', 'bernice.witting@example.org', '67');
INSERT INTO `users` (`id`, `firstname`, `lastname`, `email`, `phone`) VALUES ('61', 'Carole', 'Schmeler', 'laurine15@example.com', '1');
INSERT INTO `users` (`id`, `firstname`, `lastname`, `email`, `phone`) VALUES ('62', 'Lexie', 'Thiel', 'lydia10@example.com', '644');
INSERT INTO `users` (`id`, `firstname`, `lastname`, `email`, `phone`) VALUES ('63', 'Marisa', 'Abernathy', 'zion.krajcik@example.org', '865');
INSERT INTO `users` (`id`, `firstname`, `lastname`, `email`, `phone`) VALUES ('64', 'Tillman', 'Altenwerth', 'bednar.moises@example.com', '1');
INSERT INTO `users` (`id`, `firstname`, `lastname`, `email`, `phone`) VALUES ('65', 'Anika', 'Kirlin', 'zmacejkovic@example.org', '446');
INSERT INTO `users` (`id`, `firstname`, `lastname`, `email`, `phone`) VALUES ('66', 'Erick', 'Kertzmann', 'gerard89@example.org', '0');
INSERT INTO `users` (`id`, `firstname`, `lastname`, `email`, `phone`) VALUES ('67', 'Loyce', 'Leannon', 'nelda.balistreri@example.net', '497693');
INSERT INTO `users` (`id`, `firstname`, `lastname`, `email`, `phone`) VALUES ('68', 'Bertram', 'Lakin', 'zturcotte@example.org', '128');
INSERT INTO `users` (`id`, `firstname`, `lastname`, `email`, `phone`) VALUES ('69', 'Jaqueline', 'Runolfsdottir', 'gcronin@example.org', '9877276622');
INSERT INTO `users` (`id`, `firstname`, `lastname`, `email`, `phone`) VALUES ('70', 'Mauricio', 'Daugherty', 'orussel@example.net', '105000');
INSERT INTO `users` (`id`, `firstname`, `lastname`, `email`, `phone`) VALUES ('71', 'Kamille', 'Yundt', 'tschoen@example.com', '305817');
INSERT INTO `users` (`id`, `firstname`, `lastname`, `email`, `phone`) VALUES ('72', 'Rosina', 'Daugherty', 'lindgren.gerard@example.com', '244070');
INSERT INTO `users` (`id`, `firstname`, `lastname`, `email`, `phone`) VALUES ('73', 'Jevon', 'Anderson', 'ernestina24@example.net', '1');
INSERT INTO `users` (`id`, `firstname`, `lastname`, `email`, `phone`) VALUES ('74', 'Soledad', 'Mitchell', 'zbaumbach@example.net', '1');
INSERT INTO `users` (`id`, `firstname`, `lastname`, `email`, `phone`) VALUES ('75', 'Leatha', 'Dicki', 'zlarkin@example.org', '832');
INSERT INTO `users` (`id`, `firstname`, `lastname`, `email`, `phone`) VALUES ('76', 'Fred', 'Fadel', 'nmills@example.com', '38');
INSERT INTO `users` (`id`, `firstname`, `lastname`, `email`, `phone`) VALUES ('77', 'Susana', 'Schiller', 'bernice.howe@example.com', '135571');
INSERT INTO `users` (`id`, `firstname`, `lastname`, `email`, `phone`) VALUES ('78', 'Elijah', 'Schultz', 'brohan@example.org', '695137');
INSERT INTO `users` (`id`, `firstname`, `lastname`, `email`, `phone`) VALUES ('79', 'Seth', 'Steuber', 'abatz@example.net', '20');
INSERT INTO `users` (`id`, `firstname`, `lastname`, `email`, `phone`) VALUES ('80', 'Joshua', 'Mraz', 'gratke@example.net', '274');
INSERT INTO `users` (`id`, `firstname`, `lastname`, `email`, `phone`) VALUES ('81', 'Viviane', 'Hayes', 'annabelle26@example.net', '0');
INSERT INTO `users` (`id`, `firstname`, `lastname`, `email`, `phone`) VALUES ('82', 'Brandyn', 'Waelchi', 'rosanna37@example.com', '398');
INSERT INTO `users` (`id`, `firstname`, `lastname`, `email`, `phone`) VALUES ('83', 'Vilma', 'Pagac', 'ihauck@example.net', '73');
INSERT INTO `users` (`id`, `firstname`, `lastname`, `email`, `phone`) VALUES ('84', 'Jess', 'Eichmann', 'alia88@example.net', '64449');
INSERT INTO `users` (`id`, `firstname`, `lastname`, `email`, `phone`) VALUES ('85', 'Clyde', 'Berge', 'ernser.cecile@example.com', '925805');
INSERT INTO `users` (`id`, `firstname`, `lastname`, `email`, `phone`) VALUES ('86', 'Jody', 'Bashirian', 'cordie84@example.net', '201');
INSERT INTO `users` (`id`, `firstname`, `lastname`, `email`, `phone`) VALUES ('87', 'Scarlett', 'Schroeder', 'sigrid90@example.com', '58');
INSERT INTO `users` (`id`, `firstname`, `lastname`, `email`, `phone`) VALUES ('88', 'Lawrence', 'Gleason', 'weston72@example.com', '57');
INSERT INTO `users` (`id`, `firstname`, `lastname`, `email`, `phone`) VALUES ('89', 'Cooper', 'Pfeffer', 'leo.hartmann@example.com', '250');
INSERT INTO `users` (`id`, `firstname`, `lastname`, `email`, `phone`) VALUES ('90', 'Nona', 'Schaden', 'max.franecki@example.net', '554156');
INSERT INTO `users` (`id`, `firstname`, `lastname`, `email`, `phone`) VALUES ('91', 'Erik', 'Legros', 'ruth.herzog@example.com', '0');
INSERT INTO `users` (`id`, `firstname`, `lastname`, `email`, `phone`) VALUES ('92', 'Sadie', 'Beatty', 'shawna41@example.org', '512');
INSERT INTO `users` (`id`, `firstname`, `lastname`, `email`, `phone`) VALUES ('93', 'Citlalli', 'Miller', 'ross07@example.com', '49867');
INSERT INTO `users` (`id`, `firstname`, `lastname`, `email`, `phone`) VALUES ('94', 'Christa', 'Muller', 'walsh.sean@example.net', '0');
INSERT INTO `users` (`id`, `firstname`, `lastname`, `email`, `phone`) VALUES ('95', 'Octavia', 'Rutherford', 'fframi@example.org', '1');
INSERT INTO `users` (`id`, `firstname`, `lastname`, `email`, `phone`) VALUES ('96', 'Abraham', 'O\'Connell', 'monahan.lacey@example.org', '1');
INSERT INTO `users` (`id`, `firstname`, `lastname`, `email`, `phone`) VALUES ('97', 'Muhammad', 'Cronin', 'veum.jamil@example.com', '1');
INSERT INTO `users` (`id`, `firstname`, `lastname`, `email`, `phone`) VALUES ('98', 'Hudson', 'Eichmann', 'kaylin.welch@example.net', '5');
INSERT INTO `users` (`id`, `firstname`, `lastname`, `email`, `phone`) VALUES ('99', 'Johann', 'Ferry', 'noel15@example.net', '464');
INSERT INTO `users` (`id`, `firstname`, `lastname`, `email`, `phone`) VALUES ('100', 'Margot', 'Mayer', 'darby.halvorson@example.org', '525428');
INSERT INTO `users` (`id`, `firstname`, `lastname`, `email`, `phone`) VALUES ('101', 'Mark', 'Boyer', 'maria17@example.com', '67');
INSERT INTO `users` (`id`, `firstname`, `lastname`, `email`, `phone`) VALUES ('102', 'Chanel', 'Homenick', 'lhackett@example.net', '0');
INSERT INTO `users` (`id`, `firstname`, `lastname`, `email`, `phone`) VALUES ('103', 'Rachel', 'Crooks', 'price.carlee@example.org', '46');
INSERT INTO `users` (`id`, `firstname`, `lastname`, `email`, `phone`) VALUES ('104', 'Harmony', 'Kovacek', 'srau@example.com', '41103');
INSERT INTO `users` (`id`, `firstname`, `lastname`, `email`, `phone`) VALUES ('105', 'Alize', 'Reilly', 'harmony.kuhic@example.org', '1');
INSERT INTO `users` (`id`, `firstname`, `lastname`, `email`, `phone`) VALUES ('106', 'Dessie', 'Blick', 'gschimmel@example.net', '1');
INSERT INTO `users` (`id`, `firstname`, `lastname`, `email`, `phone`) VALUES ('107', 'Trever', 'Hermiston', 'fabian.mclaughlin@example.com', '96');
INSERT INTO `users` (`id`, `firstname`, `lastname`, `email`, `phone`) VALUES ('108', 'Amalia', 'McLaughlin', 'zakary84@example.org', '136853');
INSERT INTO `users` (`id`, `firstname`, `lastname`, `email`, `phone`) VALUES ('109', 'Ruthie', 'Macejkovic', 'vernie54@example.org', '910500');
INSERT INTO `users` (`id`, `firstname`, `lastname`, `email`, `phone`) VALUES ('110', 'Marty', 'Greenholt', 'libby85@example.org', '0');
INSERT INTO `users` (`id`, `firstname`, `lastname`, `email`, `phone`) VALUES ('111', 'Garrett', 'Fay', 'ozella.kohler@example.com', '1');
INSERT INTO `users` (`id`, `firstname`, `lastname`, `email`, `phone`) VALUES ('112', 'Marlin', 'Bergstrom', 'xsporer@example.net', '989362');
INSERT INTO `users` (`id`, `firstname`, `lastname`, `email`, `phone`) VALUES ('113', 'Emelie', 'Collier', 'ellen.kilback@example.org', '1');
INSERT INTO `users` (`id`, `firstname`, `lastname`, `email`, `phone`) VALUES ('114', 'Sienna', 'Keeling', 'deion03@example.org', '350592');
INSERT INTO `users` (`id`, `firstname`, `lastname`, `email`, `phone`) VALUES ('115', 'Eduardo', 'Reilly', 'crystel17@example.org', '968');
INSERT INTO `users` (`id`, `firstname`, `lastname`, `email`, `phone`) VALUES ('116', 'Doyle', 'Breitenberg', 'vallie92@example.com', '21');
INSERT INTO `users` (`id`, `firstname`, `lastname`, `email`, `phone`) VALUES ('117', 'Adele', 'Olson', 'charlotte.king@example.net', '6784252430');
INSERT INTO `users` (`id`, `firstname`, `lastname`, `email`, `phone`) VALUES ('118', 'Eve', 'Langosh', 'taylor.fritsch@example.net', '71083');
INSERT INTO `users` (`id`, `firstname`, `lastname`, `email`, `phone`) VALUES ('119', 'Andreane', 'Ankunding', 'rgraham@example.org', '38');
INSERT INTO `users` (`id`, `firstname`, `lastname`, `email`, `phone`) VALUES ('120', 'Dane', 'Ziemann', 'connie96@example.net', '614');


#
# TABLE STRUCTURE FOR: users_communities
#

DROP TABLE IF EXISTS `users_communities`;

CREATE TABLE `users_communities` (
  `user_id` bigint(20) unsigned NOT NULL,
  `community_id` bigint(20) unsigned NOT NULL,
  PRIMARY KEY (`user_id`,`community_id`),
  KEY `community_id` (`community_id`),
  CONSTRAINT `users_communities_ibfk_1` FOREIGN KEY (`user_id`) REFERENCES `users` (`id`),
  CONSTRAINT `users_communities_ibfk_2` FOREIGN KEY (`community_id`) REFERENCES `communities` (`id`)
) ENGINE=InnoDB DEFAULT CHARSET=utf8 COLLATE=utf8_unicode_ci;

INSERT INTO `users_communities` (`user_id`, `community_id`) VALUES ('1', '1');
INSERT INTO `users_communities` (`user_id`, `community_id`) VALUES ('1', '11');
INSERT INTO `users_communities` (`user_id`, `community_id`) VALUES ('1', '21');
INSERT INTO `users_communities` (`user_id`, `community_id`) VALUES ('1', '31');
INSERT INTO `users_communities` (`user_id`, `community_id`) VALUES ('1', '41');
INSERT INTO `users_communities` (`user_id`, `community_id`) VALUES ('1', '51');
INSERT INTO `users_communities` (`user_id`, `community_id`) VALUES ('1', '61');
INSERT INTO `users_communities` (`user_id`, `community_id`) VALUES ('2', '2');
INSERT INTO `users_communities` (`user_id`, `community_id`) VALUES ('2', '12');
INSERT INTO `users_communities` (`user_id`, `community_id`) VALUES ('2', '22');
INSERT INTO `users_communities` (`user_id`, `community_id`) VALUES ('2', '32');
INSERT INTO `users_communities` (`user_id`, `community_id`) VALUES ('2', '42');
INSERT INTO `users_communities` (`user_id`, `community_id`) VALUES ('2', '52');
INSERT INTO `users_communities` (`user_id`, `community_id`) VALUES ('2', '62');
INSERT INTO `users_communities` (`user_id`, `community_id`) VALUES ('3', '3');
INSERT INTO `users_communities` (`user_id`, `community_id`) VALUES ('3', '13');
INSERT INTO `users_communities` (`user_id`, `community_id`) VALUES ('3', '23');
INSERT INTO `users_communities` (`user_id`, `community_id`) VALUES ('3', '33');
INSERT INTO `users_communities` (`user_id`, `community_id`) VALUES ('3', '43');
INSERT INTO `users_communities` (`user_id`, `community_id`) VALUES ('3', '53');
INSERT INTO `users_communities` (`user_id`, `community_id`) VALUES ('3', '63');
INSERT INTO `users_communities` (`user_id`, `community_id`) VALUES ('4', '4');
INSERT INTO `users_communities` (`user_id`, `community_id`) VALUES ('4', '14');
INSERT INTO `users_communities` (`user_id`, `community_id`) VALUES ('4', '24');
INSERT INTO `users_communities` (`user_id`, `community_id`) VALUES ('4', '34');
INSERT INTO `users_communities` (`user_id`, `community_id`) VALUES ('4', '44');
INSERT INTO `users_communities` (`user_id`, `community_id`) VALUES ('4', '54');
INSERT INTO `users_communities` (`user_id`, `community_id`) VALUES ('4', '64');
INSERT INTO `users_communities` (`user_id`, `community_id`) VALUES ('5', '5');
INSERT INTO `users_communities` (`user_id`, `community_id`) VALUES ('5', '15');
INSERT INTO `users_communities` (`user_id`, `community_id`) VALUES ('5', '25');
INSERT INTO `users_communities` (`user_id`, `community_id`) VALUES ('5', '35');
INSERT INTO `users_communities` (`user_id`, `community_id`) VALUES ('5', '45');
INSERT INTO `users_communities` (`user_id`, `community_id`) VALUES ('5', '55');
INSERT INTO `users_communities` (`user_id`, `community_id`) VALUES ('5', '65');
INSERT INTO `users_communities` (`user_id`, `community_id`) VALUES ('6', '6');
INSERT INTO `users_communities` (`user_id`, `community_id`) VALUES ('6', '16');
INSERT INTO `users_communities` (`user_id`, `community_id`) VALUES ('6', '26');
INSERT INTO `users_communities` (`user_id`, `community_id`) VALUES ('6', '36');
INSERT INTO `users_communities` (`user_id`, `community_id`) VALUES ('6', '46');
INSERT INTO `users_communities` (`user_id`, `community_id`) VALUES ('6', '56');
INSERT INTO `users_communities` (`user_id`, `community_id`) VALUES ('6', '66');
INSERT INTO `users_communities` (`user_id`, `community_id`) VALUES ('7', '7');
INSERT INTO `users_communities` (`user_id`, `community_id`) VALUES ('7', '17');
INSERT INTO `users_communities` (`user_id`, `community_id`) VALUES ('7', '27');
INSERT INTO `users_communities` (`user_id`, `community_id`) VALUES ('7', '37');
INSERT INTO `users_communities` (`user_id`, `community_id`) VALUES ('7', '47');
INSERT INTO `users_communities` (`user_id`, `community_id`) VALUES ('7', '57');
INSERT INTO `users_communities` (`user_id`, `community_id`) VALUES ('7', '67');
INSERT INTO `users_communities` (`user_id`, `community_id`) VALUES ('8', '8');
INSERT INTO `users_communities` (`user_id`, `community_id`) VALUES ('8', '18');
INSERT INTO `users_communities` (`user_id`, `community_id`) VALUES ('8', '28');
INSERT INTO `users_communities` (`user_id`, `community_id`) VALUES ('8', '38');
INSERT INTO `users_communities` (`user_id`, `community_id`) VALUES ('8', '48');
INSERT INTO `users_communities` (`user_id`, `community_id`) VALUES ('8', '58');
INSERT INTO `users_communities` (`user_id`, `community_id`) VALUES ('8', '68');
INSERT INTO `users_communities` (`user_id`, `community_id`) VALUES ('9', '9');
INSERT INTO `users_communities` (`user_id`, `community_id`) VALUES ('9', '19');
INSERT INTO `users_communities` (`user_id`, `community_id`) VALUES ('9', '29');
INSERT INTO `users_communities` (`user_id`, `community_id`) VALUES ('9', '39');
INSERT INTO `users_communities` (`user_id`, `community_id`) VALUES ('9', '49');
INSERT INTO `users_communities` (`user_id`, `community_id`) VALUES ('9', '59');
INSERT INTO `users_communities` (`user_id`, `community_id`) VALUES ('9', '69');
INSERT INTO `users_communities` (`user_id`, `community_id`) VALUES ('10', '10');
INSERT INTO `users_communities` (`user_id`, `community_id`) VALUES ('10', '20');
INSERT INTO `users_communities` (`user_id`, `community_id`) VALUES ('10', '30');
INSERT INTO `users_communities` (`user_id`, `community_id`) VALUES ('10', '40');
INSERT INTO `users_communities` (`user_id`, `community_id`) VALUES ('10', '50');
INSERT INTO `users_communities` (`user_id`, `community_id`) VALUES ('10', '60');
INSERT INTO `users_communities` (`user_id`, `community_id`) VALUES ('10', '70');
INSERT INTO `users_communities` (`user_id`, `community_id`) VALUES ('11', '11');
INSERT INTO `users_communities` (`user_id`, `community_id`) VALUES ('11', '21');
INSERT INTO `users_communities` (`user_id`, `community_id`) VALUES ('11', '31');
INSERT INTO `users_communities` (`user_id`, `community_id`) VALUES ('11', '41');
INSERT INTO `users_communities` (`user_id`, `community_id`) VALUES ('11', '51');
INSERT INTO `users_communities` (`user_id`, `community_id`) VALUES ('11', '61');
INSERT INTO `users_communities` (`user_id`, `community_id`) VALUES ('11', '71');
INSERT INTO `users_communities` (`user_id`, `community_id`) VALUES ('12', '12');
INSERT INTO `users_communities` (`user_id`, `community_id`) VALUES ('12', '22');
INSERT INTO `users_communities` (`user_id`, `community_id`) VALUES ('12', '32');
INSERT INTO `users_communities` (`user_id`, `community_id`) VALUES ('12', '42');
INSERT INTO `users_communities` (`user_id`, `community_id`) VALUES ('12', '52');
INSERT INTO `users_communities` (`user_id`, `community_id`) VALUES ('12', '62');
INSERT INTO `users_communities` (`user_id`, `community_id`) VALUES ('12', '72');
INSERT INTO `users_communities` (`user_id`, `community_id`) VALUES ('13', '13');
INSERT INTO `users_communities` (`user_id`, `community_id`) VALUES ('13', '23');
INSERT INTO `users_communities` (`user_id`, `community_id`) VALUES ('13', '33');
INSERT INTO `users_communities` (`user_id`, `community_id`) VALUES ('13', '43');
INSERT INTO `users_communities` (`user_id`, `community_id`) VALUES ('13', '53');
INSERT INTO `users_communities` (`user_id`, `community_id`) VALUES ('13', '63');
INSERT INTO `users_communities` (`user_id`, `community_id`) VALUES ('13', '73');
INSERT INTO `users_communities` (`user_id`, `community_id`) VALUES ('14', '14');
INSERT INTO `users_communities` (`user_id`, `community_id`) VALUES ('14', '24');
INSERT INTO `users_communities` (`user_id`, `community_id`) VALUES ('14', '34');
INSERT INTO `users_communities` (`user_id`, `community_id`) VALUES ('14', '44');
INSERT INTO `users_communities` (`user_id`, `community_id`) VALUES ('14', '54');
INSERT INTO `users_communities` (`user_id`, `community_id`) VALUES ('14', '64');
INSERT INTO `users_communities` (`user_id`, `community_id`) VALUES ('14', '74');
INSERT INTO `users_communities` (`user_id`, `community_id`) VALUES ('15', '15');
INSERT INTO `users_communities` (`user_id`, `community_id`) VALUES ('15', '25');
INSERT INTO `users_communities` (`user_id`, `community_id`) VALUES ('15', '35');
INSERT INTO `users_communities` (`user_id`, `community_id`) VALUES ('15', '45');
INSERT INTO `users_communities` (`user_id`, `community_id`) VALUES ('15', '55');
INSERT INTO `users_communities` (`user_id`, `community_id`) VALUES ('15', '65');
INSERT INTO `users_communities` (`user_id`, `community_id`) VALUES ('15', '75');
INSERT INTO `users_communities` (`user_id`, `community_id`) VALUES ('16', '16');
INSERT INTO `users_communities` (`user_id`, `community_id`) VALUES ('16', '26');
INSERT INTO `users_communities` (`user_id`, `community_id`) VALUES ('16', '36');
INSERT INTO `users_communities` (`user_id`, `community_id`) VALUES ('16', '46');
INSERT INTO `users_communities` (`user_id`, `community_id`) VALUES ('16', '56');
INSERT INTO `users_communities` (`user_id`, `community_id`) VALUES ('16', '66');
INSERT INTO `users_communities` (`user_id`, `community_id`) VALUES ('16', '76');
INSERT INTO `users_communities` (`user_id`, `community_id`) VALUES ('17', '17');
INSERT INTO `users_communities` (`user_id`, `community_id`) VALUES ('17', '27');
INSERT INTO `users_communities` (`user_id`, `community_id`) VALUES ('17', '37');
INSERT INTO `users_communities` (`user_id`, `community_id`) VALUES ('17', '47');
INSERT INTO `users_communities` (`user_id`, `community_id`) VALUES ('17', '57');
INSERT INTO `users_communities` (`user_id`, `community_id`) VALUES ('17', '67');
INSERT INTO `users_communities` (`user_id`, `community_id`) VALUES ('17', '77');
INSERT INTO `users_communities` (`user_id`, `community_id`) VALUES ('18', '18');
INSERT INTO `users_communities` (`user_id`, `community_id`) VALUES ('18', '28');
INSERT INTO `users_communities` (`user_id`, `community_id`) VALUES ('18', '38');
INSERT INTO `users_communities` (`user_id`, `community_id`) VALUES ('18', '48');
INSERT INTO `users_communities` (`user_id`, `community_id`) VALUES ('18', '58');
INSERT INTO `users_communities` (`user_id`, `community_id`) VALUES ('18', '68');
INSERT INTO `users_communities` (`user_id`, `community_id`) VALUES ('18', '78');
INSERT INTO `users_communities` (`user_id`, `community_id`) VALUES ('19', '19');
INSERT INTO `users_communities` (`user_id`, `community_id`) VALUES ('19', '29');
INSERT INTO `users_communities` (`user_id`, `community_id`) VALUES ('19', '39');
INSERT INTO `users_communities` (`user_id`, `community_id`) VALUES ('19', '49');
INSERT INTO `users_communities` (`user_id`, `community_id`) VALUES ('19', '59');
INSERT INTO `users_communities` (`user_id`, `community_id`) VALUES ('19', '69');
INSERT INTO `users_communities` (`user_id`, `community_id`) VALUES ('19', '79');
INSERT INTO `users_communities` (`user_id`, `community_id`) VALUES ('20', '20');
INSERT INTO `users_communities` (`user_id`, `community_id`) VALUES ('20', '30');
INSERT INTO `users_communities` (`user_id`, `community_id`) VALUES ('20', '40');
INSERT INTO `users_communities` (`user_id`, `community_id`) VALUES ('20', '50');
INSERT INTO `users_communities` (`user_id`, `community_id`) VALUES ('20', '60');
INSERT INTO `users_communities` (`user_id`, `community_id`) VALUES ('20', '70');
INSERT INTO `users_communities` (`user_id`, `community_id`) VALUES ('20', '80');
INSERT INTO `users_communities` (`user_id`, `community_id`) VALUES ('21', '21');
INSERT INTO `users_communities` (`user_id`, `community_id`) VALUES ('21', '31');
INSERT INTO `users_communities` (`user_id`, `community_id`) VALUES ('21', '41');
INSERT INTO `users_communities` (`user_id`, `community_id`) VALUES ('21', '51');
INSERT INTO `users_communities` (`user_id`, `community_id`) VALUES ('21', '61');
INSERT INTO `users_communities` (`user_id`, `community_id`) VALUES ('21', '71');
INSERT INTO `users_communities` (`user_id`, `community_id`) VALUES ('21', '81');
INSERT INTO `users_communities` (`user_id`, `community_id`) VALUES ('22', '22');
INSERT INTO `users_communities` (`user_id`, `community_id`) VALUES ('22', '32');
INSERT INTO `users_communities` (`user_id`, `community_id`) VALUES ('22', '42');
INSERT INTO `users_communities` (`user_id`, `community_id`) VALUES ('22', '52');
INSERT INTO `users_communities` (`user_id`, `community_id`) VALUES ('22', '62');
INSERT INTO `users_communities` (`user_id`, `community_id`) VALUES ('22', '72');
INSERT INTO `users_communities` (`user_id`, `community_id`) VALUES ('22', '82');
INSERT INTO `users_communities` (`user_id`, `community_id`) VALUES ('23', '23');
INSERT INTO `users_communities` (`user_id`, `community_id`) VALUES ('23', '33');
INSERT INTO `users_communities` (`user_id`, `community_id`) VALUES ('23', '43');
INSERT INTO `users_communities` (`user_id`, `community_id`) VALUES ('23', '53');
INSERT INTO `users_communities` (`user_id`, `community_id`) VALUES ('23', '63');
INSERT INTO `users_communities` (`user_id`, `community_id`) VALUES ('23', '73');
INSERT INTO `users_communities` (`user_id`, `community_id`) VALUES ('23', '83');
INSERT INTO `users_communities` (`user_id`, `community_id`) VALUES ('24', '24');
INSERT INTO `users_communities` (`user_id`, `community_id`) VALUES ('24', '34');
INSERT INTO `users_communities` (`user_id`, `community_id`) VALUES ('24', '44');
INSERT INTO `users_communities` (`user_id`, `community_id`) VALUES ('24', '54');
INSERT INTO `users_communities` (`user_id`, `community_id`) VALUES ('24', '64');
INSERT INTO `users_communities` (`user_id`, `community_id`) VALUES ('24', '74');
INSERT INTO `users_communities` (`user_id`, `community_id`) VALUES ('24', '84');
INSERT INTO `users_communities` (`user_id`, `community_id`) VALUES ('25', '25');
INSERT INTO `users_communities` (`user_id`, `community_id`) VALUES ('25', '35');
INSERT INTO `users_communities` (`user_id`, `community_id`) VALUES ('25', '45');
INSERT INTO `users_communities` (`user_id`, `community_id`) VALUES ('25', '55');
INSERT INTO `users_communities` (`user_id`, `community_id`) VALUES ('25', '65');
INSERT INTO `users_communities` (`user_id`, `community_id`) VALUES ('25', '75');
INSERT INTO `users_communities` (`user_id`, `community_id`) VALUES ('25', '85');
INSERT INTO `users_communities` (`user_id`, `community_id`) VALUES ('26', '26');
INSERT INTO `users_communities` (`user_id`, `community_id`) VALUES ('26', '36');
INSERT INTO `users_communities` (`user_id`, `community_id`) VALUES ('26', '46');
INSERT INTO `users_communities` (`user_id`, `community_id`) VALUES ('26', '56');
INSERT INTO `users_communities` (`user_id`, `community_id`) VALUES ('26', '66');
INSERT INTO `users_communities` (`user_id`, `community_id`) VALUES ('26', '76');
INSERT INTO `users_communities` (`user_id`, `community_id`) VALUES ('26', '86');
INSERT INTO `users_communities` (`user_id`, `community_id`) VALUES ('27', '27');
INSERT INTO `users_communities` (`user_id`, `community_id`) VALUES ('27', '37');
INSERT INTO `users_communities` (`user_id`, `community_id`) VALUES ('27', '47');
INSERT INTO `users_communities` (`user_id`, `community_id`) VALUES ('27', '57');
INSERT INTO `users_communities` (`user_id`, `community_id`) VALUES ('27', '67');
INSERT INTO `users_communities` (`user_id`, `community_id`) VALUES ('27', '77');
INSERT INTO `users_communities` (`user_id`, `community_id`) VALUES ('27', '87');
INSERT INTO `users_communities` (`user_id`, `community_id`) VALUES ('28', '28');
INSERT INTO `users_communities` (`user_id`, `community_id`) VALUES ('28', '38');
INSERT INTO `users_communities` (`user_id`, `community_id`) VALUES ('28', '48');
INSERT INTO `users_communities` (`user_id`, `community_id`) VALUES ('28', '58');
INSERT INTO `users_communities` (`user_id`, `community_id`) VALUES ('28', '68');
INSERT INTO `users_communities` (`user_id`, `community_id`) VALUES ('28', '78');
INSERT INTO `users_communities` (`user_id`, `community_id`) VALUES ('28', '88');
INSERT INTO `users_communities` (`user_id`, `community_id`) VALUES ('29', '29');
INSERT INTO `users_communities` (`user_id`, `community_id`) VALUES ('29', '39');
INSERT INTO `users_communities` (`user_id`, `community_id`) VALUES ('29', '49');
INSERT INTO `users_communities` (`user_id`, `community_id`) VALUES ('29', '59');
INSERT INTO `users_communities` (`user_id`, `community_id`) VALUES ('29', '69');
INSERT INTO `users_communities` (`user_id`, `community_id`) VALUES ('29', '79');
INSERT INTO `users_communities` (`user_id`, `community_id`) VALUES ('29', '89');
INSERT INTO `users_communities` (`user_id`, `community_id`) VALUES ('30', '30');
INSERT INTO `users_communities` (`user_id`, `community_id`) VALUES ('30', '40');
INSERT INTO `users_communities` (`user_id`, `community_id`) VALUES ('30', '50');
INSERT INTO `users_communities` (`user_id`, `community_id`) VALUES ('30', '60');
INSERT INTO `users_communities` (`user_id`, `community_id`) VALUES ('30', '70');
INSERT INTO `users_communities` (`user_id`, `community_id`) VALUES ('30', '80');
INSERT INTO `users_communities` (`user_id`, `community_id`) VALUES ('30', '90');
INSERT INTO `users_communities` (`user_id`, `community_id`) VALUES ('31', '31');
INSERT INTO `users_communities` (`user_id`, `community_id`) VALUES ('31', '41');
INSERT INTO `users_communities` (`user_id`, `community_id`) VALUES ('31', '51');
INSERT INTO `users_communities` (`user_id`, `community_id`) VALUES ('31', '61');
INSERT INTO `users_communities` (`user_id`, `community_id`) VALUES ('31', '71');
INSERT INTO `users_communities` (`user_id`, `community_id`) VALUES ('31', '81');
INSERT INTO `users_communities` (`user_id`, `community_id`) VALUES ('31', '91');
INSERT INTO `users_communities` (`user_id`, `community_id`) VALUES ('32', '32');
INSERT INTO `users_communities` (`user_id`, `community_id`) VALUES ('32', '42');
INSERT INTO `users_communities` (`user_id`, `community_id`) VALUES ('32', '52');
INSERT INTO `users_communities` (`user_id`, `community_id`) VALUES ('32', '62');
INSERT INTO `users_communities` (`user_id`, `community_id`) VALUES ('32', '72');
INSERT INTO `users_communities` (`user_id`, `community_id`) VALUES ('32', '82');
INSERT INTO `users_communities` (`user_id`, `community_id`) VALUES ('32', '92');
INSERT INTO `users_communities` (`user_id`, `community_id`) VALUES ('33', '33');
INSERT INTO `users_communities` (`user_id`, `community_id`) VALUES ('33', '43');
INSERT INTO `users_communities` (`user_id`, `community_id`) VALUES ('33', '53');
INSERT INTO `users_communities` (`user_id`, `community_id`) VALUES ('33', '63');
INSERT INTO `users_communities` (`user_id`, `community_id`) VALUES ('33', '73');
INSERT INTO `users_communities` (`user_id`, `community_id`) VALUES ('33', '83');
INSERT INTO `users_communities` (`user_id`, `community_id`) VALUES ('33', '93');
INSERT INTO `users_communities` (`user_id`, `community_id`) VALUES ('34', '34');
INSERT INTO `users_communities` (`user_id`, `community_id`) VALUES ('34', '44');
INSERT INTO `users_communities` (`user_id`, `community_id`) VALUES ('34', '54');
INSERT INTO `users_communities` (`user_id`, `community_id`) VALUES ('34', '64');
INSERT INTO `users_communities` (`user_id`, `community_id`) VALUES ('34', '74');
INSERT INTO `users_communities` (`user_id`, `community_id`) VALUES ('34', '84');
INSERT INTO `users_communities` (`user_id`, `community_id`) VALUES ('34', '94');
INSERT INTO `users_communities` (`user_id`, `community_id`) VALUES ('35', '35');
INSERT INTO `users_communities` (`user_id`, `community_id`) VALUES ('35', '45');
INSERT INTO `users_communities` (`user_id`, `community_id`) VALUES ('35', '55');
INSERT INTO `users_communities` (`user_id`, `community_id`) VALUES ('35', '65');
INSERT INTO `users_communities` (`user_id`, `community_id`) VALUES ('35', '75');
INSERT INTO `users_communities` (`user_id`, `community_id`) VALUES ('35', '85');
INSERT INTO `users_communities` (`user_id`, `community_id`) VALUES ('35', '95');
INSERT INTO `users_communities` (`user_id`, `community_id`) VALUES ('36', '36');
INSERT INTO `users_communities` (`user_id`, `community_id`) VALUES ('36', '46');
INSERT INTO `users_communities` (`user_id`, `community_id`) VALUES ('36', '56');
INSERT INTO `users_communities` (`user_id`, `community_id`) VALUES ('36', '66');
INSERT INTO `users_communities` (`user_id`, `community_id`) VALUES ('36', '76');
INSERT INTO `users_communities` (`user_id`, `community_id`) VALUES ('36', '86');
INSERT INTO `users_communities` (`user_id`, `community_id`) VALUES ('36', '96');
INSERT INTO `users_communities` (`user_id`, `community_id`) VALUES ('37', '37');
INSERT INTO `users_communities` (`user_id`, `community_id`) VALUES ('37', '47');
INSERT INTO `users_communities` (`user_id`, `community_id`) VALUES ('37', '57');
INSERT INTO `users_communities` (`user_id`, `community_id`) VALUES ('37', '67');
INSERT INTO `users_communities` (`user_id`, `community_id`) VALUES ('37', '77');
INSERT INTO `users_communities` (`user_id`, `community_id`) VALUES ('37', '87');
INSERT INTO `users_communities` (`user_id`, `community_id`) VALUES ('37', '97');
INSERT INTO `users_communities` (`user_id`, `community_id`) VALUES ('38', '38');
INSERT INTO `users_communities` (`user_id`, `community_id`) VALUES ('38', '48');
INSERT INTO `users_communities` (`user_id`, `community_id`) VALUES ('38', '58');
INSERT INTO `users_communities` (`user_id`, `community_id`) VALUES ('38', '68');
INSERT INTO `users_communities` (`user_id`, `community_id`) VALUES ('38', '78');
INSERT INTO `users_communities` (`user_id`, `community_id`) VALUES ('38', '88');
INSERT INTO `users_communities` (`user_id`, `community_id`) VALUES ('38', '98');
INSERT INTO `users_communities` (`user_id`, `community_id`) VALUES ('39', '39');
INSERT INTO `users_communities` (`user_id`, `community_id`) VALUES ('39', '49');
INSERT INTO `users_communities` (`user_id`, `community_id`) VALUES ('39', '59');
INSERT INTO `users_communities` (`user_id`, `community_id`) VALUES ('39', '69');
INSERT INTO `users_communities` (`user_id`, `community_id`) VALUES ('39', '79');
INSERT INTO `users_communities` (`user_id`, `community_id`) VALUES ('39', '89');
INSERT INTO `users_communities` (`user_id`, `community_id`) VALUES ('39', '99');
INSERT INTO `users_communities` (`user_id`, `community_id`) VALUES ('40', '40');
INSERT INTO `users_communities` (`user_id`, `community_id`) VALUES ('40', '50');
INSERT INTO `users_communities` (`user_id`, `community_id`) VALUES ('40', '60');
INSERT INTO `users_communities` (`user_id`, `community_id`) VALUES ('40', '70');
INSERT INTO `users_communities` (`user_id`, `community_id`) VALUES ('40', '80');
INSERT INTO `users_communities` (`user_id`, `community_id`) VALUES ('40', '90');
INSERT INTO `users_communities` (`user_id`, `community_id`) VALUES ('40', '100');
INSERT INTO `users_communities` (`user_id`, `community_id`) VALUES ('41', '41');
INSERT INTO `users_communities` (`user_id`, `community_id`) VALUES ('41', '51');
INSERT INTO `users_communities` (`user_id`, `community_id`) VALUES ('41', '61');
INSERT INTO `users_communities` (`user_id`, `community_id`) VALUES ('41', '71');
INSERT INTO `users_communities` (`user_id`, `community_id`) VALUES ('41', '81');
INSERT INTO `users_communities` (`user_id`, `community_id`) VALUES ('41', '91');
INSERT INTO `users_communities` (`user_id`, `community_id`) VALUES ('41', '101');
INSERT INTO `users_communities` (`user_id`, `community_id`) VALUES ('42', '42');
INSERT INTO `users_communities` (`user_id`, `community_id`) VALUES ('42', '52');
INSERT INTO `users_communities` (`user_id`, `community_id`) VALUES ('42', '62');
INSERT INTO `users_communities` (`user_id`, `community_id`) VALUES ('42', '72');
INSERT INTO `users_communities` (`user_id`, `community_id`) VALUES ('42', '82');
INSERT INTO `users_communities` (`user_id`, `community_id`) VALUES ('42', '92');
INSERT INTO `users_communities` (`user_id`, `community_id`) VALUES ('42', '102');
INSERT INTO `users_communities` (`user_id`, `community_id`) VALUES ('43', '43');
INSERT INTO `users_communities` (`user_id`, `community_id`) VALUES ('43', '53');
INSERT INTO `users_communities` (`user_id`, `community_id`) VALUES ('43', '63');
INSERT INTO `users_communities` (`user_id`, `community_id`) VALUES ('43', '73');
INSERT INTO `users_communities` (`user_id`, `community_id`) VALUES ('43', '83');
INSERT INTO `users_communities` (`user_id`, `community_id`) VALUES ('43', '93');
INSERT INTO `users_communities` (`user_id`, `community_id`) VALUES ('43', '103');
INSERT INTO `users_communities` (`user_id`, `community_id`) VALUES ('44', '44');
INSERT INTO `users_communities` (`user_id`, `community_id`) VALUES ('44', '54');
INSERT INTO `users_communities` (`user_id`, `community_id`) VALUES ('44', '64');
INSERT INTO `users_communities` (`user_id`, `community_id`) VALUES ('44', '74');
INSERT INTO `users_communities` (`user_id`, `community_id`) VALUES ('44', '84');
INSERT INTO `users_communities` (`user_id`, `community_id`) VALUES ('44', '94');
INSERT INTO `users_communities` (`user_id`, `community_id`) VALUES ('44', '104');
INSERT INTO `users_communities` (`user_id`, `community_id`) VALUES ('45', '45');
INSERT INTO `users_communities` (`user_id`, `community_id`) VALUES ('45', '55');
INSERT INTO `users_communities` (`user_id`, `community_id`) VALUES ('45', '65');
INSERT INTO `users_communities` (`user_id`, `community_id`) VALUES ('45', '75');
INSERT INTO `users_communities` (`user_id`, `community_id`) VALUES ('45', '85');
INSERT INTO `users_communities` (`user_id`, `community_id`) VALUES ('45', '95');
INSERT INTO `users_communities` (`user_id`, `community_id`) VALUES ('45', '105');
INSERT INTO `users_communities` (`user_id`, `community_id`) VALUES ('46', '46');
INSERT INTO `users_communities` (`user_id`, `community_id`) VALUES ('46', '56');
INSERT INTO `users_communities` (`user_id`, `community_id`) VALUES ('46', '66');
INSERT INTO `users_communities` (`user_id`, `community_id`) VALUES ('46', '76');
INSERT INTO `users_communities` (`user_id`, `community_id`) VALUES ('46', '86');
INSERT INTO `users_communities` (`user_id`, `community_id`) VALUES ('46', '96');
INSERT INTO `users_communities` (`user_id`, `community_id`) VALUES ('46', '106');
INSERT INTO `users_communities` (`user_id`, `community_id`) VALUES ('47', '47');
INSERT INTO `users_communities` (`user_id`, `community_id`) VALUES ('47', '57');
INSERT INTO `users_communities` (`user_id`, `community_id`) VALUES ('47', '67');
INSERT INTO `users_communities` (`user_id`, `community_id`) VALUES ('47', '77');
INSERT INTO `users_communities` (`user_id`, `community_id`) VALUES ('47', '87');
INSERT INTO `users_communities` (`user_id`, `community_id`) VALUES ('47', '97');
INSERT INTO `users_communities` (`user_id`, `community_id`) VALUES ('47', '107');
INSERT INTO `users_communities` (`user_id`, `community_id`) VALUES ('48', '48');
INSERT INTO `users_communities` (`user_id`, `community_id`) VALUES ('48', '58');
INSERT INTO `users_communities` (`user_id`, `community_id`) VALUES ('48', '68');
INSERT INTO `users_communities` (`user_id`, `community_id`) VALUES ('48', '78');
INSERT INTO `users_communities` (`user_id`, `community_id`) VALUES ('48', '88');
INSERT INTO `users_communities` (`user_id`, `community_id`) VALUES ('48', '98');
INSERT INTO `users_communities` (`user_id`, `community_id`) VALUES ('48', '108');
INSERT INTO `users_communities` (`user_id`, `community_id`) VALUES ('49', '49');
INSERT INTO `users_communities` (`user_id`, `community_id`) VALUES ('49', '59');
INSERT INTO `users_communities` (`user_id`, `community_id`) VALUES ('49', '69');
INSERT INTO `users_communities` (`user_id`, `community_id`) VALUES ('49', '79');
INSERT INTO `users_communities` (`user_id`, `community_id`) VALUES ('49', '89');
INSERT INTO `users_communities` (`user_id`, `community_id`) VALUES ('49', '99');
INSERT INTO `users_communities` (`user_id`, `community_id`) VALUES ('49', '109');
INSERT INTO `users_communities` (`user_id`, `community_id`) VALUES ('50', '50');
INSERT INTO `users_communities` (`user_id`, `community_id`) VALUES ('50', '60');
INSERT INTO `users_communities` (`user_id`, `community_id`) VALUES ('50', '70');
INSERT INTO `users_communities` (`user_id`, `community_id`) VALUES ('50', '80');
INSERT INTO `users_communities` (`user_id`, `community_id`) VALUES ('50', '90');
INSERT INTO `users_communities` (`user_id`, `community_id`) VALUES ('50', '100');
INSERT INTO `users_communities` (`user_id`, `community_id`) VALUES ('50', '110');
INSERT INTO `users_communities` (`user_id`, `community_id`) VALUES ('51', '1');
INSERT INTO `users_communities` (`user_id`, `community_id`) VALUES ('51', '51');
INSERT INTO `users_communities` (`user_id`, `community_id`) VALUES ('51', '61');
INSERT INTO `users_communities` (`user_id`, `community_id`) VALUES ('51', '71');
INSERT INTO `users_communities` (`user_id`, `community_id`) VALUES ('51', '81');
INSERT INTO `users_communities` (`user_id`, `community_id`) VALUES ('51', '91');
INSERT INTO `users_communities` (`user_id`, `community_id`) VALUES ('51', '101');
INSERT INTO `users_communities` (`user_id`, `community_id`) VALUES ('52', '2');
INSERT INTO `users_communities` (`user_id`, `community_id`) VALUES ('52', '52');
INSERT INTO `users_communities` (`user_id`, `community_id`) VALUES ('52', '62');
INSERT INTO `users_communities` (`user_id`, `community_id`) VALUES ('52', '72');
INSERT INTO `users_communities` (`user_id`, `community_id`) VALUES ('52', '82');
INSERT INTO `users_communities` (`user_id`, `community_id`) VALUES ('52', '92');
INSERT INTO `users_communities` (`user_id`, `community_id`) VALUES ('52', '102');
INSERT INTO `users_communities` (`user_id`, `community_id`) VALUES ('53', '3');
INSERT INTO `users_communities` (`user_id`, `community_id`) VALUES ('53', '53');
INSERT INTO `users_communities` (`user_id`, `community_id`) VALUES ('53', '63');
INSERT INTO `users_communities` (`user_id`, `community_id`) VALUES ('53', '73');
INSERT INTO `users_communities` (`user_id`, `community_id`) VALUES ('53', '83');
INSERT INTO `users_communities` (`user_id`, `community_id`) VALUES ('53', '93');
INSERT INTO `users_communities` (`user_id`, `community_id`) VALUES ('53', '103');
INSERT INTO `users_communities` (`user_id`, `community_id`) VALUES ('54', '4');
INSERT INTO `users_communities` (`user_id`, `community_id`) VALUES ('54', '54');
INSERT INTO `users_communities` (`user_id`, `community_id`) VALUES ('54', '64');
INSERT INTO `users_communities` (`user_id`, `community_id`) VALUES ('54', '74');
INSERT INTO `users_communities` (`user_id`, `community_id`) VALUES ('54', '84');
INSERT INTO `users_communities` (`user_id`, `community_id`) VALUES ('54', '94');
INSERT INTO `users_communities` (`user_id`, `community_id`) VALUES ('54', '104');
INSERT INTO `users_communities` (`user_id`, `community_id`) VALUES ('55', '5');
INSERT INTO `users_communities` (`user_id`, `community_id`) VALUES ('55', '55');
INSERT INTO `users_communities` (`user_id`, `community_id`) VALUES ('55', '65');
INSERT INTO `users_communities` (`user_id`, `community_id`) VALUES ('55', '75');
INSERT INTO `users_communities` (`user_id`, `community_id`) VALUES ('55', '85');
INSERT INTO `users_communities` (`user_id`, `community_id`) VALUES ('55', '95');
INSERT INTO `users_communities` (`user_id`, `community_id`) VALUES ('55', '105');
INSERT INTO `users_communities` (`user_id`, `community_id`) VALUES ('56', '6');
INSERT INTO `users_communities` (`user_id`, `community_id`) VALUES ('56', '56');
INSERT INTO `users_communities` (`user_id`, `community_id`) VALUES ('56', '66');
INSERT INTO `users_communities` (`user_id`, `community_id`) VALUES ('56', '76');
INSERT INTO `users_communities` (`user_id`, `community_id`) VALUES ('56', '86');
INSERT INTO `users_communities` (`user_id`, `community_id`) VALUES ('56', '96');
INSERT INTO `users_communities` (`user_id`, `community_id`) VALUES ('56', '106');
INSERT INTO `users_communities` (`user_id`, `community_id`) VALUES ('57', '7');
INSERT INTO `users_communities` (`user_id`, `community_id`) VALUES ('57', '57');
INSERT INTO `users_communities` (`user_id`, `community_id`) VALUES ('57', '67');
INSERT INTO `users_communities` (`user_id`, `community_id`) VALUES ('57', '77');
INSERT INTO `users_communities` (`user_id`, `community_id`) VALUES ('57', '87');
INSERT INTO `users_communities` (`user_id`, `community_id`) VALUES ('57', '97');
INSERT INTO `users_communities` (`user_id`, `community_id`) VALUES ('57', '107');
INSERT INTO `users_communities` (`user_id`, `community_id`) VALUES ('58', '8');
INSERT INTO `users_communities` (`user_id`, `community_id`) VALUES ('58', '58');
INSERT INTO `users_communities` (`user_id`, `community_id`) VALUES ('58', '68');
INSERT INTO `users_communities` (`user_id`, `community_id`) VALUES ('58', '78');
INSERT INTO `users_communities` (`user_id`, `community_id`) VALUES ('58', '88');
INSERT INTO `users_communities` (`user_id`, `community_id`) VALUES ('58', '98');
INSERT INTO `users_communities` (`user_id`, `community_id`) VALUES ('58', '108');
INSERT INTO `users_communities` (`user_id`, `community_id`) VALUES ('59', '9');
INSERT INTO `users_communities` (`user_id`, `community_id`) VALUES ('59', '59');
INSERT INTO `users_communities` (`user_id`, `community_id`) VALUES ('59', '69');
INSERT INTO `users_communities` (`user_id`, `community_id`) VALUES ('59', '79');
INSERT INTO `users_communities` (`user_id`, `community_id`) VALUES ('59', '89');
INSERT INTO `users_communities` (`user_id`, `community_id`) VALUES ('59', '99');
INSERT INTO `users_communities` (`user_id`, `community_id`) VALUES ('59', '109');
INSERT INTO `users_communities` (`user_id`, `community_id`) VALUES ('60', '10');
INSERT INTO `users_communities` (`user_id`, `community_id`) VALUES ('60', '60');
INSERT INTO `users_communities` (`user_id`, `community_id`) VALUES ('60', '70');
INSERT INTO `users_communities` (`user_id`, `community_id`) VALUES ('60', '80');
INSERT INTO `users_communities` (`user_id`, `community_id`) VALUES ('60', '90');
INSERT INTO `users_communities` (`user_id`, `community_id`) VALUES ('60', '100');
INSERT INTO `users_communities` (`user_id`, `community_id`) VALUES ('60', '110');
INSERT INTO `users_communities` (`user_id`, `community_id`) VALUES ('61', '1');
INSERT INTO `users_communities` (`user_id`, `community_id`) VALUES ('61', '11');
INSERT INTO `users_communities` (`user_id`, `community_id`) VALUES ('61', '61');
INSERT INTO `users_communities` (`user_id`, `community_id`) VALUES ('61', '71');
INSERT INTO `users_communities` (`user_id`, `community_id`) VALUES ('61', '81');
INSERT INTO `users_communities` (`user_id`, `community_id`) VALUES ('61', '91');
INSERT INTO `users_communities` (`user_id`, `community_id`) VALUES ('61', '101');
INSERT INTO `users_communities` (`user_id`, `community_id`) VALUES ('62', '2');
INSERT INTO `users_communities` (`user_id`, `community_id`) VALUES ('62', '12');
INSERT INTO `users_communities` (`user_id`, `community_id`) VALUES ('62', '62');
INSERT INTO `users_communities` (`user_id`, `community_id`) VALUES ('62', '72');
INSERT INTO `users_communities` (`user_id`, `community_id`) VALUES ('62', '82');
INSERT INTO `users_communities` (`user_id`, `community_id`) VALUES ('62', '92');
INSERT INTO `users_communities` (`user_id`, `community_id`) VALUES ('62', '102');
INSERT INTO `users_communities` (`user_id`, `community_id`) VALUES ('63', '3');
INSERT INTO `users_communities` (`user_id`, `community_id`) VALUES ('63', '13');
INSERT INTO `users_communities` (`user_id`, `community_id`) VALUES ('63', '63');
INSERT INTO `users_communities` (`user_id`, `community_id`) VALUES ('63', '73');
INSERT INTO `users_communities` (`user_id`, `community_id`) VALUES ('63', '83');
INSERT INTO `users_communities` (`user_id`, `community_id`) VALUES ('63', '93');
INSERT INTO `users_communities` (`user_id`, `community_id`) VALUES ('63', '103');
INSERT INTO `users_communities` (`user_id`, `community_id`) VALUES ('64', '4');
INSERT INTO `users_communities` (`user_id`, `community_id`) VALUES ('64', '14');
INSERT INTO `users_communities` (`user_id`, `community_id`) VALUES ('64', '64');
INSERT INTO `users_communities` (`user_id`, `community_id`) VALUES ('64', '74');
INSERT INTO `users_communities` (`user_id`, `community_id`) VALUES ('64', '84');
INSERT INTO `users_communities` (`user_id`, `community_id`) VALUES ('64', '94');
INSERT INTO `users_communities` (`user_id`, `community_id`) VALUES ('64', '104');
INSERT INTO `users_communities` (`user_id`, `community_id`) VALUES ('65', '5');
INSERT INTO `users_communities` (`user_id`, `community_id`) VALUES ('65', '15');
INSERT INTO `users_communities` (`user_id`, `community_id`) VALUES ('65', '65');
INSERT INTO `users_communities` (`user_id`, `community_id`) VALUES ('65', '75');
INSERT INTO `users_communities` (`user_id`, `community_id`) VALUES ('65', '85');
INSERT INTO `users_communities` (`user_id`, `community_id`) VALUES ('65', '95');
INSERT INTO `users_communities` (`user_id`, `community_id`) VALUES ('65', '105');
INSERT INTO `users_communities` (`user_id`, `community_id`) VALUES ('66', '6');
INSERT INTO `users_communities` (`user_id`, `community_id`) VALUES ('66', '16');
INSERT INTO `users_communities` (`user_id`, `community_id`) VALUES ('66', '66');
INSERT INTO `users_communities` (`user_id`, `community_id`) VALUES ('66', '76');
INSERT INTO `users_communities` (`user_id`, `community_id`) VALUES ('66', '86');
INSERT INTO `users_communities` (`user_id`, `community_id`) VALUES ('66', '96');
INSERT INTO `users_communities` (`user_id`, `community_id`) VALUES ('66', '106');
INSERT INTO `users_communities` (`user_id`, `community_id`) VALUES ('67', '7');
INSERT INTO `users_communities` (`user_id`, `community_id`) VALUES ('67', '17');
INSERT INTO `users_communities` (`user_id`, `community_id`) VALUES ('67', '67');
INSERT INTO `users_communities` (`user_id`, `community_id`) VALUES ('67', '77');
INSERT INTO `users_communities` (`user_id`, `community_id`) VALUES ('67', '87');
INSERT INTO `users_communities` (`user_id`, `community_id`) VALUES ('67', '97');
INSERT INTO `users_communities` (`user_id`, `community_id`) VALUES ('67', '107');
INSERT INTO `users_communities` (`user_id`, `community_id`) VALUES ('68', '8');
INSERT INTO `users_communities` (`user_id`, `community_id`) VALUES ('68', '18');
INSERT INTO `users_communities` (`user_id`, `community_id`) VALUES ('68', '68');
INSERT INTO `users_communities` (`user_id`, `community_id`) VALUES ('68', '78');
INSERT INTO `users_communities` (`user_id`, `community_id`) VALUES ('68', '88');
INSERT INTO `users_communities` (`user_id`, `community_id`) VALUES ('68', '98');
INSERT INTO `users_communities` (`user_id`, `community_id`) VALUES ('68', '108');
INSERT INTO `users_communities` (`user_id`, `community_id`) VALUES ('69', '9');
INSERT INTO `users_communities` (`user_id`, `community_id`) VALUES ('69', '19');
INSERT INTO `users_communities` (`user_id`, `community_id`) VALUES ('69', '69');
INSERT INTO `users_communities` (`user_id`, `community_id`) VALUES ('69', '79');
INSERT INTO `users_communities` (`user_id`, `community_id`) VALUES ('69', '89');
INSERT INTO `users_communities` (`user_id`, `community_id`) VALUES ('69', '99');
INSERT INTO `users_communities` (`user_id`, `community_id`) VALUES ('69', '109');
INSERT INTO `users_communities` (`user_id`, `community_id`) VALUES ('70', '10');
INSERT INTO `users_communities` (`user_id`, `community_id`) VALUES ('70', '20');
INSERT INTO `users_communities` (`user_id`, `community_id`) VALUES ('70', '70');
INSERT INTO `users_communities` (`user_id`, `community_id`) VALUES ('70', '80');
INSERT INTO `users_communities` (`user_id`, `community_id`) VALUES ('70', '90');
INSERT INTO `users_communities` (`user_id`, `community_id`) VALUES ('70', '100');
INSERT INTO `users_communities` (`user_id`, `community_id`) VALUES ('70', '110');
INSERT INTO `users_communities` (`user_id`, `community_id`) VALUES ('71', '1');
INSERT INTO `users_communities` (`user_id`, `community_id`) VALUES ('71', '11');
INSERT INTO `users_communities` (`user_id`, `community_id`) VALUES ('71', '21');
INSERT INTO `users_communities` (`user_id`, `community_id`) VALUES ('71', '71');
INSERT INTO `users_communities` (`user_id`, `community_id`) VALUES ('71', '81');
INSERT INTO `users_communities` (`user_id`, `community_id`) VALUES ('71', '91');
INSERT INTO `users_communities` (`user_id`, `community_id`) VALUES ('71', '101');
INSERT INTO `users_communities` (`user_id`, `community_id`) VALUES ('72', '2');
INSERT INTO `users_communities` (`user_id`, `community_id`) VALUES ('72', '12');
INSERT INTO `users_communities` (`user_id`, `community_id`) VALUES ('72', '22');
INSERT INTO `users_communities` (`user_id`, `community_id`) VALUES ('72', '72');
INSERT INTO `users_communities` (`user_id`, `community_id`) VALUES ('72', '82');
INSERT INTO `users_communities` (`user_id`, `community_id`) VALUES ('72', '92');
INSERT INTO `users_communities` (`user_id`, `community_id`) VALUES ('72', '102');
INSERT INTO `users_communities` (`user_id`, `community_id`) VALUES ('73', '3');
INSERT INTO `users_communities` (`user_id`, `community_id`) VALUES ('73', '13');
INSERT INTO `users_communities` (`user_id`, `community_id`) VALUES ('73', '23');
INSERT INTO `users_communities` (`user_id`, `community_id`) VALUES ('73', '73');
INSERT INTO `users_communities` (`user_id`, `community_id`) VALUES ('73', '83');
INSERT INTO `users_communities` (`user_id`, `community_id`) VALUES ('73', '93');
INSERT INTO `users_communities` (`user_id`, `community_id`) VALUES ('73', '103');
INSERT INTO `users_communities` (`user_id`, `community_id`) VALUES ('74', '4');
INSERT INTO `users_communities` (`user_id`, `community_id`) VALUES ('74', '14');
INSERT INTO `users_communities` (`user_id`, `community_id`) VALUES ('74', '24');
INSERT INTO `users_communities` (`user_id`, `community_id`) VALUES ('74', '74');
INSERT INTO `users_communities` (`user_id`, `community_id`) VALUES ('74', '84');
INSERT INTO `users_communities` (`user_id`, `community_id`) VALUES ('74', '94');
INSERT INTO `users_communities` (`user_id`, `community_id`) VALUES ('74', '104');
INSERT INTO `users_communities` (`user_id`, `community_id`) VALUES ('75', '5');
INSERT INTO `users_communities` (`user_id`, `community_id`) VALUES ('75', '15');
INSERT INTO `users_communities` (`user_id`, `community_id`) VALUES ('75', '25');
INSERT INTO `users_communities` (`user_id`, `community_id`) VALUES ('75', '75');
INSERT INTO `users_communities` (`user_id`, `community_id`) VALUES ('75', '85');
INSERT INTO `users_communities` (`user_id`, `community_id`) VALUES ('75', '95');
INSERT INTO `users_communities` (`user_id`, `community_id`) VALUES ('75', '105');
INSERT INTO `users_communities` (`user_id`, `community_id`) VALUES ('76', '6');
INSERT INTO `users_communities` (`user_id`, `community_id`) VALUES ('76', '16');
INSERT INTO `users_communities` (`user_id`, `community_id`) VALUES ('76', '26');
INSERT INTO `users_communities` (`user_id`, `community_id`) VALUES ('76', '76');
INSERT INTO `users_communities` (`user_id`, `community_id`) VALUES ('76', '86');
INSERT INTO `users_communities` (`user_id`, `community_id`) VALUES ('76', '96');
INSERT INTO `users_communities` (`user_id`, `community_id`) VALUES ('76', '106');
INSERT INTO `users_communities` (`user_id`, `community_id`) VALUES ('77', '7');
INSERT INTO `users_communities` (`user_id`, `community_id`) VALUES ('77', '17');
INSERT INTO `users_communities` (`user_id`, `community_id`) VALUES ('77', '27');
INSERT INTO `users_communities` (`user_id`, `community_id`) VALUES ('77', '77');
INSERT INTO `users_communities` (`user_id`, `community_id`) VALUES ('77', '87');
INSERT INTO `users_communities` (`user_id`, `community_id`) VALUES ('77', '97');
INSERT INTO `users_communities` (`user_id`, `community_id`) VALUES ('77', '107');
INSERT INTO `users_communities` (`user_id`, `community_id`) VALUES ('78', '8');
INSERT INTO `users_communities` (`user_id`, `community_id`) VALUES ('78', '18');
INSERT INTO `users_communities` (`user_id`, `community_id`) VALUES ('78', '28');
INSERT INTO `users_communities` (`user_id`, `community_id`) VALUES ('78', '78');
INSERT INTO `users_communities` (`user_id`, `community_id`) VALUES ('78', '88');
INSERT INTO `users_communities` (`user_id`, `community_id`) VALUES ('78', '98');
INSERT INTO `users_communities` (`user_id`, `community_id`) VALUES ('78', '108');
INSERT INTO `users_communities` (`user_id`, `community_id`) VALUES ('79', '9');
INSERT INTO `users_communities` (`user_id`, `community_id`) VALUES ('79', '19');
INSERT INTO `users_communities` (`user_id`, `community_id`) VALUES ('79', '29');
INSERT INTO `users_communities` (`user_id`, `community_id`) VALUES ('79', '79');
INSERT INTO `users_communities` (`user_id`, `community_id`) VALUES ('79', '89');
INSERT INTO `users_communities` (`user_id`, `community_id`) VALUES ('79', '99');
INSERT INTO `users_communities` (`user_id`, `community_id`) VALUES ('79', '109');
INSERT INTO `users_communities` (`user_id`, `community_id`) VALUES ('80', '10');
INSERT INTO `users_communities` (`user_id`, `community_id`) VALUES ('80', '20');
INSERT INTO `users_communities` (`user_id`, `community_id`) VALUES ('80', '30');
INSERT INTO `users_communities` (`user_id`, `community_id`) VALUES ('80', '80');
INSERT INTO `users_communities` (`user_id`, `community_id`) VALUES ('80', '90');
INSERT INTO `users_communities` (`user_id`, `community_id`) VALUES ('80', '100');
INSERT INTO `users_communities` (`user_id`, `community_id`) VALUES ('80', '110');
INSERT INTO `users_communities` (`user_id`, `community_id`) VALUES ('81', '1');
INSERT INTO `users_communities` (`user_id`, `community_id`) VALUES ('81', '11');
INSERT INTO `users_communities` (`user_id`, `community_id`) VALUES ('81', '21');
INSERT INTO `users_communities` (`user_id`, `community_id`) VALUES ('81', '81');
INSERT INTO `users_communities` (`user_id`, `community_id`) VALUES ('81', '91');
INSERT INTO `users_communities` (`user_id`, `community_id`) VALUES ('81', '101');
INSERT INTO `users_communities` (`user_id`, `community_id`) VALUES ('82', '2');
INSERT INTO `users_communities` (`user_id`, `community_id`) VALUES ('82', '12');
INSERT INTO `users_communities` (`user_id`, `community_id`) VALUES ('82', '22');
INSERT INTO `users_communities` (`user_id`, `community_id`) VALUES ('82', '82');
INSERT INTO `users_communities` (`user_id`, `community_id`) VALUES ('82', '92');
INSERT INTO `users_communities` (`user_id`, `community_id`) VALUES ('82', '102');
INSERT INTO `users_communities` (`user_id`, `community_id`) VALUES ('83', '3');
INSERT INTO `users_communities` (`user_id`, `community_id`) VALUES ('83', '13');
INSERT INTO `users_communities` (`user_id`, `community_id`) VALUES ('83', '23');
INSERT INTO `users_communities` (`user_id`, `community_id`) VALUES ('83', '83');
INSERT INTO `users_communities` (`user_id`, `community_id`) VALUES ('83', '93');
INSERT INTO `users_communities` (`user_id`, `community_id`) VALUES ('83', '103');
INSERT INTO `users_communities` (`user_id`, `community_id`) VALUES ('84', '4');
INSERT INTO `users_communities` (`user_id`, `community_id`) VALUES ('84', '14');
INSERT INTO `users_communities` (`user_id`, `community_id`) VALUES ('84', '24');
INSERT INTO `users_communities` (`user_id`, `community_id`) VALUES ('84', '84');
INSERT INTO `users_communities` (`user_id`, `community_id`) VALUES ('84', '94');
INSERT INTO `users_communities` (`user_id`, `community_id`) VALUES ('84', '104');
INSERT INTO `users_communities` (`user_id`, `community_id`) VALUES ('85', '5');
INSERT INTO `users_communities` (`user_id`, `community_id`) VALUES ('85', '15');
INSERT INTO `users_communities` (`user_id`, `community_id`) VALUES ('85', '25');
INSERT INTO `users_communities` (`user_id`, `community_id`) VALUES ('85', '85');
INSERT INTO `users_communities` (`user_id`, `community_id`) VALUES ('85', '95');
INSERT INTO `users_communities` (`user_id`, `community_id`) VALUES ('85', '105');
INSERT INTO `users_communities` (`user_id`, `community_id`) VALUES ('86', '6');
INSERT INTO `users_communities` (`user_id`, `community_id`) VALUES ('86', '16');
INSERT INTO `users_communities` (`user_id`, `community_id`) VALUES ('86', '26');
INSERT INTO `users_communities` (`user_id`, `community_id`) VALUES ('86', '86');
INSERT INTO `users_communities` (`user_id`, `community_id`) VALUES ('86', '96');
INSERT INTO `users_communities` (`user_id`, `community_id`) VALUES ('86', '106');
INSERT INTO `users_communities` (`user_id`, `community_id`) VALUES ('87', '7');
INSERT INTO `users_communities` (`user_id`, `community_id`) VALUES ('87', '17');
INSERT INTO `users_communities` (`user_id`, `community_id`) VALUES ('87', '27');
INSERT INTO `users_communities` (`user_id`, `community_id`) VALUES ('87', '87');
INSERT INTO `users_communities` (`user_id`, `community_id`) VALUES ('87', '97');
INSERT INTO `users_communities` (`user_id`, `community_id`) VALUES ('87', '107');
INSERT INTO `users_communities` (`user_id`, `community_id`) VALUES ('88', '8');
INSERT INTO `users_communities` (`user_id`, `community_id`) VALUES ('88', '18');
INSERT INTO `users_communities` (`user_id`, `community_id`) VALUES ('88', '28');
INSERT INTO `users_communities` (`user_id`, `community_id`) VALUES ('88', '88');
INSERT INTO `users_communities` (`user_id`, `community_id`) VALUES ('88', '98');
INSERT INTO `users_communities` (`user_id`, `community_id`) VALUES ('88', '108');
INSERT INTO `users_communities` (`user_id`, `community_id`) VALUES ('89', '9');
INSERT INTO `users_communities` (`user_id`, `community_id`) VALUES ('89', '19');
INSERT INTO `users_communities` (`user_id`, `community_id`) VALUES ('89', '29');
INSERT INTO `users_communities` (`user_id`, `community_id`) VALUES ('89', '89');
INSERT INTO `users_communities` (`user_id`, `community_id`) VALUES ('89', '99');
INSERT INTO `users_communities` (`user_id`, `community_id`) VALUES ('89', '109');
INSERT INTO `users_communities` (`user_id`, `community_id`) VALUES ('90', '10');
INSERT INTO `users_communities` (`user_id`, `community_id`) VALUES ('90', '20');
INSERT INTO `users_communities` (`user_id`, `community_id`) VALUES ('90', '30');
INSERT INTO `users_communities` (`user_id`, `community_id`) VALUES ('90', '90');
INSERT INTO `users_communities` (`user_id`, `community_id`) VALUES ('90', '100');
INSERT INTO `users_communities` (`user_id`, `community_id`) VALUES ('90', '110');
INSERT INTO `users_communities` (`user_id`, `community_id`) VALUES ('91', '1');
INSERT INTO `users_communities` (`user_id`, `community_id`) VALUES ('91', '11');
INSERT INTO `users_communities` (`user_id`, `community_id`) VALUES ('91', '21');
INSERT INTO `users_communities` (`user_id`, `community_id`) VALUES ('91', '31');
INSERT INTO `users_communities` (`user_id`, `community_id`) VALUES ('91', '91');
INSERT INTO `users_communities` (`user_id`, `community_id`) VALUES ('91', '101');
INSERT INTO `users_communities` (`user_id`, `community_id`) VALUES ('92', '2');
INSERT INTO `users_communities` (`user_id`, `community_id`) VALUES ('92', '12');
INSERT INTO `users_communities` (`user_id`, `community_id`) VALUES ('92', '22');
INSERT INTO `users_communities` (`user_id`, `community_id`) VALUES ('92', '32');
INSERT INTO `users_communities` (`user_id`, `community_id`) VALUES ('92', '92');
INSERT INTO `users_communities` (`user_id`, `community_id`) VALUES ('92', '102');
INSERT INTO `users_communities` (`user_id`, `community_id`) VALUES ('93', '3');
INSERT INTO `users_communities` (`user_id`, `community_id`) VALUES ('93', '13');
INSERT INTO `users_communities` (`user_id`, `community_id`) VALUES ('93', '23');
INSERT INTO `users_communities` (`user_id`, `community_id`) VALUES ('93', '33');
INSERT INTO `users_communities` (`user_id`, `community_id`) VALUES ('93', '93');
INSERT INTO `users_communities` (`user_id`, `community_id`) VALUES ('93', '103');
INSERT INTO `users_communities` (`user_id`, `community_id`) VALUES ('94', '4');
INSERT INTO `users_communities` (`user_id`, `community_id`) VALUES ('94', '14');
INSERT INTO `users_communities` (`user_id`, `community_id`) VALUES ('94', '24');
INSERT INTO `users_communities` (`user_id`, `community_id`) VALUES ('94', '34');
INSERT INTO `users_communities` (`user_id`, `community_id`) VALUES ('94', '94');
INSERT INTO `users_communities` (`user_id`, `community_id`) VALUES ('94', '104');
INSERT INTO `users_communities` (`user_id`, `community_id`) VALUES ('95', '5');
INSERT INTO `users_communities` (`user_id`, `community_id`) VALUES ('95', '15');
INSERT INTO `users_communities` (`user_id`, `community_id`) VALUES ('95', '25');
INSERT INTO `users_communities` (`user_id`, `community_id`) VALUES ('95', '35');
INSERT INTO `users_communities` (`user_id`, `community_id`) VALUES ('95', '95');
INSERT INTO `users_communities` (`user_id`, `community_id`) VALUES ('95', '105');
INSERT INTO `users_communities` (`user_id`, `community_id`) VALUES ('96', '6');
INSERT INTO `users_communities` (`user_id`, `community_id`) VALUES ('96', '16');
INSERT INTO `users_communities` (`user_id`, `community_id`) VALUES ('96', '26');
INSERT INTO `users_communities` (`user_id`, `community_id`) VALUES ('96', '36');
INSERT INTO `users_communities` (`user_id`, `community_id`) VALUES ('96', '96');
INSERT INTO `users_communities` (`user_id`, `community_id`) VALUES ('96', '106');
INSERT INTO `users_communities` (`user_id`, `community_id`) VALUES ('97', '7');
INSERT INTO `users_communities` (`user_id`, `community_id`) VALUES ('97', '17');
INSERT INTO `users_communities` (`user_id`, `community_id`) VALUES ('97', '27');
INSERT INTO `users_communities` (`user_id`, `community_id`) VALUES ('97', '37');
INSERT INTO `users_communities` (`user_id`, `community_id`) VALUES ('97', '97');
INSERT INTO `users_communities` (`user_id`, `community_id`) VALUES ('97', '107');
INSERT INTO `users_communities` (`user_id`, `community_id`) VALUES ('98', '8');
INSERT INTO `users_communities` (`user_id`, `community_id`) VALUES ('98', '18');
INSERT INTO `users_communities` (`user_id`, `community_id`) VALUES ('98', '28');
INSERT INTO `users_communities` (`user_id`, `community_id`) VALUES ('98', '38');
INSERT INTO `users_communities` (`user_id`, `community_id`) VALUES ('98', '98');
INSERT INTO `users_communities` (`user_id`, `community_id`) VALUES ('98', '108');
INSERT INTO `users_communities` (`user_id`, `community_id`) VALUES ('99', '9');
INSERT INTO `users_communities` (`user_id`, `community_id`) VALUES ('99', '19');
INSERT INTO `users_communities` (`user_id`, `community_id`) VALUES ('99', '29');
INSERT INTO `users_communities` (`user_id`, `community_id`) VALUES ('99', '39');
INSERT INTO `users_communities` (`user_id`, `community_id`) VALUES ('99', '99');
INSERT INTO `users_communities` (`user_id`, `community_id`) VALUES ('99', '109');
INSERT INTO `users_communities` (`user_id`, `community_id`) VALUES ('100', '10');
INSERT INTO `users_communities` (`user_id`, `community_id`) VALUES ('100', '20');
INSERT INTO `users_communities` (`user_id`, `community_id`) VALUES ('100', '30');
INSERT INTO `users_communities` (`user_id`, `community_id`) VALUES ('100', '40');
INSERT INTO `users_communities` (`user_id`, `community_id`) VALUES ('100', '100');
INSERT INTO `users_communities` (`user_id`, `community_id`) VALUES ('100', '110');
INSERT INTO `users_communities` (`user_id`, `community_id`) VALUES ('101', '1');
INSERT INTO `users_communities` (`user_id`, `community_id`) VALUES ('101', '11');
INSERT INTO `users_communities` (`user_id`, `community_id`) VALUES ('101', '21');
INSERT INTO `users_communities` (`user_id`, `community_id`) VALUES ('101', '31');
INSERT INTO `users_communities` (`user_id`, `community_id`) VALUES ('101', '41');
INSERT INTO `users_communities` (`user_id`, `community_id`) VALUES ('101', '101');
INSERT INTO `users_communities` (`user_id`, `community_id`) VALUES ('102', '2');
INSERT INTO `users_communities` (`user_id`, `community_id`) VALUES ('102', '12');
INSERT INTO `users_communities` (`user_id`, `community_id`) VALUES ('102', '22');
INSERT INTO `users_communities` (`user_id`, `community_id`) VALUES ('102', '32');
INSERT INTO `users_communities` (`user_id`, `community_id`) VALUES ('102', '42');
INSERT INTO `users_communities` (`user_id`, `community_id`) VALUES ('102', '102');
INSERT INTO `users_communities` (`user_id`, `community_id`) VALUES ('103', '3');
INSERT INTO `users_communities` (`user_id`, `community_id`) VALUES ('103', '13');
INSERT INTO `users_communities` (`user_id`, `community_id`) VALUES ('103', '23');
INSERT INTO `users_communities` (`user_id`, `community_id`) VALUES ('103', '33');
INSERT INTO `users_communities` (`user_id`, `community_id`) VALUES ('103', '43');
INSERT INTO `users_communities` (`user_id`, `community_id`) VALUES ('103', '103');
INSERT INTO `users_communities` (`user_id`, `community_id`) VALUES ('104', '4');
INSERT INTO `users_communities` (`user_id`, `community_id`) VALUES ('104', '14');
INSERT INTO `users_communities` (`user_id`, `community_id`) VALUES ('104', '24');
INSERT INTO `users_communities` (`user_id`, `community_id`) VALUES ('104', '34');
INSERT INTO `users_communities` (`user_id`, `community_id`) VALUES ('104', '44');
INSERT INTO `users_communities` (`user_id`, `community_id`) VALUES ('104', '104');
INSERT INTO `users_communities` (`user_id`, `community_id`) VALUES ('105', '5');
INSERT INTO `users_communities` (`user_id`, `community_id`) VALUES ('105', '15');
INSERT INTO `users_communities` (`user_id`, `community_id`) VALUES ('105', '25');
INSERT INTO `users_communities` (`user_id`, `community_id`) VALUES ('105', '35');
INSERT INTO `users_communities` (`user_id`, `community_id`) VALUES ('105', '45');
INSERT INTO `users_communities` (`user_id`, `community_id`) VALUES ('105', '105');
INSERT INTO `users_communities` (`user_id`, `community_id`) VALUES ('106', '6');
INSERT INTO `users_communities` (`user_id`, `community_id`) VALUES ('106', '16');
INSERT INTO `users_communities` (`user_id`, `community_id`) VALUES ('106', '26');
INSERT INTO `users_communities` (`user_id`, `community_id`) VALUES ('106', '36');
INSERT INTO `users_communities` (`user_id`, `community_id`) VALUES ('106', '46');
INSERT INTO `users_communities` (`user_id`, `community_id`) VALUES ('106', '106');
INSERT INTO `users_communities` (`user_id`, `community_id`) VALUES ('107', '7');
INSERT INTO `users_communities` (`user_id`, `community_id`) VALUES ('107', '17');
INSERT INTO `users_communities` (`user_id`, `community_id`) VALUES ('107', '27');
INSERT INTO `users_communities` (`user_id`, `community_id`) VALUES ('107', '37');
INSERT INTO `users_communities` (`user_id`, `community_id`) VALUES ('107', '47');
INSERT INTO `users_communities` (`user_id`, `community_id`) VALUES ('107', '107');
INSERT INTO `users_communities` (`user_id`, `community_id`) VALUES ('108', '8');
INSERT INTO `users_communities` (`user_id`, `community_id`) VALUES ('108', '18');
INSERT INTO `users_communities` (`user_id`, `community_id`) VALUES ('108', '28');
INSERT INTO `users_communities` (`user_id`, `community_id`) VALUES ('108', '38');
INSERT INTO `users_communities` (`user_id`, `community_id`) VALUES ('108', '48');
INSERT INTO `users_communities` (`user_id`, `community_id`) VALUES ('108', '108');
INSERT INTO `users_communities` (`user_id`, `community_id`) VALUES ('109', '9');
INSERT INTO `users_communities` (`user_id`, `community_id`) VALUES ('109', '19');
INSERT INTO `users_communities` (`user_id`, `community_id`) VALUES ('109', '29');
INSERT INTO `users_communities` (`user_id`, `community_id`) VALUES ('109', '39');
INSERT INTO `users_communities` (`user_id`, `community_id`) VALUES ('109', '49');
INSERT INTO `users_communities` (`user_id`, `community_id`) VALUES ('109', '109');
INSERT INTO `users_communities` (`user_id`, `community_id`) VALUES ('110', '10');
INSERT INTO `users_communities` (`user_id`, `community_id`) VALUES ('110', '20');
INSERT INTO `users_communities` (`user_id`, `community_id`) VALUES ('110', '30');
INSERT INTO `users_communities` (`user_id`, `community_id`) VALUES ('110', '40');
INSERT INTO `users_communities` (`user_id`, `community_id`) VALUES ('110', '50');
INSERT INTO `users_communities` (`user_id`, `community_id`) VALUES ('110', '110');
INSERT INTO `users_communities` (`user_id`, `community_id`) VALUES ('111', '1');
INSERT INTO `users_communities` (`user_id`, `community_id`) VALUES ('111', '11');
INSERT INTO `users_communities` (`user_id`, `community_id`) VALUES ('111', '21');
INSERT INTO `users_communities` (`user_id`, `community_id`) VALUES ('111', '31');
INSERT INTO `users_communities` (`user_id`, `community_id`) VALUES ('111', '41');
INSERT INTO `users_communities` (`user_id`, `community_id`) VALUES ('111', '51');
INSERT INTO `users_communities` (`user_id`, `community_id`) VALUES ('112', '2');
INSERT INTO `users_communities` (`user_id`, `community_id`) VALUES ('112', '12');
INSERT INTO `users_communities` (`user_id`, `community_id`) VALUES ('112', '22');
INSERT INTO `users_communities` (`user_id`, `community_id`) VALUES ('112', '32');
INSERT INTO `users_communities` (`user_id`, `community_id`) VALUES ('112', '42');
INSERT INTO `users_communities` (`user_id`, `community_id`) VALUES ('112', '52');
INSERT INTO `users_communities` (`user_id`, `community_id`) VALUES ('113', '3');
INSERT INTO `users_communities` (`user_id`, `community_id`) VALUES ('113', '13');
INSERT INTO `users_communities` (`user_id`, `community_id`) VALUES ('113', '23');
INSERT INTO `users_communities` (`user_id`, `community_id`) VALUES ('113', '33');
INSERT INTO `users_communities` (`user_id`, `community_id`) VALUES ('113', '43');
INSERT INTO `users_communities` (`user_id`, `community_id`) VALUES ('113', '53');
INSERT INTO `users_communities` (`user_id`, `community_id`) VALUES ('114', '4');
INSERT INTO `users_communities` (`user_id`, `community_id`) VALUES ('114', '14');
INSERT INTO `users_communities` (`user_id`, `community_id`) VALUES ('114', '24');
INSERT INTO `users_communities` (`user_id`, `community_id`) VALUES ('114', '34');
INSERT INTO `users_communities` (`user_id`, `community_id`) VALUES ('114', '44');
INSERT INTO `users_communities` (`user_id`, `community_id`) VALUES ('114', '54');
INSERT INTO `users_communities` (`user_id`, `community_id`) VALUES ('115', '5');
INSERT INTO `users_communities` (`user_id`, `community_id`) VALUES ('115', '15');
INSERT INTO `users_communities` (`user_id`, `community_id`) VALUES ('115', '25');
INSERT INTO `users_communities` (`user_id`, `community_id`) VALUES ('115', '35');
INSERT INTO `users_communities` (`user_id`, `community_id`) VALUES ('115', '45');
INSERT INTO `users_communities` (`user_id`, `community_id`) VALUES ('115', '55');
INSERT INTO `users_communities` (`user_id`, `community_id`) VALUES ('116', '6');
INSERT INTO `users_communities` (`user_id`, `community_id`) VALUES ('116', '16');
INSERT INTO `users_communities` (`user_id`, `community_id`) VALUES ('116', '26');
INSERT INTO `users_communities` (`user_id`, `community_id`) VALUES ('116', '36');
INSERT INTO `users_communities` (`user_id`, `community_id`) VALUES ('116', '46');
INSERT INTO `users_communities` (`user_id`, `community_id`) VALUES ('116', '56');
INSERT INTO `users_communities` (`user_id`, `community_id`) VALUES ('117', '7');
INSERT INTO `users_communities` (`user_id`, `community_id`) VALUES ('117', '17');
INSERT INTO `users_communities` (`user_id`, `community_id`) VALUES ('117', '27');
INSERT INTO `users_communities` (`user_id`, `community_id`) VALUES ('117', '37');
INSERT INTO `users_communities` (`user_id`, `community_id`) VALUES ('117', '47');
INSERT INTO `users_communities` (`user_id`, `community_id`) VALUES ('117', '57');
INSERT INTO `users_communities` (`user_id`, `community_id`) VALUES ('118', '8');
INSERT INTO `users_communities` (`user_id`, `community_id`) VALUES ('118', '18');
INSERT INTO `users_communities` (`user_id`, `community_id`) VALUES ('118', '28');
INSERT INTO `users_communities` (`user_id`, `community_id`) VALUES ('118', '38');
INSERT INTO `users_communities` (`user_id`, `community_id`) VALUES ('118', '48');
INSERT INTO `users_communities` (`user_id`, `community_id`) VALUES ('118', '58');
INSERT INTO `users_communities` (`user_id`, `community_id`) VALUES ('119', '9');
INSERT INTO `users_communities` (`user_id`, `community_id`) VALUES ('119', '19');
INSERT INTO `users_communities` (`user_id`, `community_id`) VALUES ('119', '29');
INSERT INTO `users_communities` (`user_id`, `community_id`) VALUES ('119', '39');
INSERT INTO `users_communities` (`user_id`, `community_id`) VALUES ('119', '49');
INSERT INTO `users_communities` (`user_id`, `community_id`) VALUES ('119', '59');
INSERT INTO `users_communities` (`user_id`, `community_id`) VALUES ('120', '10');
INSERT INTO `users_communities` (`user_id`, `community_id`) VALUES ('120', '20');
INSERT INTO `users_communities` (`user_id`, `community_id`) VALUES ('120', '30');
INSERT INTO `users_communities` (`user_id`, `community_id`) VALUES ('120', '40');
INSERT INTO `users_communities` (`user_id`, `community_id`) VALUES ('120', '50');
INSERT INTO `users_communities` (`user_id`, `community_id`) VALUES ('120', '60');


